row_id,service,zone,weight_lbs,packaging,rate_usd,page,source_row,source_data,extraction_method
1,2day,2,100,FedEx Envelope,320.00,pdf_page_3,12,"['', '100', '320.00', '289.00', '283.00', '240.00', '191.00', '178.00']",pdfplumber
2,2day,2,100,FedEx Pak,289.00,pdf_page_3,12,"['', '100', '320.00', '289.00', '283.00', '240.00', '191.00', '178.00']",pdfplumber
3,2day,2,100,FedEx Box,283.00,pdf_page_3,12,"['', '100', '320.00', '289.00', '283.00', '240.00', '191.00', '178.00']",pdfplumber
4,2day,2,100,FedEx Tube,240.00,pdf_page_3,12,"['', '100', '320.00', '289.00', '283.00', '240.00', '191.00', '178.00']",pdfplumber
5,2day,2,100,Your Packaging,191.00,pdf_page_3,12,"['', '100', '320.00', '289.00', '283.00', '240.00', '191.00', '178.00']",pdfplumber
6,2day,3,100,FedEx Envelope,435.00,pdf_page_6,12,"['', '100', '435.00', '404.00', '396.00', '301.00', '239.00', '229.00']",pdfplumber
7,2day,3,100,FedEx Pak,404.00,pdf_page_6,12,"['', '100', '435.00', '404.00', '396.00', '301.00', '239.00', '229.00']",pdfplumber
8,2day,3,100,FedEx Box,396.00,pdf_page_6,12,"['', '100', '435.00', '404.00', '396.00', '301.00', '239.00', '229.00']",pdfplumber
9,2day,3,100,FedEx Tube,301.00,pdf_page_6,12,"['', '100', '435.00', '404.00', '396.00', '301.00', '239.00', '229.00']",pdfplumber
10,2day,3,100,Your Packaging,239.00,pdf_page_6,12,"['', '100', '435.00', '404.00', '396.00', '301.00', '239.00', '229.00']",pdfplumber
11,2day,4,100,FedEx Envelope,765.00,pdf_page_9,12,"['', '100', '765.00', '734.00', '719.00', '395.00', '308.00', '294.00']",pdfplumber
12,2day,4,100,FedEx Pak,734.00,pdf_page_9,12,"['', '100', '765.00', '734.00', '719.00', '395.00', '308.00', '294.00']",pdfplumber
13,2day,4,100,FedEx Box,719.00,pdf_page_9,12,"['', '100', '765.00', '734.00', '719.00', '395.00', '308.00', '294.00']",pdfplumber
14,2day,4,100,FedEx Tube,395.00,pdf_page_9,12,"['', '100', '765.00', '734.00', '719.00', '395.00', '308.00', '294.00']",pdfplumber
15,2day,4,100,Your Packaging,308.00,pdf_page_9,12,"['', '100', '765.00', '734.00', '719.00', '395.00', '308.00', '294.00']",pdfplumber
16,2day,5,100,FedEx Envelope,907.00,pdf_page_12,12,"['', '100', '907.00', '876.00', '858.00', '586.00', '458.00', '406.00']",pdfplumber
17,2day,5,100,FedEx Pak,876.00,pdf_page_12,12,"['', '100', '907.00', '876.00', '858.00', '586.00', '458.00', '406.00']",pdfplumber
18,2day,5,100,FedEx Box,858.00,pdf_page_12,12,"['', '100', '907.00', '876.00', '858.00', '586.00', '458.00', '406.00']",pdfplumber
19,2day,5,100,FedEx Tube,586.00,pdf_page_12,12,"['', '100', '907.00', '876.00', '858.00', '586.00', '458.00', '406.00']",pdfplumber
20,2day,5,100,Your Packaging,458.00,pdf_page_12,12,"['', '100', '907.00', '876.00', '858.00', '586.00', '458.00', '406.00']",pdfplumber
21,2day,6,100,FedEx Envelope,925.00,pdf_page_15,12,"['', '100', '925.00', '894.00', '876.00', '871.00', '727.00', '568.00']",pdfplumber
22,2day,6,100,FedEx Pak,894.00,pdf_page_15,12,"['', '100', '925.00', '894.00', '876.00', '871.00', '727.00', '568.00']",pdfplumber
23,2day,6,100,FedEx Box,876.00,pdf_page_15,12,"['', '100', '925.00', '894.00', '876.00', '871.00', '727.00', '568.00']",pdfplumber
24,2day,6,100,FedEx Tube,871.00,pdf_page_15,12,"['', '100', '925.00', '894.00', '876.00', '871.00', '727.00', '568.00']",pdfplumber
25,2day,6,100,Your Packaging,727.00,pdf_page_15,12,"['', '100', '925.00', '894.00', '876.00', '871.00', '727.00', '568.00']",pdfplumber
26,2day,2,100,FedEx Envelope,874.00,pdf_page_29,14,"['', '100', '874.00', '843.00', '698.00', '499.00', '388.00']",pdfplumber
27,2day,2,100,FedEx Pak,843.00,pdf_page_29,14,"['', '100', '874.00', '843.00', '698.00', '499.00', '388.00']",pdfplumber
28,2day,2,100,FedEx Box,698.00,pdf_page_29,14,"['', '100', '874.00', '843.00', '698.00', '499.00', '388.00']",pdfplumber
29,2day,2,100,FedEx Tube,499.00,pdf_page_29,14,"['', '100', '874.00', '843.00', '698.00', '499.00', '388.00']",pdfplumber
30,2day,2,100,Your Packaging,388.00,pdf_page_29,14,"['', '100', '874.00', '843.00', '698.00', '499.00', '388.00']",pdfplumber
31,ground,2,2,FedEx Envelope,12.08,pdf_page_106,4,"['', '2 lbs.', '12.08', '13.32', '14.53', '14.84', '15.49', '16.13', '16.40']",pdfplumber
32,ground,2,2,FedEx Pak,13.32,pdf_page_106,4,"['', '2 lbs.', '12.08', '13.32', '14.53', '14.84', '15.49', '16.13', '16.40']",pdfplumber
33,ground,2,2,FedEx Box,14.53,pdf_page_106,4,"['', '2 lbs.', '12.08', '13.32', '14.53', '14.84', '15.49', '16.13', '16.40']",pdfplumber
34,ground,2,2,FedEx Tube,14.84,pdf_page_106,4,"['', '2 lbs.', '12.08', '13.32', '14.53', '14.84', '15.49', '16.13', '16.40']",pdfplumber
35,ground,2,2,Your Packaging,15.49,pdf_page_106,4,"['', '2 lbs.', '12.08', '13.32', '14.53', '14.84', '15.49', '16.13', '16.40']",pdfplumber
36,home_delivery,2,2,FedEx Envelope,12.08,pdf_page_106,4,"['', '2 lbs.', '12.08', '13.32', '14.53', '14.84', '15.49', '16.13', '16.40']",pdfplumber
37,home_delivery,2,2,FedEx Pak,13.32,pdf_page_106,4,"['', '2 lbs.', '12.08', '13.32', '14.53', '14.84', '15.49', '16.13', '16.40']",pdfplumber
38,home_delivery,2,2,FedEx Box,14.53,pdf_page_106,4,"['', '2 lbs.', '12.08', '13.32', '14.53', '14.84', '15.49', '16.13', '16.40']",pdfplumber
39,home_delivery,2,2,FedEx Tube,14.84,pdf_page_106,4,"['', '2 lbs.', '12.08', '13.32', '14.53', '14.84', '15.49', '16.13', '16.40']",pdfplumber
40,home_delivery,2,2,Your Packaging,15.49,pdf_page_106,4,"['', '2 lbs.', '12.08', '13.32', '14.53', '14.84', '15.49', '16.13', '16.40']",pdfplumber
41,ground,2,3,FedEx Envelope,12.57,pdf_page_106,5,"['', '3', '12.57', '14.03', '15.16', '15.93', '16.58', '17.20', '18.05']",pdfplumber
42,ground,2,3,FedEx Pak,14.03,pdf_page_106,5,"['', '3', '12.57', '14.03', '15.16', '15.93', '16.58', '17.20', '18.05']",pdfplumber
43,ground,2,3,FedEx Box,15.16,pdf_page_106,5,"['', '3', '12.57', '14.03', '15.16', '15.93', '16.58', '17.20', '18.05']",pdfplumber
44,ground,2,3,FedEx Tube,15.93,pdf_page_106,5,"['', '3', '12.57', '14.03', '15.16', '15.93', '16.58', '17.20', '18.05']",pdfplumber
45,ground,2,3,Your Packaging,16.58,pdf_page_106,5,"['', '3', '12.57', '14.03', '15.16', '15.93', '16.58', '17.20', '18.05']",pdfplumber
46,home_delivery,2,3,FedEx Envelope,12.57,pdf_page_106,5,"['', '3', '12.57', '14.03', '15.16', '15.93', '16.58', '17.20', '18.05']",pdfplumber
47,home_delivery,2,3,FedEx Pak,14.03,pdf_page_106,5,"['', '3', '12.57', '14.03', '15.16', '15.93', '16.58', '17.20', '18.05']",pdfplumber
48,home_delivery,2,3,FedEx Box,15.16,pdf_page_106,5,"['', '3', '12.57', '14.03', '15.16', '15.93', '16.58', '17.20', '18.05']",pdfplumber
49,home_delivery,2,3,FedEx Tube,15.93,pdf_page_106,5,"['', '3', '12.57', '14.03', '15.16', '15.93', '16.58', '17.20', '18.05']",pdfplumber
50,home_delivery,2,3,Your Packaging,16.58,pdf_page_106,5,"['', '3', '12.57', '14.03', '15.16', '15.93', '16.58', '17.20', '18.05']",pdfplumber
51,ground,2,4,FedEx Envelope,12.94,pdf_page_106,6,"['', '4', '12.94', '14.11', '15.78', '16.81', '17.27', '18.47', '19.34']",pdfplumber
52,ground,2,4,FedEx Pak,14.11,pdf_page_106,6,"['', '4', '12.94', '14.11', '15.78', '16.81', '17.27', '18.47', '19.34']",pdfplumber
53,ground,2,4,FedEx Box,15.78,pdf_page_106,6,"['', '4', '12.94', '14.11', '15.78', '16.81', '17.27', '18.47', '19.34']",pdfplumber
54,ground,2,4,FedEx Tube,16.81,pdf_page_106,6,"['', '4', '12.94', '14.11', '15.78', '16.81', '17.27', '18.47', '19.34']",pdfplumber
55,ground,2,4,Your Packaging,17.27,pdf_page_106,6,"['', '4', '12.94', '14.11', '15.78', '16.81', '17.27', '18.47', '19.34']",pdfplumber
56,home_delivery,2,4,FedEx Envelope,12.94,pdf_page_106,6,"['', '4', '12.94', '14.11', '15.78', '16.81', '17.27', '18.47', '19.34']",pdfplumber
57,home_delivery,2,4,FedEx Pak,14.11,pdf_page_106,6,"['', '4', '12.94', '14.11', '15.78', '16.81', '17.27', '18.47', '19.34']",pdfplumber
58,home_delivery,2,4,FedEx Box,15.78,pdf_page_106,6,"['', '4', '12.94', '14.11', '15.78', '16.81', '17.27', '18.47', '19.34']",pdfplumber
59,home_delivery,2,4,FedEx Tube,16.81,pdf_page_106,6,"['', '4', '12.94', '14.11', '15.78', '16.81', '17.27', '18.47', '19.34']",pdfplumber
60,home_delivery,2,4,Your Packaging,17.27,pdf_page_106,6,"['', '4', '12.94', '14.11', '15.78', '16.81', '17.27', '18.47', '19.34']",pdfplumber
61,ground,2,5,FedEx Envelope,13.29,pdf_page_106,7,"['', '5', '13.29', '14.76', '16.17', '17.56', '18.26', '19.33', '20.48']",pdfplumber
62,ground,2,5,FedEx Pak,14.76,pdf_page_106,7,"['', '5', '13.29', '14.76', '16.17', '17.56', '18.26', '19.33', '20.48']",pdfplumber
63,ground,2,5,FedEx Box,16.17,pdf_page_106,7,"['', '5', '13.29', '14.76', '16.17', '17.56', '18.26', '19.33', '20.48']",pdfplumber
64,ground,2,5,FedEx Tube,17.56,pdf_page_106,7,"['', '5', '13.29', '14.76', '16.17', '17.56', '18.26', '19.33', '20.48']",pdfplumber
65,ground,2,5,Your Packaging,18.26,pdf_page_106,7,"['', '5', '13.29', '14.76', '16.17', '17.56', '18.26', '19.33', '20.48']",pdfplumber
66,home_delivery,2,5,FedEx Envelope,13.29,pdf_page_106,7,"['', '5', '13.29', '14.76', '16.17', '17.56', '18.26', '19.33', '20.48']",pdfplumber
67,home_delivery,2,5,FedEx Pak,14.76,pdf_page_106,7,"['', '5', '13.29', '14.76', '16.17', '17.56', '18.26', '19.33', '20.48']",pdfplumber
68,home_delivery,2,5,FedEx Box,16.17,pdf_page_106,7,"['', '5', '13.29', '14.76', '16.17', '17.56', '18.26', '19.33', '20.48']",pdfplumber
69,home_delivery,2,5,FedEx Tube,17.56,pdf_page_106,7,"['', '5', '13.29', '14.76', '16.17', '17.56', '18.26', '19.33', '20.48']",pdfplumber
70,home_delivery,2,5,Your Packaging,18.26,pdf_page_106,7,"['', '5', '13.29', '14.76', '16.17', '17.56', '18.26', '19.33', '20.48']",pdfplumber
71,ground,2,11,FedEx Envelope,15.92,pdf_page_106,9,"['', '11', '15.92', '16.56', '18.17', '19.71', '20.91', '24.66', '26.79']",pdfplumber
72,ground,2,11,FedEx Pak,16.56,pdf_page_106,9,"['', '11', '15.92', '16.56', '18.17', '19.71', '20.91', '24.66', '26.79']",pdfplumber
73,ground,2,11,FedEx Box,18.17,pdf_page_106,9,"['', '11', '15.92', '16.56', '18.17', '19.71', '20.91', '24.66', '26.79']",pdfplumber
74,ground,2,11,FedEx Tube,19.71,pdf_page_106,9,"['', '11', '15.92', '16.56', '18.17', '19.71', '20.91', '24.66', '26.79']",pdfplumber
75,ground,2,11,Your Packaging,20.91,pdf_page_106,9,"['', '11', '15.92', '16.56', '18.17', '19.71', '20.91', '24.66', '26.79']",pdfplumber
76,home_delivery,2,11,FedEx Envelope,15.92,pdf_page_106,9,"['', '11', '15.92', '16.56', '18.17', '19.71', '20.91', '24.66', '26.79']",pdfplumber
77,home_delivery,2,11,FedEx Pak,16.56,pdf_page_106,9,"['', '11', '15.92', '16.56', '18.17', '19.71', '20.91', '24.66', '26.79']",pdfplumber
78,home_delivery,2,11,FedEx Box,18.17,pdf_page_106,9,"['', '11', '15.92', '16.56', '18.17', '19.71', '20.91', '24.66', '26.79']",pdfplumber
79,home_delivery,2,11,FedEx Tube,19.71,pdf_page_106,9,"['', '11', '15.92', '16.56', '18.17', '19.71', '20.91', '24.66', '26.79']",pdfplumber
80,home_delivery,2,11,Your Packaging,20.91,pdf_page_106,9,"['', '11', '15.92', '16.56', '18.17', '19.71', '20.91', '24.66', '26.79']",pdfplumber
81,ground,2,12,FedEx Envelope,16.18,pdf_page_106,10,"['', '12', '16.18', '17.26', '18.35', '19.99', '21.64', '25.65', '28.04']",pdfplumber
82,ground,2,12,FedEx Pak,17.26,pdf_page_106,10,"['', '12', '16.18', '17.26', '18.35', '19.99', '21.64', '25.65', '28.04']",pdfplumber
83,ground,2,12,FedEx Box,18.35,pdf_page_106,10,"['', '12', '16.18', '17.26', '18.35', '19.99', '21.64', '25.65', '28.04']",pdfplumber
84,ground,2,12,FedEx Tube,19.99,pdf_page_106,10,"['', '12', '16.18', '17.26', '18.35', '19.99', '21.64', '25.65', '28.04']",pdfplumber
85,ground,2,12,Your Packaging,21.64,pdf_page_106,10,"['', '12', '16.18', '17.26', '18.35', '19.99', '21.64', '25.65', '28.04']",pdfplumber
86,home_delivery,2,12,FedEx Envelope,16.18,pdf_page_106,10,"['', '12', '16.18', '17.26', '18.35', '19.99', '21.64', '25.65', '28.04']",pdfplumber
87,home_delivery,2,12,FedEx Pak,17.26,pdf_page_106,10,"['', '12', '16.18', '17.26', '18.35', '19.99', '21.64', '25.65', '28.04']",pdfplumber
88,home_delivery,2,12,FedEx Box,18.35,pdf_page_106,10,"['', '12', '16.18', '17.26', '18.35', '19.99', '21.64', '25.65', '28.04']",pdfplumber
89,home_delivery,2,12,FedEx Tube,19.99,pdf_page_106,10,"['', '12', '16.18', '17.26', '18.35', '19.99', '21.64', '25.65', '28.04']",pdfplumber
90,home_delivery,2,12,Your Packaging,21.64,pdf_page_106,10,"['', '12', '16.18', '17.26', '18.35', '19.99', '21.64', '25.65', '28.04']",pdfplumber
91,ground,2,13,FedEx Envelope,16.19,pdf_page_106,11,"['', '13', '16.19', '17.34', '18.56', '20.37', '22.31', '27.22', '29.31']",pdfplumber
92,ground,2,13,FedEx Pak,17.34,pdf_page_106,11,"['', '13', '16.19', '17.34', '18.56', '20.37', '22.31', '27.22', '29.31']",pdfplumber
93,ground,2,13,FedEx Box,18.56,pdf_page_106,11,"['', '13', '16.19', '17.34', '18.56', '20.37', '22.31', '27.22', '29.31']",pdfplumber
94,ground,2,13,FedEx Tube,20.37,pdf_page_106,11,"['', '13', '16.19', '17.34', '18.56', '20.37', '22.31', '27.22', '29.31']",pdfplumber
95,ground,2,13,Your Packaging,22.31,pdf_page_106,11,"['', '13', '16.19', '17.34', '18.56', '20.37', '22.31', '27.22', '29.31']",pdfplumber
96,home_delivery,2,13,FedEx Envelope,16.19,pdf_page_106,11,"['', '13', '16.19', '17.34', '18.56', '20.37', '22.31', '27.22', '29.31']",pdfplumber
97,home_delivery,2,13,FedEx Pak,17.34,pdf_page_106,11,"['', '13', '16.19', '17.34', '18.56', '20.37', '22.31', '27.22', '29.31']",pdfplumber
98,home_delivery,2,13,FedEx Box,18.56,pdf_page_106,11,"['', '13', '16.19', '17.34', '18.56', '20.37', '22.31', '27.22', '29.31']",pdfplumber
99,home_delivery,2,13,FedEx Tube,20.37,pdf_page_106,11,"['', '13', '16.19', '17.34', '18.56', '20.37', '22.31', '27.22', '29.31']",pdfplumber
100,home_delivery,2,13,Your Packaging,22.31,pdf_page_106,11,"['', '13', '16.19', '17.34', '18.56', '20.37', '22.31', '27.22', '29.31']",pdfplumber
101,ground,2,14,FedEx Envelope,16.86,pdf_page_106,12,"['', '14', '16.86', '17.81', '18.75', '20.87', '23.62', '29.16', '31.87']",pdfplumber
102,ground,2,14,FedEx Pak,17.81,pdf_page_106,12,"['', '14', '16.86', '17.81', '18.75', '20.87', '23.62', '29.16', '31.87']",pdfplumber
103,ground,2,14,FedEx Box,18.75,pdf_page_106,12,"['', '14', '16.86', '17.81', '18.75', '20.87', '23.62', '29.16', '31.87']",pdfplumber
104,ground,2,14,FedEx Tube,20.87,pdf_page_106,12,"['', '14', '16.86', '17.81', '18.75', '20.87', '23.62', '29.16', '31.87']",pdfplumber
105,ground,2,14,Your Packaging,23.62,pdf_page_106,12,"['', '14', '16.86', '17.81', '18.75', '20.87', '23.62', '29.16', '31.87']",pdfplumber
106,home_delivery,2,14,FedEx Envelope,16.86,pdf_page_106,12,"['', '14', '16.86', '17.81', '18.75', '20.87', '23.62', '29.16', '31.87']",pdfplumber
107,home_delivery,2,14,FedEx Pak,17.81,pdf_page_106,12,"['', '14', '16.86', '17.81', '18.75', '20.87', '23.62', '29.16', '31.87']",pdfplumber
108,home_delivery,2,14,FedEx Box,18.75,pdf_page_106,12,"['', '14', '16.86', '17.81', '18.75', '20.87', '23.62', '29.16', '31.87']",pdfplumber
109,home_delivery,2,14,FedEx Tube,20.87,pdf_page_106,12,"['', '14', '16.86', '17.81', '18.75', '20.87', '23.62', '29.16', '31.87']",pdfplumber
110,home_delivery,2,14,Your Packaging,23.62,pdf_page_106,12,"['', '14', '16.86', '17.81', '18.75', '20.87', '23.62', '29.16', '31.87']",pdfplumber
111,ground,2,15,FedEx Envelope,16.87,pdf_page_106,13,"['', '15', '16.87', '18.20', '19.01', '21.61', '24.92', '30.07', '33.18']",pdfplumber
112,ground,2,15,FedEx Pak,18.20,pdf_page_106,13,"['', '15', '16.87', '18.20', '19.01', '21.61', '24.92', '30.07', '33.18']",pdfplumber
113,ground,2,15,FedEx Box,19.01,pdf_page_106,13,"['', '15', '16.87', '18.20', '19.01', '21.61', '24.92', '30.07', '33.18']",pdfplumber
114,ground,2,15,FedEx Tube,21.61,pdf_page_106,13,"['', '15', '16.87', '18.20', '19.01', '21.61', '24.92', '30.07', '33.18']",pdfplumber
115,ground,2,15,Your Packaging,24.92,pdf_page_106,13,"['', '15', '16.87', '18.20', '19.01', '21.61', '24.92', '30.07', '33.18']",pdfplumber
116,home_delivery,2,15,FedEx Envelope,16.87,pdf_page_106,13,"['', '15', '16.87', '18.20', '19.01', '21.61', '24.92', '30.07', '33.18']",pdfplumber
117,home_delivery,2,15,FedEx Pak,18.20,pdf_page_106,13,"['', '15', '16.87', '18.20', '19.01', '21.61', '24.92', '30.07', '33.18']",pdfplumber
118,home_delivery,2,15,FedEx Box,19.01,pdf_page_106,13,"['', '15', '16.87', '18.20', '19.01', '21.61', '24.92', '30.07', '33.18']",pdfplumber
119,home_delivery,2,15,FedEx Tube,21.61,pdf_page_106,13,"['', '15', '16.87', '18.20', '19.01', '21.61', '24.92', '30.07', '33.18']",pdfplumber
120,home_delivery,2,15,Your Packaging,24.92,pdf_page_106,13,"['', '15', '16.87', '18.20', '19.01', '21.61', '24.92', '30.07', '33.18']",pdfplumber
121,ground,2,21,FedEx Envelope,18.88,pdf_page_106,15,"['', '21', '18.88', '21.28', '22.08', '26.09', '30.98', '37.64', '42.04']",pdfplumber
122,ground,2,21,FedEx Pak,21.28,pdf_page_106,15,"['', '21', '18.88', '21.28', '22.08', '26.09', '30.98', '37.64', '42.04']",pdfplumber
123,ground,2,21,FedEx Box,22.08,pdf_page_106,15,"['', '21', '18.88', '21.28', '22.08', '26.09', '30.98', '37.64', '42.04']",pdfplumber
124,ground,2,21,FedEx Tube,26.09,pdf_page_106,15,"['', '21', '18.88', '21.28', '22.08', '26.09', '30.98', '37.64', '42.04']",pdfplumber
125,ground,2,21,Your Packaging,30.98,pdf_page_106,15,"['', '21', '18.88', '21.28', '22.08', '26.09', '30.98', '37.64', '42.04']",pdfplumber
126,home_delivery,2,21,FedEx Envelope,18.88,pdf_page_106,15,"['', '21', '18.88', '21.28', '22.08', '26.09', '30.98', '37.64', '42.04']",pdfplumber
127,home_delivery,2,21,FedEx Pak,21.28,pdf_page_106,15,"['', '21', '18.88', '21.28', '22.08', '26.09', '30.98', '37.64', '42.04']",pdfplumber
128,home_delivery,2,21,FedEx Box,22.08,pdf_page_106,15,"['', '21', '18.88', '21.28', '22.08', '26.09', '30.98', '37.64', '42.04']",pdfplumber
129,home_delivery,2,21,FedEx Tube,26.09,pdf_page_106,15,"['', '21', '18.88', '21.28', '22.08', '26.09', '30.98', '37.64', '42.04']",pdfplumber
130,home_delivery,2,21,Your Packaging,30.98,pdf_page_106,15,"['', '21', '18.88', '21.28', '22.08', '26.09', '30.98', '37.64', '42.04']",pdfplumber
131,ground,2,22,FedEx Envelope,18.93,pdf_page_106,16,"['', '22', '18.93', '21.49', '22.67', '26.81', '32.24', '39.03', '43.89']",pdfplumber
132,ground,2,22,FedEx Pak,21.49,pdf_page_106,16,"['', '22', '18.93', '21.49', '22.67', '26.81', '32.24', '39.03', '43.89']",pdfplumber
133,ground,2,22,FedEx Box,22.67,pdf_page_106,16,"['', '22', '18.93', '21.49', '22.67', '26.81', '32.24', '39.03', '43.89']",pdfplumber
134,ground,2,22,FedEx Tube,26.81,pdf_page_106,16,"['', '22', '18.93', '21.49', '22.67', '26.81', '32.24', '39.03', '43.89']",pdfplumber
135,ground,2,22,Your Packaging,32.24,pdf_page_106,16,"['', '22', '18.93', '21.49', '22.67', '26.81', '32.24', '39.03', '43.89']",pdfplumber
136,home_delivery,2,22,FedEx Envelope,18.93,pdf_page_106,16,"['', '22', '18.93', '21.49', '22.67', '26.81', '32.24', '39.03', '43.89']",pdfplumber
137,home_delivery,2,22,FedEx Pak,21.49,pdf_page_106,16,"['', '22', '18.93', '21.49', '22.67', '26.81', '32.24', '39.03', '43.89']",pdfplumber
138,home_delivery,2,22,FedEx Box,22.67,pdf_page_106,16,"['', '22', '18.93', '21.49', '22.67', '26.81', '32.24', '39.03', '43.89']",pdfplumber
139,home_delivery,2,22,FedEx Tube,26.81,pdf_page_106,16,"['', '22', '18.93', '21.49', '22.67', '26.81', '32.24', '39.03', '43.89']",pdfplumber
140,home_delivery,2,22,Your Packaging,32.24,pdf_page_106,16,"['', '22', '18.93', '21.49', '22.67', '26.81', '32.24', '39.03', '43.89']",pdfplumber
141,ground,2,23,FedEx Envelope,19.00,pdf_page_106,17,"['', '23', '19.00', '21.91', '23.17', '27.31', '33.46', '39.97', '45.62']",pdfplumber
142,ground,2,23,FedEx Pak,21.91,pdf_page_106,17,"['', '23', '19.00', '21.91', '23.17', '27.31', '33.46', '39.97', '45.62']",pdfplumber
143,ground,2,23,FedEx Box,23.17,pdf_page_106,17,"['', '23', '19.00', '21.91', '23.17', '27.31', '33.46', '39.97', '45.62']",pdfplumber
144,ground,2,23,FedEx Tube,27.31,pdf_page_106,17,"['', '23', '19.00', '21.91', '23.17', '27.31', '33.46', '39.97', '45.62']",pdfplumber
145,ground,2,23,Your Packaging,33.46,pdf_page_106,17,"['', '23', '19.00', '21.91', '23.17', '27.31', '33.46', '39.97', '45.62']",pdfplumber
146,home_delivery,2,23,FedEx Envelope,19.00,pdf_page_106,17,"['', '23', '19.00', '21.91', '23.17', '27.31', '33.46', '39.97', '45.62']",pdfplumber
147,home_delivery,2,23,FedEx Pak,21.91,pdf_page_106,17,"['', '23', '19.00', '21.91', '23.17', '27.31', '33.46', '39.97', '45.62']",pdfplumber
148,home_delivery,2,23,FedEx Box,23.17,pdf_page_106,17,"['', '23', '19.00', '21.91', '23.17', '27.31', '33.46', '39.97', '45.62']",pdfplumber
149,home_delivery,2,23,FedEx Tube,27.31,pdf_page_106,17,"['', '23', '19.00', '21.91', '23.17', '27.31', '33.46', '39.97', '45.62']",pdfplumber
150,home_delivery,2,23,Your Packaging,33.46,pdf_page_106,17,"['', '23', '19.00', '21.91', '23.17', '27.31', '33.46', '39.97', '45.62']",pdfplumber
151,ground,2,24,FedEx Envelope,19.52,pdf_page_106,18,"['', '24', '19.52', '22.79', '24.37', '28.77', '35.05', '41.31', '48.24']",pdfplumber
152,ground,2,24,FedEx Pak,22.79,pdf_page_106,18,"['', '24', '19.52', '22.79', '24.37', '28.77', '35.05', '41.31', '48.24']",pdfplumber
153,ground,2,24,FedEx Box,24.37,pdf_page_106,18,"['', '24', '19.52', '22.79', '24.37', '28.77', '35.05', '41.31', '48.24']",pdfplumber
154,ground,2,24,FedEx Tube,28.77,pdf_page_106,18,"['', '24', '19.52', '22.79', '24.37', '28.77', '35.05', '41.31', '48.24']",pdfplumber
155,ground,2,24,Your Packaging,35.05,pdf_page_106,18,"['', '24', '19.52', '22.79', '24.37', '28.77', '35.05', '41.31', '48.24']",pdfplumber
156,home_delivery,2,24,FedEx Envelope,19.52,pdf_page_106,18,"['', '24', '19.52', '22.79', '24.37', '28.77', '35.05', '41.31', '48.24']",pdfplumber
157,home_delivery,2,24,FedEx Pak,22.79,pdf_page_106,18,"['', '24', '19.52', '22.79', '24.37', '28.77', '35.05', '41.31', '48.24']",pdfplumber
158,home_delivery,2,24,FedEx Box,24.37,pdf_page_106,18,"['', '24', '19.52', '22.79', '24.37', '28.77', '35.05', '41.31', '48.24']",pdfplumber
159,home_delivery,2,24,FedEx Tube,28.77,pdf_page_106,18,"['', '24', '19.52', '22.79', '24.37', '28.77', '35.05', '41.31', '48.24']",pdfplumber
160,home_delivery,2,24,Your Packaging,35.05,pdf_page_106,18,"['', '24', '19.52', '22.79', '24.37', '28.77', '35.05', '41.31', '48.24']",pdfplumber
161,ground,2,25,FedEx Envelope,19.59,pdf_page_106,19,"['', '25', '19.59', '22.88', '24.48', '29.32', '36.07', '43.59', '49.72']",pdfplumber
162,ground,2,25,FedEx Pak,22.88,pdf_page_106,19,"['', '25', '19.59', '22.88', '24.48', '29.32', '36.07', '43.59', '49.72']",pdfplumber
163,ground,2,25,FedEx Box,24.48,pdf_page_106,19,"['', '25', '19.59', '22.88', '24.48', '29.32', '36.07', '43.59', '49.72']",pdfplumber
164,ground,2,25,FedEx Tube,29.32,pdf_page_106,19,"['', '25', '19.59', '22.88', '24.48', '29.32', '36.07', '43.59', '49.72']",pdfplumber
165,ground,2,25,Your Packaging,36.07,pdf_page_106,19,"['', '25', '19.59', '22.88', '24.48', '29.32', '36.07', '43.59', '49.72']",pdfplumber
166,home_delivery,2,25,FedEx Envelope,19.59,pdf_page_106,19,"['', '25', '19.59', '22.88', '24.48', '29.32', '36.07', '43.59', '49.72']",pdfplumber
167,home_delivery,2,25,FedEx Pak,22.88,pdf_page_106,19,"['', '25', '19.59', '22.88', '24.48', '29.32', '36.07', '43.59', '49.72']",pdfplumber
168,home_delivery,2,25,FedEx Box,24.48,pdf_page_106,19,"['', '25', '19.59', '22.88', '24.48', '29.32', '36.07', '43.59', '49.72']",pdfplumber
169,home_delivery,2,25,FedEx Tube,29.32,pdf_page_106,19,"['', '25', '19.59', '22.88', '24.48', '29.32', '36.07', '43.59', '49.72']",pdfplumber
170,home_delivery,2,25,Your Packaging,36.07,pdf_page_106,19,"['', '25', '19.59', '22.88', '24.48', '29.32', '36.07', '43.59', '49.72']",pdfplumber
171,ground,2,31,FedEx Envelope,22.80,pdf_page_106,21,"['', '31', '22.80', '26.46', '29.09', '34.59', '43.87', '51.47', '60.32']",pdfplumber
172,ground,2,31,FedEx Pak,26.46,pdf_page_106,21,"['', '31', '22.80', '26.46', '29.09', '34.59', '43.87', '51.47', '60.32']",pdfplumber
173,ground,2,31,FedEx Box,29.09,pdf_page_106,21,"['', '31', '22.80', '26.46', '29.09', '34.59', '43.87', '51.47', '60.32']",pdfplumber
174,ground,2,31,FedEx Tube,34.59,pdf_page_106,21,"['', '31', '22.80', '26.46', '29.09', '34.59', '43.87', '51.47', '60.32']",pdfplumber
175,ground,2,31,Your Packaging,43.87,pdf_page_106,21,"['', '31', '22.80', '26.46', '29.09', '34.59', '43.87', '51.47', '60.32']",pdfplumber
176,home_delivery,2,31,FedEx Envelope,22.80,pdf_page_106,21,"['', '31', '22.80', '26.46', '29.09', '34.59', '43.87', '51.47', '60.32']",pdfplumber
177,home_delivery,2,31,FedEx Pak,26.46,pdf_page_106,21,"['', '31', '22.80', '26.46', '29.09', '34.59', '43.87', '51.47', '60.32']",pdfplumber
178,home_delivery,2,31,FedEx Box,29.09,pdf_page_106,21,"['', '31', '22.80', '26.46', '29.09', '34.59', '43.87', '51.47', '60.32']",pdfplumber
179,home_delivery,2,31,FedEx Tube,34.59,pdf_page_106,21,"['', '31', '22.80', '26.46', '29.09', '34.59', '43.87', '51.47', '60.32']",pdfplumber
180,home_delivery,2,31,Your Packaging,43.87,pdf_page_106,21,"['', '31', '22.80', '26.46', '29.09', '34.59', '43.87', '51.47', '60.32']",pdfplumber
181,ground,2,32,FedEx Envelope,22.81,pdf_page_106,22,"['', '32', '22.81', '26.47', '29.10', '34.60', '43.88', '51.48', '60.98']",pdfplumber
182,ground,2,32,FedEx Pak,26.47,pdf_page_106,22,"['', '32', '22.81', '26.47', '29.10', '34.60', '43.88', '51.48', '60.98']",pdfplumber
183,ground,2,32,FedEx Box,29.10,pdf_page_106,22,"['', '32', '22.81', '26.47', '29.10', '34.60', '43.88', '51.48', '60.98']",pdfplumber
184,ground,2,32,FedEx Tube,34.60,pdf_page_106,22,"['', '32', '22.81', '26.47', '29.10', '34.60', '43.88', '51.48', '60.98']",pdfplumber
185,ground,2,32,Your Packaging,43.88,pdf_page_106,22,"['', '32', '22.81', '26.47', '29.10', '34.60', '43.88', '51.48', '60.98']",pdfplumber
186,home_delivery,2,32,FedEx Envelope,22.81,pdf_page_106,22,"['', '32', '22.81', '26.47', '29.10', '34.60', '43.88', '51.48', '60.98']",pdfplumber
187,home_delivery,2,32,FedEx Pak,26.47,pdf_page_106,22,"['', '32', '22.81', '26.47', '29.10', '34.60', '43.88', '51.48', '60.98']",pdfplumber
188,home_delivery,2,32,FedEx Box,29.10,pdf_page_106,22,"['', '32', '22.81', '26.47', '29.10', '34.60', '43.88', '51.48', '60.98']",pdfplumber
189,home_delivery,2,32,FedEx Tube,34.60,pdf_page_106,22,"['', '32', '22.81', '26.47', '29.10', '34.60', '43.88', '51.48', '60.98']",pdfplumber
190,home_delivery,2,32,Your Packaging,43.88,pdf_page_106,22,"['', '32', '22.81', '26.47', '29.10', '34.60', '43.88', '51.48', '60.98']",pdfplumber
191,ground,2,33,FedEx Envelope,22.94,pdf_page_106,23,"['', '33', '22.94', '26.86', '30.41', '36.22', '46.64', '53.18', '62.63']",pdfplumber
192,ground,2,33,FedEx Pak,26.86,pdf_page_106,23,"['', '33', '22.94', '26.86', '30.41', '36.22', '46.64', '53.18', '62.63']",pdfplumber
193,ground,2,33,FedEx Box,30.41,pdf_page_106,23,"['', '33', '22.94', '26.86', '30.41', '36.22', '46.64', '53.18', '62.63']",pdfplumber
194,ground,2,33,FedEx Tube,36.22,pdf_page_106,23,"['', '33', '22.94', '26.86', '30.41', '36.22', '46.64', '53.18', '62.63']",pdfplumber
195,ground,2,33,Your Packaging,46.64,pdf_page_106,23,"['', '33', '22.94', '26.86', '30.41', '36.22', '46.64', '53.18', '62.63']",pdfplumber
196,home_delivery,2,33,FedEx Envelope,22.94,pdf_page_106,23,"['', '33', '22.94', '26.86', '30.41', '36.22', '46.64', '53.18', '62.63']",pdfplumber
197,home_delivery,2,33,FedEx Pak,26.86,pdf_page_106,23,"['', '33', '22.94', '26.86', '30.41', '36.22', '46.64', '53.18', '62.63']",pdfplumber
198,home_delivery,2,33,FedEx Box,30.41,pdf_page_106,23,"['', '33', '22.94', '26.86', '30.41', '36.22', '46.64', '53.18', '62.63']",pdfplumber
199,home_delivery,2,33,FedEx Tube,36.22,pdf_page_106,23,"['', '33', '22.94', '26.86', '30.41', '36.22', '46.64', '53.18', '62.63']",pdfplumber
200,home_delivery,2,33,Your Packaging,46.64,pdf_page_106,23,"['', '33', '22.94', '26.86', '30.41', '36.22', '46.64', '53.18', '62.63']",pdfplumber
201,ground,2,34,FedEx Envelope,23.08,pdf_page_106,24,"['', '34', '23.08', '27.46', '31.37', '37.49', '46.65', '54.77', '65.63']",pdfplumber
202,ground,2,34,FedEx Pak,27.46,pdf_page_106,24,"['', '34', '23.08', '27.46', '31.37', '37.49', '46.65', '54.77', '65.63']",pdfplumber
203,ground,2,34,FedEx Box,31.37,pdf_page_106,24,"['', '34', '23.08', '27.46', '31.37', '37.49', '46.65', '54.77', '65.63']",pdfplumber
204,ground,2,34,FedEx Tube,37.49,pdf_page_106,24,"['', '34', '23.08', '27.46', '31.37', '37.49', '46.65', '54.77', '65.63']",pdfplumber
205,ground,2,34,Your Packaging,46.65,pdf_page_106,24,"['', '34', '23.08', '27.46', '31.37', '37.49', '46.65', '54.77', '65.63']",pdfplumber
206,home_delivery,2,34,FedEx Envelope,23.08,pdf_page_106,24,"['', '34', '23.08', '27.46', '31.37', '37.49', '46.65', '54.77', '65.63']",pdfplumber
207,home_delivery,2,34,FedEx Pak,27.46,pdf_page_106,24,"['', '34', '23.08', '27.46', '31.37', '37.49', '46.65', '54.77', '65.63']",pdfplumber
208,home_delivery,2,34,FedEx Box,31.37,pdf_page_106,24,"['', '34', '23.08', '27.46', '31.37', '37.49', '46.65', '54.77', '65.63']",pdfplumber
209,home_delivery,2,34,FedEx Tube,37.49,pdf_page_106,24,"['', '34', '23.08', '27.46', '31.37', '37.49', '46.65', '54.77', '65.63']",pdfplumber
210,home_delivery,2,34,Your Packaging,46.65,pdf_page_106,24,"['', '34', '23.08', '27.46', '31.37', '37.49', '46.65', '54.77', '65.63']",pdfplumber
211,ground,2,35,FedEx Envelope,23.51,pdf_page_106,25,"['', '35', '23.51', '28.92', '32.41', '38.39', '47.45', '56.18', '66.10']",pdfplumber
212,ground,2,35,FedEx Pak,28.92,pdf_page_106,25,"['', '35', '23.51', '28.92', '32.41', '38.39', '47.45', '56.18', '66.10']",pdfplumber
213,ground,2,35,FedEx Box,32.41,pdf_page_106,25,"['', '35', '23.51', '28.92', '32.41', '38.39', '47.45', '56.18', '66.10']",pdfplumber
214,ground,2,35,FedEx Tube,38.39,pdf_page_106,25,"['', '35', '23.51', '28.92', '32.41', '38.39', '47.45', '56.18', '66.10']",pdfplumber
215,ground,2,35,Your Packaging,47.45,pdf_page_106,25,"['', '35', '23.51', '28.92', '32.41', '38.39', '47.45', '56.18', '66.10']",pdfplumber
216,home_delivery,2,35,FedEx Envelope,23.51,pdf_page_106,25,"['', '35', '23.51', '28.92', '32.41', '38.39', '47.45', '56.18', '66.10']",pdfplumber
217,home_delivery,2,35,FedEx Pak,28.92,pdf_page_106,25,"['', '35', '23.51', '28.92', '32.41', '38.39', '47.45', '56.18', '66.10']",pdfplumber
218,home_delivery,2,35,FedEx Box,32.41,pdf_page_106,25,"['', '35', '23.51', '28.92', '32.41', '38.39', '47.45', '56.18', '66.10']",pdfplumber
219,home_delivery,2,35,FedEx Tube,38.39,pdf_page_106,25,"['', '35', '23.51', '28.92', '32.41', '38.39', '47.45', '56.18', '66.10']",pdfplumber
220,home_delivery,2,35,Your Packaging,47.45,pdf_page_106,25,"['', '35', '23.51', '28.92', '32.41', '38.39', '47.45', '56.18', '66.10']",pdfplumber
221,ground,2,41,FedEx Envelope,26.01,pdf_page_106,27,"['', '41', '26.01', '32.38', '36.56', '43.97', '55.37', '64.51', '74.85']",pdfplumber
222,ground,2,41,FedEx Pak,32.38,pdf_page_106,27,"['', '41', '26.01', '32.38', '36.56', '43.97', '55.37', '64.51', '74.85']",pdfplumber
223,ground,2,41,FedEx Box,36.56,pdf_page_106,27,"['', '41', '26.01', '32.38', '36.56', '43.97', '55.37', '64.51', '74.85']",pdfplumber
224,ground,2,41,FedEx Tube,43.97,pdf_page_106,27,"['', '41', '26.01', '32.38', '36.56', '43.97', '55.37', '64.51', '74.85']",pdfplumber
225,ground,2,41,Your Packaging,55.37,pdf_page_106,27,"['', '41', '26.01', '32.38', '36.56', '43.97', '55.37', '64.51', '74.85']",pdfplumber
226,home_delivery,2,41,FedEx Envelope,26.01,pdf_page_106,27,"['', '41', '26.01', '32.38', '36.56', '43.97', '55.37', '64.51', '74.85']",pdfplumber
227,home_delivery,2,41,FedEx Pak,32.38,pdf_page_106,27,"['', '41', '26.01', '32.38', '36.56', '43.97', '55.37', '64.51', '74.85']",pdfplumber
228,home_delivery,2,41,FedEx Box,36.56,pdf_page_106,27,"['', '41', '26.01', '32.38', '36.56', '43.97', '55.37', '64.51', '74.85']",pdfplumber
229,home_delivery,2,41,FedEx Tube,43.97,pdf_page_106,27,"['', '41', '26.01', '32.38', '36.56', '43.97', '55.37', '64.51', '74.85']",pdfplumber
230,home_delivery,2,41,Your Packaging,55.37,pdf_page_106,27,"['', '41', '26.01', '32.38', '36.56', '43.97', '55.37', '64.51', '74.85']",pdfplumber
231,ground,2,42,FedEx Envelope,26.02,pdf_page_106,28,"['', '42', '26.02', '32.50', '37.98', '44.11', '55.62', '65.61', '75.23']",pdfplumber
232,ground,2,42,FedEx Pak,32.50,pdf_page_106,28,"['', '42', '26.02', '32.50', '37.98', '44.11', '55.62', '65.61', '75.23']",pdfplumber
233,ground,2,42,FedEx Box,37.98,pdf_page_106,28,"['', '42', '26.02', '32.50', '37.98', '44.11', '55.62', '65.61', '75.23']",pdfplumber
234,ground,2,42,FedEx Tube,44.11,pdf_page_106,28,"['', '42', '26.02', '32.50', '37.98', '44.11', '55.62', '65.61', '75.23']",pdfplumber
235,ground,2,42,Your Packaging,55.62,pdf_page_106,28,"['', '42', '26.02', '32.50', '37.98', '44.11', '55.62', '65.61', '75.23']",pdfplumber
236,home_delivery,2,42,FedEx Envelope,26.02,pdf_page_106,28,"['', '42', '26.02', '32.50', '37.98', '44.11', '55.62', '65.61', '75.23']",pdfplumber
237,home_delivery,2,42,FedEx Pak,32.50,pdf_page_106,28,"['', '42', '26.02', '32.50', '37.98', '44.11', '55.62', '65.61', '75.23']",pdfplumber
238,home_delivery,2,42,FedEx Box,37.98,pdf_page_106,28,"['', '42', '26.02', '32.50', '37.98', '44.11', '55.62', '65.61', '75.23']",pdfplumber
239,home_delivery,2,42,FedEx Tube,44.11,pdf_page_106,28,"['', '42', '26.02', '32.50', '37.98', '44.11', '55.62', '65.61', '75.23']",pdfplumber
240,home_delivery,2,42,Your Packaging,55.62,pdf_page_106,28,"['', '42', '26.02', '32.50', '37.98', '44.11', '55.62', '65.61', '75.23']",pdfplumber
241,ground,2,43,FedEx Envelope,26.52,pdf_page_106,29,"['', '43', '26.52', '32.96', '38.04', '46.36', '58.64', '67.99', '77.28']",pdfplumber
242,ground,2,43,FedEx Pak,32.96,pdf_page_106,29,"['', '43', '26.52', '32.96', '38.04', '46.36', '58.64', '67.99', '77.28']",pdfplumber
243,ground,2,43,FedEx Box,38.04,pdf_page_106,29,"['', '43', '26.52', '32.96', '38.04', '46.36', '58.64', '67.99', '77.28']",pdfplumber
244,ground,2,43,FedEx Tube,46.36,pdf_page_106,29,"['', '43', '26.52', '32.96', '38.04', '46.36', '58.64', '67.99', '77.28']",pdfplumber
245,ground,2,43,Your Packaging,58.64,pdf_page_106,29,"['', '43', '26.52', '32.96', '38.04', '46.36', '58.64', '67.99', '77.28']",pdfplumber
246,home_delivery,2,43,FedEx Envelope,26.52,pdf_page_106,29,"['', '43', '26.52', '32.96', '38.04', '46.36', '58.64', '67.99', '77.28']",pdfplumber
247,home_delivery,2,43,FedEx Pak,32.96,pdf_page_106,29,"['', '43', '26.52', '32.96', '38.04', '46.36', '58.64', '67.99', '77.28']",pdfplumber
248,home_delivery,2,43,FedEx Box,38.04,pdf_page_106,29,"['', '43', '26.52', '32.96', '38.04', '46.36', '58.64', '67.99', '77.28']",pdfplumber
249,home_delivery,2,43,FedEx Tube,46.36,pdf_page_106,29,"['', '43', '26.52', '32.96', '38.04', '46.36', '58.64', '67.99', '77.28']",pdfplumber
250,home_delivery,2,43,Your Packaging,58.64,pdf_page_106,29,"['', '43', '26.52', '32.96', '38.04', '46.36', '58.64', '67.99', '77.28']",pdfplumber
251,ground,2,44,FedEx Envelope,26.88,pdf_page_106,30,"['', '44', '26.88', '33.46', '39.02', '47.19', '58.98', '70.10', '78.08']",pdfplumber
252,ground,2,44,FedEx Pak,33.46,pdf_page_106,30,"['', '44', '26.88', '33.46', '39.02', '47.19', '58.98', '70.10', '78.08']",pdfplumber
253,ground,2,44,FedEx Box,39.02,pdf_page_106,30,"['', '44', '26.88', '33.46', '39.02', '47.19', '58.98', '70.10', '78.08']",pdfplumber
254,ground,2,44,FedEx Tube,47.19,pdf_page_106,30,"['', '44', '26.88', '33.46', '39.02', '47.19', '58.98', '70.10', '78.08']",pdfplumber
255,ground,2,44,Your Packaging,58.98,pdf_page_106,30,"['', '44', '26.88', '33.46', '39.02', '47.19', '58.98', '70.10', '78.08']",pdfplumber
256,home_delivery,2,44,FedEx Envelope,26.88,pdf_page_106,30,"['', '44', '26.88', '33.46', '39.02', '47.19', '58.98', '70.10', '78.08']",pdfplumber
257,home_delivery,2,44,FedEx Pak,33.46,pdf_page_106,30,"['', '44', '26.88', '33.46', '39.02', '47.19', '58.98', '70.10', '78.08']",pdfplumber
258,home_delivery,2,44,FedEx Box,39.02,pdf_page_106,30,"['', '44', '26.88', '33.46', '39.02', '47.19', '58.98', '70.10', '78.08']",pdfplumber
259,home_delivery,2,44,FedEx Tube,47.19,pdf_page_106,30,"['', '44', '26.88', '33.46', '39.02', '47.19', '58.98', '70.10', '78.08']",pdfplumber
260,home_delivery,2,44,Your Packaging,58.98,pdf_page_106,30,"['', '44', '26.88', '33.46', '39.02', '47.19', '58.98', '70.10', '78.08']",pdfplumber
261,ground,2,45,FedEx Envelope,26.93,pdf_page_106,31,"['', '45', '26.93', '33.47', '39.03', '47.20', '59.00', '71.47', '78.63']",pdfplumber
262,ground,2,45,FedEx Pak,33.47,pdf_page_106,31,"['', '45', '26.93', '33.47', '39.03', '47.20', '59.00', '71.47', '78.63']",pdfplumber
263,ground,2,45,FedEx Box,39.03,pdf_page_106,31,"['', '45', '26.93', '33.47', '39.03', '47.20', '59.00', '71.47', '78.63']",pdfplumber
264,ground,2,45,FedEx Tube,47.20,pdf_page_106,31,"['', '45', '26.93', '33.47', '39.03', '47.20', '59.00', '71.47', '78.63']",pdfplumber
265,ground,2,45,Your Packaging,59.00,pdf_page_106,31,"['', '45', '26.93', '33.47', '39.03', '47.20', '59.00', '71.47', '78.63']",pdfplumber
266,home_delivery,2,45,FedEx Envelope,26.93,pdf_page_106,31,"['', '45', '26.93', '33.47', '39.03', '47.20', '59.00', '71.47', '78.63']",pdfplumber
267,home_delivery,2,45,FedEx Pak,33.47,pdf_page_106,31,"['', '45', '26.93', '33.47', '39.03', '47.20', '59.00', '71.47', '78.63']",pdfplumber
268,home_delivery,2,45,FedEx Box,39.03,pdf_page_106,31,"['', '45', '26.93', '33.47', '39.03', '47.20', '59.00', '71.47', '78.63']",pdfplumber
269,home_delivery,2,45,FedEx Tube,47.20,pdf_page_106,31,"['', '45', '26.93', '33.47', '39.03', '47.20', '59.00', '71.47', '78.63']",pdfplumber
270,home_delivery,2,45,Your Packaging,59.00,pdf_page_106,31,"['', '45', '26.93', '33.47', '39.03', '47.20', '59.00', '71.47', '78.63']",pdfplumber
271,ground,2,52,FedEx Envelope,27.69,pdf_page_107,4,"['', '52', '27.69', '34.63', '41.64', '50.51', '64.10', '77.44', '86.96']",pdfplumber
272,ground,2,52,FedEx Pak,34.63,pdf_page_107,4,"['', '52', '27.69', '34.63', '41.64', '50.51', '64.10', '77.44', '86.96']",pdfplumber
273,ground,2,52,FedEx Box,41.64,pdf_page_107,4,"['', '52', '27.69', '34.63', '41.64', '50.51', '64.10', '77.44', '86.96']",pdfplumber
274,ground,2,52,FedEx Tube,50.51,pdf_page_107,4,"['', '52', '27.69', '34.63', '41.64', '50.51', '64.10', '77.44', '86.96']",pdfplumber
275,ground,2,52,Your Packaging,64.10,pdf_page_107,4,"['', '52', '27.69', '34.63', '41.64', '50.51', '64.10', '77.44', '86.96']",pdfplumber
276,home_delivery,2,52,FedEx Envelope,27.69,pdf_page_107,4,"['', '52', '27.69', '34.63', '41.64', '50.51', '64.10', '77.44', '86.96']",pdfplumber
277,home_delivery,2,52,FedEx Pak,34.63,pdf_page_107,4,"['', '52', '27.69', '34.63', '41.64', '50.51', '64.10', '77.44', '86.96']",pdfplumber
278,home_delivery,2,52,FedEx Box,41.64,pdf_page_107,4,"['', '52', '27.69', '34.63', '41.64', '50.51', '64.10', '77.44', '86.96']",pdfplumber
279,home_delivery,2,52,FedEx Tube,50.51,pdf_page_107,4,"['', '52', '27.69', '34.63', '41.64', '50.51', '64.10', '77.44', '86.96']",pdfplumber
280,home_delivery,2,52,Your Packaging,64.10,pdf_page_107,4,"['', '52', '27.69', '34.63', '41.64', '50.51', '64.10', '77.44', '86.96']",pdfplumber
281,ground,2,53,FedEx Envelope,27.70,pdf_page_107,5,"['', '53', '27.70', '34.64', '41.66', '51.01', '64.11', '77.45', '87.81']",pdfplumber
282,ground,2,53,FedEx Pak,34.64,pdf_page_107,5,"['', '53', '27.70', '34.64', '41.66', '51.01', '64.11', '77.45', '87.81']",pdfplumber
283,ground,2,53,FedEx Box,41.66,pdf_page_107,5,"['', '53', '27.70', '34.64', '41.66', '51.01', '64.11', '77.45', '87.81']",pdfplumber
284,ground,2,53,FedEx Tube,51.01,pdf_page_107,5,"['', '53', '27.70', '34.64', '41.66', '51.01', '64.11', '77.45', '87.81']",pdfplumber
285,ground,2,53,Your Packaging,64.11,pdf_page_107,5,"['', '53', '27.70', '34.64', '41.66', '51.01', '64.11', '77.45', '87.81']",pdfplumber
286,home_delivery,2,53,FedEx Envelope,27.70,pdf_page_107,5,"['', '53', '27.70', '34.64', '41.66', '51.01', '64.11', '77.45', '87.81']",pdfplumber
287,home_delivery,2,53,FedEx Pak,34.64,pdf_page_107,5,"['', '53', '27.70', '34.64', '41.66', '51.01', '64.11', '77.45', '87.81']",pdfplumber
288,home_delivery,2,53,FedEx Box,41.66,pdf_page_107,5,"['', '53', '27.70', '34.64', '41.66', '51.01', '64.11', '77.45', '87.81']",pdfplumber
289,home_delivery,2,53,FedEx Tube,51.01,pdf_page_107,5,"['', '53', '27.70', '34.64', '41.66', '51.01', '64.11', '77.45', '87.81']",pdfplumber
290,home_delivery,2,53,Your Packaging,64.11,pdf_page_107,5,"['', '53', '27.70', '34.64', '41.66', '51.01', '64.11', '77.45', '87.81']",pdfplumber
291,ground,2,54,FedEx Envelope,27.71,pdf_page_107,6,"['', '54', '27.71', '34.65', '41.72', '51.10', '64.13', '77.46', '87.82']",pdfplumber
292,ground,2,54,FedEx Pak,34.65,pdf_page_107,6,"['', '54', '27.71', '34.65', '41.72', '51.10', '64.13', '77.46', '87.82']",pdfplumber
293,ground,2,54,FedEx Box,41.72,pdf_page_107,6,"['', '54', '27.71', '34.65', '41.72', '51.10', '64.13', '77.46', '87.82']",pdfplumber
294,ground,2,54,FedEx Tube,51.10,pdf_page_107,6,"['', '54', '27.71', '34.65', '41.72', '51.10', '64.13', '77.46', '87.82']",pdfplumber
295,ground,2,54,Your Packaging,64.13,pdf_page_107,6,"['', '54', '27.71', '34.65', '41.72', '51.10', '64.13', '77.46', '87.82']",pdfplumber
296,home_delivery,2,54,FedEx Envelope,27.71,pdf_page_107,6,"['', '54', '27.71', '34.65', '41.72', '51.10', '64.13', '77.46', '87.82']",pdfplumber
297,home_delivery,2,54,FedEx Pak,34.65,pdf_page_107,6,"['', '54', '27.71', '34.65', '41.72', '51.10', '64.13', '77.46', '87.82']",pdfplumber
298,home_delivery,2,54,FedEx Box,41.72,pdf_page_107,6,"['', '54', '27.71', '34.65', '41.72', '51.10', '64.13', '77.46', '87.82']",pdfplumber
299,home_delivery,2,54,FedEx Tube,51.10,pdf_page_107,6,"['', '54', '27.71', '34.65', '41.72', '51.10', '64.13', '77.46', '87.82']",pdfplumber
300,home_delivery,2,54,Your Packaging,64.13,pdf_page_107,6,"['', '54', '27.71', '34.65', '41.72', '51.10', '64.13', '77.46', '87.82']",pdfplumber
301,ground,2,55,FedEx Envelope,27.72,pdf_page_107,7,"['', '55', '27.72', '34.66', '41.73', '51.11', '64.14', '77.47', '87.83']",pdfplumber
302,ground,2,55,FedEx Pak,34.66,pdf_page_107,7,"['', '55', '27.72', '34.66', '41.73', '51.11', '64.14', '77.47', '87.83']",pdfplumber
303,ground,2,55,FedEx Box,41.73,pdf_page_107,7,"['', '55', '27.72', '34.66', '41.73', '51.11', '64.14', '77.47', '87.83']",pdfplumber
304,ground,2,55,FedEx Tube,51.11,pdf_page_107,7,"['', '55', '27.72', '34.66', '41.73', '51.11', '64.14', '77.47', '87.83']",pdfplumber
305,ground,2,55,Your Packaging,64.14,pdf_page_107,7,"['', '55', '27.72', '34.66', '41.73', '51.11', '64.14', '77.47', '87.83']",pdfplumber
306,home_delivery,2,55,FedEx Envelope,27.72,pdf_page_107,7,"['', '55', '27.72', '34.66', '41.73', '51.11', '64.14', '77.47', '87.83']",pdfplumber
307,home_delivery,2,55,FedEx Pak,34.66,pdf_page_107,7,"['', '55', '27.72', '34.66', '41.73', '51.11', '64.14', '77.47', '87.83']",pdfplumber
308,home_delivery,2,55,FedEx Box,41.73,pdf_page_107,7,"['', '55', '27.72', '34.66', '41.73', '51.11', '64.14', '77.47', '87.83']",pdfplumber
309,home_delivery,2,55,FedEx Tube,51.11,pdf_page_107,7,"['', '55', '27.72', '34.66', '41.73', '51.11', '64.14', '77.47', '87.83']",pdfplumber
310,home_delivery,2,55,Your Packaging,64.14,pdf_page_107,7,"['', '55', '27.72', '34.66', '41.73', '51.11', '64.14', '77.47', '87.83']",pdfplumber
311,ground,2,61,FedEx Envelope,29.06,pdf_page_107,9,"['', '61', '29.06', '36.35', '43.20', '54.69', '65.85', '77.82', '92.70']",pdfplumber
312,ground,2,61,FedEx Pak,36.35,pdf_page_107,9,"['', '61', '29.06', '36.35', '43.20', '54.69', '65.85', '77.82', '92.70']",pdfplumber
313,ground,2,61,FedEx Box,43.20,pdf_page_107,9,"['', '61', '29.06', '36.35', '43.20', '54.69', '65.85', '77.82', '92.70']",pdfplumber
314,ground,2,61,FedEx Tube,54.69,pdf_page_107,9,"['', '61', '29.06', '36.35', '43.20', '54.69', '65.85', '77.82', '92.70']",pdfplumber
315,ground,2,61,Your Packaging,65.85,pdf_page_107,9,"['', '61', '29.06', '36.35', '43.20', '54.69', '65.85', '77.82', '92.70']",pdfplumber
316,home_delivery,2,61,FedEx Envelope,29.06,pdf_page_107,9,"['', '61', '29.06', '36.35', '43.20', '54.69', '65.85', '77.82', '92.70']",pdfplumber
317,home_delivery,2,61,FedEx Pak,36.35,pdf_page_107,9,"['', '61', '29.06', '36.35', '43.20', '54.69', '65.85', '77.82', '92.70']",pdfplumber
318,home_delivery,2,61,FedEx Box,43.20,pdf_page_107,9,"['', '61', '29.06', '36.35', '43.20', '54.69', '65.85', '77.82', '92.70']",pdfplumber
319,home_delivery,2,61,FedEx Tube,54.69,pdf_page_107,9,"['', '61', '29.06', '36.35', '43.20', '54.69', '65.85', '77.82', '92.70']",pdfplumber
320,home_delivery,2,61,Your Packaging,65.85,pdf_page_107,9,"['', '61', '29.06', '36.35', '43.20', '54.69', '65.85', '77.82', '92.70']",pdfplumber
321,ground,2,62,FedEx Envelope,30.25,pdf_page_107,10,"['', '62', '30.25', '38.94', '43.90', '56.23', '66.86', '79.01', '93.83']",pdfplumber
322,ground,2,62,FedEx Pak,38.94,pdf_page_107,10,"['', '62', '30.25', '38.94', '43.90', '56.23', '66.86', '79.01', '93.83']",pdfplumber
323,ground,2,62,FedEx Box,43.90,pdf_page_107,10,"['', '62', '30.25', '38.94', '43.90', '56.23', '66.86', '79.01', '93.83']",pdfplumber
324,ground,2,62,FedEx Tube,56.23,pdf_page_107,10,"['', '62', '30.25', '38.94', '43.90', '56.23', '66.86', '79.01', '93.83']",pdfplumber
325,ground,2,62,Your Packaging,66.86,pdf_page_107,10,"['', '62', '30.25', '38.94', '43.90', '56.23', '66.86', '79.01', '93.83']",pdfplumber
326,home_delivery,2,62,FedEx Envelope,30.25,pdf_page_107,10,"['', '62', '30.25', '38.94', '43.90', '56.23', '66.86', '79.01', '93.83']",pdfplumber
327,home_delivery,2,62,FedEx Pak,38.94,pdf_page_107,10,"['', '62', '30.25', '38.94', '43.90', '56.23', '66.86', '79.01', '93.83']",pdfplumber
328,home_delivery,2,62,FedEx Box,43.90,pdf_page_107,10,"['', '62', '30.25', '38.94', '43.90', '56.23', '66.86', '79.01', '93.83']",pdfplumber
329,home_delivery,2,62,FedEx Tube,56.23,pdf_page_107,10,"['', '62', '30.25', '38.94', '43.90', '56.23', '66.86', '79.01', '93.83']",pdfplumber
330,home_delivery,2,62,Your Packaging,66.86,pdf_page_107,10,"['', '62', '30.25', '38.94', '43.90', '56.23', '66.86', '79.01', '93.83']",pdfplumber
331,ground,2,63,FedEx Envelope,30.26,pdf_page_107,11,"['', '63', '30.26', '38.95', '44.32', '56.26', '67.32', '79.66', '94.40']",pdfplumber
332,ground,2,63,FedEx Pak,38.95,pdf_page_107,11,"['', '63', '30.26', '38.95', '44.32', '56.26', '67.32', '79.66', '94.40']",pdfplumber
333,ground,2,63,FedEx Box,44.32,pdf_page_107,11,"['', '63', '30.26', '38.95', '44.32', '56.26', '67.32', '79.66', '94.40']",pdfplumber
334,ground,2,63,FedEx Tube,56.26,pdf_page_107,11,"['', '63', '30.26', '38.95', '44.32', '56.26', '67.32', '79.66', '94.40']",pdfplumber
335,ground,2,63,Your Packaging,67.32,pdf_page_107,11,"['', '63', '30.26', '38.95', '44.32', '56.26', '67.32', '79.66', '94.40']",pdfplumber
336,home_delivery,2,63,FedEx Envelope,30.26,pdf_page_107,11,"['', '63', '30.26', '38.95', '44.32', '56.26', '67.32', '79.66', '94.40']",pdfplumber
337,home_delivery,2,63,FedEx Pak,38.95,pdf_page_107,11,"['', '63', '30.26', '38.95', '44.32', '56.26', '67.32', '79.66', '94.40']",pdfplumber
338,home_delivery,2,63,FedEx Box,44.32,pdf_page_107,11,"['', '63', '30.26', '38.95', '44.32', '56.26', '67.32', '79.66', '94.40']",pdfplumber
339,home_delivery,2,63,FedEx Tube,56.26,pdf_page_107,11,"['', '63', '30.26', '38.95', '44.32', '56.26', '67.32', '79.66', '94.40']",pdfplumber
340,home_delivery,2,63,Your Packaging,67.32,pdf_page_107,11,"['', '63', '30.26', '38.95', '44.32', '56.26', '67.32', '79.66', '94.40']",pdfplumber
341,ground,2,64,FedEx Envelope,31.07,pdf_page_107,12,"['', '64', '31.07', '38.97', '45.05', '56.27', '67.80', '79.67', '94.98']",pdfplumber
342,ground,2,64,FedEx Pak,38.97,pdf_page_107,12,"['', '64', '31.07', '38.97', '45.05', '56.27', '67.80', '79.67', '94.98']",pdfplumber
343,ground,2,64,FedEx Box,45.05,pdf_page_107,12,"['', '64', '31.07', '38.97', '45.05', '56.27', '67.80', '79.67', '94.98']",pdfplumber
344,ground,2,64,FedEx Tube,56.27,pdf_page_107,12,"['', '64', '31.07', '38.97', '45.05', '56.27', '67.80', '79.67', '94.98']",pdfplumber
345,ground,2,64,Your Packaging,67.80,pdf_page_107,12,"['', '64', '31.07', '38.97', '45.05', '56.27', '67.80', '79.67', '94.98']",pdfplumber
346,home_delivery,2,64,FedEx Envelope,31.07,pdf_page_107,12,"['', '64', '31.07', '38.97', '45.05', '56.27', '67.80', '79.67', '94.98']",pdfplumber
347,home_delivery,2,64,FedEx Pak,38.97,pdf_page_107,12,"['', '64', '31.07', '38.97', '45.05', '56.27', '67.80', '79.67', '94.98']",pdfplumber
348,home_delivery,2,64,FedEx Box,45.05,pdf_page_107,12,"['', '64', '31.07', '38.97', '45.05', '56.27', '67.80', '79.67', '94.98']",pdfplumber
349,home_delivery,2,64,FedEx Tube,56.27,pdf_page_107,12,"['', '64', '31.07', '38.97', '45.05', '56.27', '67.80', '79.67', '94.98']",pdfplumber
350,home_delivery,2,64,Your Packaging,67.80,pdf_page_107,12,"['', '64', '31.07', '38.97', '45.05', '56.27', '67.80', '79.67', '94.98']",pdfplumber
351,ground,2,65,FedEx Envelope,31.41,pdf_page_107,13,"['', '65', '31.41', '40.01', '45.06', '56.28', '68.39', '79.86', '95.13']",pdfplumber
352,ground,2,65,FedEx Pak,40.01,pdf_page_107,13,"['', '65', '31.41', '40.01', '45.06', '56.28', '68.39', '79.86', '95.13']",pdfplumber
353,ground,2,65,FedEx Box,45.06,pdf_page_107,13,"['', '65', '31.41', '40.01', '45.06', '56.28', '68.39', '79.86', '95.13']",pdfplumber
354,ground,2,65,FedEx Tube,56.28,pdf_page_107,13,"['', '65', '31.41', '40.01', '45.06', '56.28', '68.39', '79.86', '95.13']",pdfplumber
355,ground,2,65,Your Packaging,68.39,pdf_page_107,13,"['', '65', '31.41', '40.01', '45.06', '56.28', '68.39', '79.86', '95.13']",pdfplumber
356,home_delivery,2,65,FedEx Envelope,31.41,pdf_page_107,13,"['', '65', '31.41', '40.01', '45.06', '56.28', '68.39', '79.86', '95.13']",pdfplumber
357,home_delivery,2,65,FedEx Pak,40.01,pdf_page_107,13,"['', '65', '31.41', '40.01', '45.06', '56.28', '68.39', '79.86', '95.13']",pdfplumber
358,home_delivery,2,65,FedEx Box,45.06,pdf_page_107,13,"['', '65', '31.41', '40.01', '45.06', '56.28', '68.39', '79.86', '95.13']",pdfplumber
359,home_delivery,2,65,FedEx Tube,56.28,pdf_page_107,13,"['', '65', '31.41', '40.01', '45.06', '56.28', '68.39', '79.86', '95.13']",pdfplumber
360,home_delivery,2,65,Your Packaging,68.39,pdf_page_107,13,"['', '65', '31.41', '40.01', '45.06', '56.28', '68.39', '79.86', '95.13']",pdfplumber
361,ground,2,71,FedEx Envelope,32.77,pdf_page_107,15,"['', '71', '32.77', '42.15', '50.09', '60.90', '72.24', '83.07', '97.82']",pdfplumber
362,ground,2,71,FedEx Pak,42.15,pdf_page_107,15,"['', '71', '32.77', '42.15', '50.09', '60.90', '72.24', '83.07', '97.82']",pdfplumber
363,ground,2,71,FedEx Box,50.09,pdf_page_107,15,"['', '71', '32.77', '42.15', '50.09', '60.90', '72.24', '83.07', '97.82']",pdfplumber
364,ground,2,71,FedEx Tube,60.90,pdf_page_107,15,"['', '71', '32.77', '42.15', '50.09', '60.90', '72.24', '83.07', '97.82']",pdfplumber
365,ground,2,71,Your Packaging,72.24,pdf_page_107,15,"['', '71', '32.77', '42.15', '50.09', '60.90', '72.24', '83.07', '97.82']",pdfplumber
366,home_delivery,2,71,FedEx Envelope,32.77,pdf_page_107,15,"['', '71', '32.77', '42.15', '50.09', '60.90', '72.24', '83.07', '97.82']",pdfplumber
367,home_delivery,2,71,FedEx Pak,42.15,pdf_page_107,15,"['', '71', '32.77', '42.15', '50.09', '60.90', '72.24', '83.07', '97.82']",pdfplumber
368,home_delivery,2,71,FedEx Box,50.09,pdf_page_107,15,"['', '71', '32.77', '42.15', '50.09', '60.90', '72.24', '83.07', '97.82']",pdfplumber
369,home_delivery,2,71,FedEx Tube,60.90,pdf_page_107,15,"['', '71', '32.77', '42.15', '50.09', '60.90', '72.24', '83.07', '97.82']",pdfplumber
370,home_delivery,2,71,Your Packaging,72.24,pdf_page_107,15,"['', '71', '32.77', '42.15', '50.09', '60.90', '72.24', '83.07', '97.82']",pdfplumber
371,ground,2,72,FedEx Envelope,33.71,pdf_page_107,16,"['', '72', '33.71', '42.16', '51.15', '60.92', '73.43', '86.61', '97.97']",pdfplumber
372,ground,2,72,FedEx Pak,42.16,pdf_page_107,16,"['', '72', '33.71', '42.16', '51.15', '60.92', '73.43', '86.61', '97.97']",pdfplumber
373,ground,2,72,FedEx Box,51.15,pdf_page_107,16,"['', '72', '33.71', '42.16', '51.15', '60.92', '73.43', '86.61', '97.97']",pdfplumber
374,ground,2,72,FedEx Tube,60.92,pdf_page_107,16,"['', '72', '33.71', '42.16', '51.15', '60.92', '73.43', '86.61', '97.97']",pdfplumber
375,ground,2,72,Your Packaging,73.43,pdf_page_107,16,"['', '72', '33.71', '42.16', '51.15', '60.92', '73.43', '86.61', '97.97']",pdfplumber
376,home_delivery,2,72,FedEx Envelope,33.71,pdf_page_107,16,"['', '72', '33.71', '42.16', '51.15', '60.92', '73.43', '86.61', '97.97']",pdfplumber
377,home_delivery,2,72,FedEx Pak,42.16,pdf_page_107,16,"['', '72', '33.71', '42.16', '51.15', '60.92', '73.43', '86.61', '97.97']",pdfplumber
378,home_delivery,2,72,FedEx Box,51.15,pdf_page_107,16,"['', '72', '33.71', '42.16', '51.15', '60.92', '73.43', '86.61', '97.97']",pdfplumber
379,home_delivery,2,72,FedEx Tube,60.92,pdf_page_107,16,"['', '72', '33.71', '42.16', '51.15', '60.92', '73.43', '86.61', '97.97']",pdfplumber
380,home_delivery,2,72,Your Packaging,73.43,pdf_page_107,16,"['', '72', '33.71', '42.16', '51.15', '60.92', '73.43', '86.61', '97.97']",pdfplumber
381,ground,2,73,FedEx Envelope,33.92,pdf_page_107,17,"['', '73', '33.92', '42.56', '51.16', '61.82', '74.22', '86.76', '97.98']",pdfplumber
382,ground,2,73,FedEx Pak,42.56,pdf_page_107,17,"['', '73', '33.92', '42.56', '51.16', '61.82', '74.22', '86.76', '97.98']",pdfplumber
383,ground,2,73,FedEx Box,51.16,pdf_page_107,17,"['', '73', '33.92', '42.56', '51.16', '61.82', '74.22', '86.76', '97.98']",pdfplumber
384,ground,2,73,FedEx Tube,61.82,pdf_page_107,17,"['', '73', '33.92', '42.56', '51.16', '61.82', '74.22', '86.76', '97.98']",pdfplumber
385,ground,2,73,Your Packaging,74.22,pdf_page_107,17,"['', '73', '33.92', '42.56', '51.16', '61.82', '74.22', '86.76', '97.98']",pdfplumber
386,home_delivery,2,73,FedEx Envelope,33.92,pdf_page_107,17,"['', '73', '33.92', '42.56', '51.16', '61.82', '74.22', '86.76', '97.98']",pdfplumber
387,home_delivery,2,73,FedEx Pak,42.56,pdf_page_107,17,"['', '73', '33.92', '42.56', '51.16', '61.82', '74.22', '86.76', '97.98']",pdfplumber
388,home_delivery,2,73,FedEx Box,51.16,pdf_page_107,17,"['', '73', '33.92', '42.56', '51.16', '61.82', '74.22', '86.76', '97.98']",pdfplumber
389,home_delivery,2,73,FedEx Tube,61.82,pdf_page_107,17,"['', '73', '33.92', '42.56', '51.16', '61.82', '74.22', '86.76', '97.98']",pdfplumber
390,home_delivery,2,73,Your Packaging,74.22,pdf_page_107,17,"['', '73', '33.92', '42.56', '51.16', '61.82', '74.22', '86.76', '97.98']",pdfplumber
391,ground,2,74,FedEx Envelope,34.82,pdf_page_107,18,"['', '74', '34.82', '42.57', '51.17', '61.84', '75.36', '86.77', '97.99']",pdfplumber
392,ground,2,74,FedEx Pak,42.57,pdf_page_107,18,"['', '74', '34.82', '42.57', '51.17', '61.84', '75.36', '86.77', '97.99']",pdfplumber
393,ground,2,74,FedEx Box,51.17,pdf_page_107,18,"['', '74', '34.82', '42.57', '51.17', '61.84', '75.36', '86.77', '97.99']",pdfplumber
394,ground,2,74,FedEx Tube,61.84,pdf_page_107,18,"['', '74', '34.82', '42.57', '51.17', '61.84', '75.36', '86.77', '97.99']",pdfplumber
395,ground,2,74,Your Packaging,75.36,pdf_page_107,18,"['', '74', '34.82', '42.57', '51.17', '61.84', '75.36', '86.77', '97.99']",pdfplumber
396,home_delivery,2,74,FedEx Envelope,34.82,pdf_page_107,18,"['', '74', '34.82', '42.57', '51.17', '61.84', '75.36', '86.77', '97.99']",pdfplumber
397,home_delivery,2,74,FedEx Pak,42.57,pdf_page_107,18,"['', '74', '34.82', '42.57', '51.17', '61.84', '75.36', '86.77', '97.99']",pdfplumber
398,home_delivery,2,74,FedEx Box,51.17,pdf_page_107,18,"['', '74', '34.82', '42.57', '51.17', '61.84', '75.36', '86.77', '97.99']",pdfplumber
399,home_delivery,2,74,FedEx Tube,61.84,pdf_page_107,18,"['', '74', '34.82', '42.57', '51.17', '61.84', '75.36', '86.77', '97.99']",pdfplumber
400,home_delivery,2,74,Your Packaging,75.36,pdf_page_107,18,"['', '74', '34.82', '42.57', '51.17', '61.84', '75.36', '86.77', '97.99']",pdfplumber
401,ground,2,75,FedEx Envelope,36.11,pdf_page_107,19,"['', '75', '36.11', '42.59', '51.18', '62.32', '75.37', '87.65', '98.00']",pdfplumber
402,ground,2,75,FedEx Pak,42.59,pdf_page_107,19,"['', '75', '36.11', '42.59', '51.18', '62.32', '75.37', '87.65', '98.00']",pdfplumber
403,ground,2,75,FedEx Box,51.18,pdf_page_107,19,"['', '75', '36.11', '42.59', '51.18', '62.32', '75.37', '87.65', '98.00']",pdfplumber
404,ground,2,75,FedEx Tube,62.32,pdf_page_107,19,"['', '75', '36.11', '42.59', '51.18', '62.32', '75.37', '87.65', '98.00']",pdfplumber
405,ground,2,75,Your Packaging,75.37,pdf_page_107,19,"['', '75', '36.11', '42.59', '51.18', '62.32', '75.37', '87.65', '98.00']",pdfplumber
406,home_delivery,2,75,FedEx Envelope,36.11,pdf_page_107,19,"['', '75', '36.11', '42.59', '51.18', '62.32', '75.37', '87.65', '98.00']",pdfplumber
407,home_delivery,2,75,FedEx Pak,42.59,pdf_page_107,19,"['', '75', '36.11', '42.59', '51.18', '62.32', '75.37', '87.65', '98.00']",pdfplumber
408,home_delivery,2,75,FedEx Box,51.18,pdf_page_107,19,"['', '75', '36.11', '42.59', '51.18', '62.32', '75.37', '87.65', '98.00']",pdfplumber
409,home_delivery,2,75,FedEx Tube,62.32,pdf_page_107,19,"['', '75', '36.11', '42.59', '51.18', '62.32', '75.37', '87.65', '98.00']",pdfplumber
410,home_delivery,2,75,Your Packaging,75.37,pdf_page_107,19,"['', '75', '36.11', '42.59', '51.18', '62.32', '75.37', '87.65', '98.00']",pdfplumber
411,ground,2,81,FedEx Envelope,44.50,pdf_page_107,21,"['', '81', '44.50', '50.66', '56.55', '67.25', '81.97', '95.58', '101.68']",pdfplumber
412,ground,2,81,FedEx Pak,50.66,pdf_page_107,21,"['', '81', '44.50', '50.66', '56.55', '67.25', '81.97', '95.58', '101.68']",pdfplumber
413,ground,2,81,FedEx Box,56.55,pdf_page_107,21,"['', '81', '44.50', '50.66', '56.55', '67.25', '81.97', '95.58', '101.68']",pdfplumber
414,ground,2,81,FedEx Tube,67.25,pdf_page_107,21,"['', '81', '44.50', '50.66', '56.55', '67.25', '81.97', '95.58', '101.68']",pdfplumber
415,ground,2,81,Your Packaging,81.97,pdf_page_107,21,"['', '81', '44.50', '50.66', '56.55', '67.25', '81.97', '95.58', '101.68']",pdfplumber
416,home_delivery,2,81,FedEx Envelope,44.50,pdf_page_107,21,"['', '81', '44.50', '50.66', '56.55', '67.25', '81.97', '95.58', '101.68']",pdfplumber
417,home_delivery,2,81,FedEx Pak,50.66,pdf_page_107,21,"['', '81', '44.50', '50.66', '56.55', '67.25', '81.97', '95.58', '101.68']",pdfplumber
418,home_delivery,2,81,FedEx Box,56.55,pdf_page_107,21,"['', '81', '44.50', '50.66', '56.55', '67.25', '81.97', '95.58', '101.68']",pdfplumber
419,home_delivery,2,81,FedEx Tube,67.25,pdf_page_107,21,"['', '81', '44.50', '50.66', '56.55', '67.25', '81.97', '95.58', '101.68']",pdfplumber
420,home_delivery,2,81,Your Packaging,81.97,pdf_page_107,21,"['', '81', '44.50', '50.66', '56.55', '67.25', '81.97', '95.58', '101.68']",pdfplumber
421,ground,2,82,FedEx Envelope,45.94,pdf_page_107,22,"['', '82', '45.94', '51.90', '59.11', '68.97', '82.19', '98.06', '101.69']",pdfplumber
422,ground,2,82,FedEx Pak,51.90,pdf_page_107,22,"['', '82', '45.94', '51.90', '59.11', '68.97', '82.19', '98.06', '101.69']",pdfplumber
423,ground,2,82,FedEx Box,59.11,pdf_page_107,22,"['', '82', '45.94', '51.90', '59.11', '68.97', '82.19', '98.06', '101.69']",pdfplumber
424,ground,2,82,FedEx Tube,68.97,pdf_page_107,22,"['', '82', '45.94', '51.90', '59.11', '68.97', '82.19', '98.06', '101.69']",pdfplumber
425,ground,2,82,Your Packaging,82.19,pdf_page_107,22,"['', '82', '45.94', '51.90', '59.11', '68.97', '82.19', '98.06', '101.69']",pdfplumber
426,home_delivery,2,82,FedEx Envelope,45.94,pdf_page_107,22,"['', '82', '45.94', '51.90', '59.11', '68.97', '82.19', '98.06', '101.69']",pdfplumber
427,home_delivery,2,82,FedEx Pak,51.90,pdf_page_107,22,"['', '82', '45.94', '51.90', '59.11', '68.97', '82.19', '98.06', '101.69']",pdfplumber
428,home_delivery,2,82,FedEx Box,59.11,pdf_page_107,22,"['', '82', '45.94', '51.90', '59.11', '68.97', '82.19', '98.06', '101.69']",pdfplumber
429,home_delivery,2,82,FedEx Tube,68.97,pdf_page_107,22,"['', '82', '45.94', '51.90', '59.11', '68.97', '82.19', '98.06', '101.69']",pdfplumber
430,home_delivery,2,82,Your Packaging,82.19,pdf_page_107,22,"['', '82', '45.94', '51.90', '59.11', '68.97', '82.19', '98.06', '101.69']",pdfplumber
431,ground,2,83,FedEx Envelope,45.95,pdf_page_107,23,"['', '83', '45.95', '51.91', '59.12', '68.98', '82.43', '98.07', '101.70']",pdfplumber
432,ground,2,83,FedEx Pak,51.91,pdf_page_107,23,"['', '83', '45.95', '51.91', '59.12', '68.98', '82.43', '98.07', '101.70']",pdfplumber
433,ground,2,83,FedEx Box,59.12,pdf_page_107,23,"['', '83', '45.95', '51.91', '59.12', '68.98', '82.43', '98.07', '101.70']",pdfplumber
434,ground,2,83,FedEx Tube,68.98,pdf_page_107,23,"['', '83', '45.95', '51.91', '59.12', '68.98', '82.43', '98.07', '101.70']",pdfplumber
435,ground,2,83,Your Packaging,82.43,pdf_page_107,23,"['', '83', '45.95', '51.91', '59.12', '68.98', '82.43', '98.07', '101.70']",pdfplumber
436,home_delivery,2,83,FedEx Envelope,45.95,pdf_page_107,23,"['', '83', '45.95', '51.91', '59.12', '68.98', '82.43', '98.07', '101.70']",pdfplumber
437,home_delivery,2,83,FedEx Pak,51.91,pdf_page_107,23,"['', '83', '45.95', '51.91', '59.12', '68.98', '82.43', '98.07', '101.70']",pdfplumber
438,home_delivery,2,83,FedEx Box,59.12,pdf_page_107,23,"['', '83', '45.95', '51.91', '59.12', '68.98', '82.43', '98.07', '101.70']",pdfplumber
439,home_delivery,2,83,FedEx Tube,68.98,pdf_page_107,23,"['', '83', '45.95', '51.91', '59.12', '68.98', '82.43', '98.07', '101.70']",pdfplumber
440,home_delivery,2,83,Your Packaging,82.43,pdf_page_107,23,"['', '83', '45.95', '51.91', '59.12', '68.98', '82.43', '98.07', '101.70']",pdfplumber
441,ground,2,84,FedEx Envelope,47.78,pdf_page_107,24,"['', '84', '47.78', '53.97', '60.84', '69.65', '84.46', '99.24', '102.48']",pdfplumber
442,ground,2,84,FedEx Pak,53.97,pdf_page_107,24,"['', '84', '47.78', '53.97', '60.84', '69.65', '84.46', '99.24', '102.48']",pdfplumber
443,ground,2,84,FedEx Box,60.84,pdf_page_107,24,"['', '84', '47.78', '53.97', '60.84', '69.65', '84.46', '99.24', '102.48']",pdfplumber
444,ground,2,84,FedEx Tube,69.65,pdf_page_107,24,"['', '84', '47.78', '53.97', '60.84', '69.65', '84.46', '99.24', '102.48']",pdfplumber
445,ground,2,84,Your Packaging,84.46,pdf_page_107,24,"['', '84', '47.78', '53.97', '60.84', '69.65', '84.46', '99.24', '102.48']",pdfplumber
446,home_delivery,2,84,FedEx Envelope,47.78,pdf_page_107,24,"['', '84', '47.78', '53.97', '60.84', '69.65', '84.46', '99.24', '102.48']",pdfplumber
447,home_delivery,2,84,FedEx Pak,53.97,pdf_page_107,24,"['', '84', '47.78', '53.97', '60.84', '69.65', '84.46', '99.24', '102.48']",pdfplumber
448,home_delivery,2,84,FedEx Box,60.84,pdf_page_107,24,"['', '84', '47.78', '53.97', '60.84', '69.65', '84.46', '99.24', '102.48']",pdfplumber
449,home_delivery,2,84,FedEx Tube,69.65,pdf_page_107,24,"['', '84', '47.78', '53.97', '60.84', '69.65', '84.46', '99.24', '102.48']",pdfplumber
450,home_delivery,2,84,Your Packaging,84.46,pdf_page_107,24,"['', '84', '47.78', '53.97', '60.84', '69.65', '84.46', '99.24', '102.48']",pdfplumber
451,ground,2,85,FedEx Envelope,49.06,pdf_page_107,25,"['', '85', '49.06', '53.98', '60.88', '70.77', '84.97', '100.31', '103.59']",pdfplumber
452,ground,2,85,FedEx Pak,53.98,pdf_page_107,25,"['', '85', '49.06', '53.98', '60.88', '70.77', '84.97', '100.31', '103.59']",pdfplumber
453,ground,2,85,FedEx Box,60.88,pdf_page_107,25,"['', '85', '49.06', '53.98', '60.88', '70.77', '84.97', '100.31', '103.59']",pdfplumber
454,ground,2,85,FedEx Tube,70.77,pdf_page_107,25,"['', '85', '49.06', '53.98', '60.88', '70.77', '84.97', '100.31', '103.59']",pdfplumber
455,ground,2,85,Your Packaging,84.97,pdf_page_107,25,"['', '85', '49.06', '53.98', '60.88', '70.77', '84.97', '100.31', '103.59']",pdfplumber
456,home_delivery,2,85,FedEx Envelope,49.06,pdf_page_107,25,"['', '85', '49.06', '53.98', '60.88', '70.77', '84.97', '100.31', '103.59']",pdfplumber
457,home_delivery,2,85,FedEx Pak,53.98,pdf_page_107,25,"['', '85', '49.06', '53.98', '60.88', '70.77', '84.97', '100.31', '103.59']",pdfplumber
458,home_delivery,2,85,FedEx Box,60.88,pdf_page_107,25,"['', '85', '49.06', '53.98', '60.88', '70.77', '84.97', '100.31', '103.59']",pdfplumber
459,home_delivery,2,85,FedEx Tube,70.77,pdf_page_107,25,"['', '85', '49.06', '53.98', '60.88', '70.77', '84.97', '100.31', '103.59']",pdfplumber
460,home_delivery,2,85,Your Packaging,84.97,pdf_page_107,25,"['', '85', '49.06', '53.98', '60.88', '70.77', '84.97', '100.31', '103.59']",pdfplumber
461,ground,2,91,FedEx Envelope,59.93,pdf_page_107,27,"['', '91', '59.93', '62.50', '69.43', '76.88', '91.46', '106.82', '112.56']",pdfplumber
462,ground,2,91,FedEx Pak,62.50,pdf_page_107,27,"['', '91', '59.93', '62.50', '69.43', '76.88', '91.46', '106.82', '112.56']",pdfplumber
463,ground,2,91,FedEx Box,69.43,pdf_page_107,27,"['', '91', '59.93', '62.50', '69.43', '76.88', '91.46', '106.82', '112.56']",pdfplumber
464,ground,2,91,FedEx Tube,76.88,pdf_page_107,27,"['', '91', '59.93', '62.50', '69.43', '76.88', '91.46', '106.82', '112.56']",pdfplumber
465,ground,2,91,Your Packaging,91.46,pdf_page_107,27,"['', '91', '59.93', '62.50', '69.43', '76.88', '91.46', '106.82', '112.56']",pdfplumber
466,home_delivery,2,91,FedEx Envelope,59.93,pdf_page_107,27,"['', '91', '59.93', '62.50', '69.43', '76.88', '91.46', '106.82', '112.56']",pdfplumber
467,home_delivery,2,91,FedEx Pak,62.50,pdf_page_107,27,"['', '91', '59.93', '62.50', '69.43', '76.88', '91.46', '106.82', '112.56']",pdfplumber
468,home_delivery,2,91,FedEx Box,69.43,pdf_page_107,27,"['', '91', '59.93', '62.50', '69.43', '76.88', '91.46', '106.82', '112.56']",pdfplumber
469,home_delivery,2,91,FedEx Tube,76.88,pdf_page_107,27,"['', '91', '59.93', '62.50', '69.43', '76.88', '91.46', '106.82', '112.56']",pdfplumber
470,home_delivery,2,91,Your Packaging,91.46,pdf_page_107,27,"['', '91', '59.93', '62.50', '69.43', '76.88', '91.46', '106.82', '112.56']",pdfplumber
471,ground,2,92,FedEx Envelope,61.27,pdf_page_107,28,"['', '92', '61.27', '63.09', '69.80', '77.62', '92.58', '106.84', '112.89']",pdfplumber
472,ground,2,92,FedEx Pak,63.09,pdf_page_107,28,"['', '92', '61.27', '63.09', '69.80', '77.62', '92.58', '106.84', '112.89']",pdfplumber
473,ground,2,92,FedEx Box,69.80,pdf_page_107,28,"['', '92', '61.27', '63.09', '69.80', '77.62', '92.58', '106.84', '112.89']",pdfplumber
474,ground,2,92,FedEx Tube,77.62,pdf_page_107,28,"['', '92', '61.27', '63.09', '69.80', '77.62', '92.58', '106.84', '112.89']",pdfplumber
475,ground,2,92,Your Packaging,92.58,pdf_page_107,28,"['', '92', '61.27', '63.09', '69.80', '77.62', '92.58', '106.84', '112.89']",pdfplumber
476,home_delivery,2,92,FedEx Envelope,61.27,pdf_page_107,28,"['', '92', '61.27', '63.09', '69.80', '77.62', '92.58', '106.84', '112.89']",pdfplumber
477,home_delivery,2,92,FedEx Pak,63.09,pdf_page_107,28,"['', '92', '61.27', '63.09', '69.80', '77.62', '92.58', '106.84', '112.89']",pdfplumber
478,home_delivery,2,92,FedEx Box,69.80,pdf_page_107,28,"['', '92', '61.27', '63.09', '69.80', '77.62', '92.58', '106.84', '112.89']",pdfplumber
479,home_delivery,2,92,FedEx Tube,77.62,pdf_page_107,28,"['', '92', '61.27', '63.09', '69.80', '77.62', '92.58', '106.84', '112.89']",pdfplumber
480,home_delivery,2,92,Your Packaging,92.58,pdf_page_107,28,"['', '92', '61.27', '63.09', '69.80', '77.62', '92.58', '106.84', '112.89']",pdfplumber
481,ground,2,93,FedEx Envelope,62.06,pdf_page_107,29,"['', '93', '62.06', '63.69', '71.12', '77.63', '92.59', '106.85', '112.90']",pdfplumber
482,ground,2,93,FedEx Pak,63.69,pdf_page_107,29,"['', '93', '62.06', '63.69', '71.12', '77.63', '92.59', '106.85', '112.90']",pdfplumber
483,ground,2,93,FedEx Box,71.12,pdf_page_107,29,"['', '93', '62.06', '63.69', '71.12', '77.63', '92.59', '106.85', '112.90']",pdfplumber
484,ground,2,93,FedEx Tube,77.63,pdf_page_107,29,"['', '93', '62.06', '63.69', '71.12', '77.63', '92.59', '106.85', '112.90']",pdfplumber
485,ground,2,93,Your Packaging,92.59,pdf_page_107,29,"['', '93', '62.06', '63.69', '71.12', '77.63', '92.59', '106.85', '112.90']",pdfplumber
486,home_delivery,2,93,FedEx Envelope,62.06,pdf_page_107,29,"['', '93', '62.06', '63.69', '71.12', '77.63', '92.59', '106.85', '112.90']",pdfplumber
487,home_delivery,2,93,FedEx Pak,63.69,pdf_page_107,29,"['', '93', '62.06', '63.69', '71.12', '77.63', '92.59', '106.85', '112.90']",pdfplumber
488,home_delivery,2,93,FedEx Box,71.12,pdf_page_107,29,"['', '93', '62.06', '63.69', '71.12', '77.63', '92.59', '106.85', '112.90']",pdfplumber
489,home_delivery,2,93,FedEx Tube,77.63,pdf_page_107,29,"['', '93', '62.06', '63.69', '71.12', '77.63', '92.59', '106.85', '112.90']",pdfplumber
490,home_delivery,2,93,Your Packaging,92.59,pdf_page_107,29,"['', '93', '62.06', '63.69', '71.12', '77.63', '92.59', '106.85', '112.90']",pdfplumber
491,ground,2,94,FedEx Envelope,62.38,pdf_page_107,30,"['', '94', '62.38', '65.37', '71.47', '78.63', '94.55', '106.87', '115.14']",pdfplumber
492,ground,2,94,FedEx Pak,65.37,pdf_page_107,30,"['', '94', '62.38', '65.37', '71.47', '78.63', '94.55', '106.87', '115.14']",pdfplumber
493,ground,2,94,FedEx Box,71.47,pdf_page_107,30,"['', '94', '62.38', '65.37', '71.47', '78.63', '94.55', '106.87', '115.14']",pdfplumber
494,ground,2,94,FedEx Tube,78.63,pdf_page_107,30,"['', '94', '62.38', '65.37', '71.47', '78.63', '94.55', '106.87', '115.14']",pdfplumber
495,ground,2,94,Your Packaging,94.55,pdf_page_107,30,"['', '94', '62.38', '65.37', '71.47', '78.63', '94.55', '106.87', '115.14']",pdfplumber
496,home_delivery,2,94,FedEx Envelope,62.38,pdf_page_107,30,"['', '94', '62.38', '65.37', '71.47', '78.63', '94.55', '106.87', '115.14']",pdfplumber
497,home_delivery,2,94,FedEx Pak,65.37,pdf_page_107,30,"['', '94', '62.38', '65.37', '71.47', '78.63', '94.55', '106.87', '115.14']",pdfplumber
498,home_delivery,2,94,FedEx Box,71.47,pdf_page_107,30,"['', '94', '62.38', '65.37', '71.47', '78.63', '94.55', '106.87', '115.14']",pdfplumber
499,home_delivery,2,94,FedEx Tube,78.63,pdf_page_107,30,"['', '94', '62.38', '65.37', '71.47', '78.63', '94.55', '106.87', '115.14']",pdfplumber
500,home_delivery,2,94,Your Packaging,94.55,pdf_page_107,30,"['', '94', '62.38', '65.37', '71.47', '78.63', '94.55', '106.87', '115.14']",pdfplumber
501,ground,2,95,FedEx Envelope,63.23,pdf_page_107,31,"['', '95', '63.23', '65.96', '71.95', '79.70', '94.83', '107.24', '116.38']",pdfplumber
502,ground,2,95,FedEx Pak,65.96,pdf_page_107,31,"['', '95', '63.23', '65.96', '71.95', '79.70', '94.83', '107.24', '116.38']",pdfplumber
503,ground,2,95,FedEx Box,71.95,pdf_page_107,31,"['', '95', '63.23', '65.96', '71.95', '79.70', '94.83', '107.24', '116.38']",pdfplumber
504,ground,2,95,FedEx Tube,79.70,pdf_page_107,31,"['', '95', '63.23', '65.96', '71.95', '79.70', '94.83', '107.24', '116.38']",pdfplumber
505,ground,2,95,Your Packaging,94.83,pdf_page_107,31,"['', '95', '63.23', '65.96', '71.95', '79.70', '94.83', '107.24', '116.38']",pdfplumber
506,home_delivery,2,95,FedEx Envelope,63.23,pdf_page_107,31,"['', '95', '63.23', '65.96', '71.95', '79.70', '94.83', '107.24', '116.38']",pdfplumber
507,home_delivery,2,95,FedEx Pak,65.96,pdf_page_107,31,"['', '95', '63.23', '65.96', '71.95', '79.70', '94.83', '107.24', '116.38']",pdfplumber
508,home_delivery,2,95,FedEx Box,71.95,pdf_page_107,31,"['', '95', '63.23', '65.96', '71.95', '79.70', '94.83', '107.24', '116.38']",pdfplumber
509,home_delivery,2,95,FedEx Tube,79.70,pdf_page_107,31,"['', '95', '63.23', '65.96', '71.95', '79.70', '94.83', '107.24', '116.38']",pdfplumber
510,home_delivery,2,95,Your Packaging,94.83,pdf_page_107,31,"['', '95', '63.23', '65.96', '71.95', '79.70', '94.83', '107.24', '116.38']",pdfplumber
511,ground,2,102,FedEx Envelope,71.56,pdf_page_108,4,"['', '102', '71.56', '71.73', '78.57', '85.14', '100.22', '111.02', '122.28']",pdfplumber
512,ground,2,102,FedEx Pak,71.73,pdf_page_108,4,"['', '102', '71.56', '71.73', '78.57', '85.14', '100.22', '111.02', '122.28']",pdfplumber
513,ground,2,102,FedEx Box,78.57,pdf_page_108,4,"['', '102', '71.56', '71.73', '78.57', '85.14', '100.22', '111.02', '122.28']",pdfplumber
514,ground,2,102,FedEx Tube,85.14,pdf_page_108,4,"['', '102', '71.56', '71.73', '78.57', '85.14', '100.22', '111.02', '122.28']",pdfplumber
515,ground,2,102,Your Packaging,100.22,pdf_page_108,4,"['', '102', '71.56', '71.73', '78.57', '85.14', '100.22', '111.02', '122.28']",pdfplumber
516,home_delivery,2,102,FedEx Envelope,71.56,pdf_page_108,4,"['', '102', '71.56', '71.73', '78.57', '85.14', '100.22', '111.02', '122.28']",pdfplumber
517,home_delivery,2,102,FedEx Pak,71.73,pdf_page_108,4,"['', '102', '71.56', '71.73', '78.57', '85.14', '100.22', '111.02', '122.28']",pdfplumber
518,home_delivery,2,102,FedEx Box,78.57,pdf_page_108,4,"['', '102', '71.56', '71.73', '78.57', '85.14', '100.22', '111.02', '122.28']",pdfplumber
519,home_delivery,2,102,FedEx Tube,85.14,pdf_page_108,4,"['', '102', '71.56', '71.73', '78.57', '85.14', '100.22', '111.02', '122.28']",pdfplumber
520,home_delivery,2,102,Your Packaging,100.22,pdf_page_108,4,"['', '102', '71.56', '71.73', '78.57', '85.14', '100.22', '111.02', '122.28']",pdfplumber
521,ground,2,103,FedEx Envelope,72.50,pdf_page_108,5,"['', '103', '72.50', '73.51', '80.19', '85.64', '100.47', '111.03', '122.29']",pdfplumber
522,ground,2,103,FedEx Pak,73.51,pdf_page_108,5,"['', '103', '72.50', '73.51', '80.19', '85.64', '100.47', '111.03', '122.29']",pdfplumber
523,ground,2,103,FedEx Box,80.19,pdf_page_108,5,"['', '103', '72.50', '73.51', '80.19', '85.64', '100.47', '111.03', '122.29']",pdfplumber
524,ground,2,103,FedEx Tube,85.64,pdf_page_108,5,"['', '103', '72.50', '73.51', '80.19', '85.64', '100.47', '111.03', '122.29']",pdfplumber
525,ground,2,103,Your Packaging,100.47,pdf_page_108,5,"['', '103', '72.50', '73.51', '80.19', '85.64', '100.47', '111.03', '122.29']",pdfplumber
526,home_delivery,2,103,FedEx Envelope,72.50,pdf_page_108,5,"['', '103', '72.50', '73.51', '80.19', '85.64', '100.47', '111.03', '122.29']",pdfplumber
527,home_delivery,2,103,FedEx Pak,73.51,pdf_page_108,5,"['', '103', '72.50', '73.51', '80.19', '85.64', '100.47', '111.03', '122.29']",pdfplumber
528,home_delivery,2,103,FedEx Box,80.19,pdf_page_108,5,"['', '103', '72.50', '73.51', '80.19', '85.64', '100.47', '111.03', '122.29']",pdfplumber
529,home_delivery,2,103,FedEx Tube,85.64,pdf_page_108,5,"['', '103', '72.50', '73.51', '80.19', '85.64', '100.47', '111.03', '122.29']",pdfplumber
530,home_delivery,2,103,Your Packaging,100.47,pdf_page_108,5,"['', '103', '72.50', '73.51', '80.19', '85.64', '100.47', '111.03', '122.29']",pdfplumber
531,ground,2,104,FedEx Envelope,72.51,pdf_page_108,6,"['', '104', '72.51', '73.52', '80.39', '85.74', '100.48', '111.04', '122.30']",pdfplumber
532,ground,2,104,FedEx Pak,73.52,pdf_page_108,6,"['', '104', '72.51', '73.52', '80.39', '85.74', '100.48', '111.04', '122.30']",pdfplumber
533,ground,2,104,FedEx Box,80.39,pdf_page_108,6,"['', '104', '72.51', '73.52', '80.39', '85.74', '100.48', '111.04', '122.30']",pdfplumber
534,ground,2,104,FedEx Tube,85.74,pdf_page_108,6,"['', '104', '72.51', '73.52', '80.39', '85.74', '100.48', '111.04', '122.30']",pdfplumber
535,ground,2,104,Your Packaging,100.48,pdf_page_108,6,"['', '104', '72.51', '73.52', '80.39', '85.74', '100.48', '111.04', '122.30']",pdfplumber
536,home_delivery,2,104,FedEx Envelope,72.51,pdf_page_108,6,"['', '104', '72.51', '73.52', '80.39', '85.74', '100.48', '111.04', '122.30']",pdfplumber
537,home_delivery,2,104,FedEx Pak,73.52,pdf_page_108,6,"['', '104', '72.51', '73.52', '80.39', '85.74', '100.48', '111.04', '122.30']",pdfplumber
538,home_delivery,2,104,FedEx Box,80.39,pdf_page_108,6,"['', '104', '72.51', '73.52', '80.39', '85.74', '100.48', '111.04', '122.30']",pdfplumber
539,home_delivery,2,104,FedEx Tube,85.74,pdf_page_108,6,"['', '104', '72.51', '73.52', '80.39', '85.74', '100.48', '111.04', '122.30']",pdfplumber
540,home_delivery,2,104,Your Packaging,100.48,pdf_page_108,6,"['', '104', '72.51', '73.52', '80.39', '85.74', '100.48', '111.04', '122.30']",pdfplumber
541,ground,2,105,FedEx Envelope,75.10,pdf_page_108,7,"['', '105', '75.10', '75.69', '82.09', '88.34', '102.97', '113.62', '125.31']",pdfplumber
542,ground,2,105,FedEx Pak,75.69,pdf_page_108,7,"['', '105', '75.10', '75.69', '82.09', '88.34', '102.97', '113.62', '125.31']",pdfplumber
543,ground,2,105,FedEx Box,82.09,pdf_page_108,7,"['', '105', '75.10', '75.69', '82.09', '88.34', '102.97', '113.62', '125.31']",pdfplumber
544,ground,2,105,FedEx Tube,88.34,pdf_page_108,7,"['', '105', '75.10', '75.69', '82.09', '88.34', '102.97', '113.62', '125.31']",pdfplumber
545,ground,2,105,Your Packaging,102.97,pdf_page_108,7,"['', '105', '75.10', '75.69', '82.09', '88.34', '102.97', '113.62', '125.31']",pdfplumber
546,home_delivery,2,105,FedEx Envelope,75.10,pdf_page_108,7,"['', '105', '75.10', '75.69', '82.09', '88.34', '102.97', '113.62', '125.31']",pdfplumber
547,home_delivery,2,105,FedEx Pak,75.69,pdf_page_108,7,"['', '105', '75.10', '75.69', '82.09', '88.34', '102.97', '113.62', '125.31']",pdfplumber
548,home_delivery,2,105,FedEx Box,82.09,pdf_page_108,7,"['', '105', '75.10', '75.69', '82.09', '88.34', '102.97', '113.62', '125.31']",pdfplumber
549,home_delivery,2,105,FedEx Tube,88.34,pdf_page_108,7,"['', '105', '75.10', '75.69', '82.09', '88.34', '102.97', '113.62', '125.31']",pdfplumber
550,home_delivery,2,105,Your Packaging,102.97,pdf_page_108,7,"['', '105', '75.10', '75.69', '82.09', '88.34', '102.97', '113.62', '125.31']",pdfplumber
551,ground,2,111,FedEx Envelope,80.81,pdf_page_108,9,"['', '111', '80.81', '81.48', '88.75', '93.69', '107.73', '119.57', '132.55']",pdfplumber
552,ground,2,111,FedEx Pak,81.48,pdf_page_108,9,"['', '111', '80.81', '81.48', '88.75', '93.69', '107.73', '119.57', '132.55']",pdfplumber
553,ground,2,111,FedEx Box,88.75,pdf_page_108,9,"['', '111', '80.81', '81.48', '88.75', '93.69', '107.73', '119.57', '132.55']",pdfplumber
554,ground,2,111,FedEx Tube,93.69,pdf_page_108,9,"['', '111', '80.81', '81.48', '88.75', '93.69', '107.73', '119.57', '132.55']",pdfplumber
555,ground,2,111,Your Packaging,107.73,pdf_page_108,9,"['', '111', '80.81', '81.48', '88.75', '93.69', '107.73', '119.57', '132.55']",pdfplumber
556,home_delivery,2,111,FedEx Envelope,80.81,pdf_page_108,9,"['', '111', '80.81', '81.48', '88.75', '93.69', '107.73', '119.57', '132.55']",pdfplumber
557,home_delivery,2,111,FedEx Pak,81.48,pdf_page_108,9,"['', '111', '80.81', '81.48', '88.75', '93.69', '107.73', '119.57', '132.55']",pdfplumber
558,home_delivery,2,111,FedEx Box,88.75,pdf_page_108,9,"['', '111', '80.81', '81.48', '88.75', '93.69', '107.73', '119.57', '132.55']",pdfplumber
559,home_delivery,2,111,FedEx Tube,93.69,pdf_page_108,9,"['', '111', '80.81', '81.48', '88.75', '93.69', '107.73', '119.57', '132.55']",pdfplumber
560,home_delivery,2,111,Your Packaging,107.73,pdf_page_108,9,"['', '111', '80.81', '81.48', '88.75', '93.69', '107.73', '119.57', '132.55']",pdfplumber
561,ground,2,112,FedEx Envelope,81.76,pdf_page_108,10,"['', '112', '81.76', '83.16', '88.76', '93.70', '108.58', '119.58', '132.56']",pdfplumber
562,ground,2,112,FedEx Pak,83.16,pdf_page_108,10,"['', '112', '81.76', '83.16', '88.76', '93.70', '108.58', '119.58', '132.56']",pdfplumber
563,ground,2,112,FedEx Box,88.76,pdf_page_108,10,"['', '112', '81.76', '83.16', '88.76', '93.70', '108.58', '119.58', '132.56']",pdfplumber
564,ground,2,112,FedEx Tube,93.70,pdf_page_108,10,"['', '112', '81.76', '83.16', '88.76', '93.70', '108.58', '119.58', '132.56']",pdfplumber
565,ground,2,112,Your Packaging,108.58,pdf_page_108,10,"['', '112', '81.76', '83.16', '88.76', '93.70', '108.58', '119.58', '132.56']",pdfplumber
566,home_delivery,2,112,FedEx Envelope,81.76,pdf_page_108,10,"['', '112', '81.76', '83.16', '88.76', '93.70', '108.58', '119.58', '132.56']",pdfplumber
567,home_delivery,2,112,FedEx Pak,83.16,pdf_page_108,10,"['', '112', '81.76', '83.16', '88.76', '93.70', '108.58', '119.58', '132.56']",pdfplumber
568,home_delivery,2,112,FedEx Box,88.76,pdf_page_108,10,"['', '112', '81.76', '83.16', '88.76', '93.70', '108.58', '119.58', '132.56']",pdfplumber
569,home_delivery,2,112,FedEx Tube,93.70,pdf_page_108,10,"['', '112', '81.76', '83.16', '88.76', '93.70', '108.58', '119.58', '132.56']",pdfplumber
570,home_delivery,2,112,Your Packaging,108.58,pdf_page_108,10,"['', '112', '81.76', '83.16', '88.76', '93.70', '108.58', '119.58', '132.56']",pdfplumber
571,ground,2,113,FedEx Envelope,81.77,pdf_page_108,11,"['', '113', '81.77', '83.17', '89.74', '94.57', '108.59', '119.59', '133.71']",pdfplumber
572,ground,2,113,FedEx Pak,83.17,pdf_page_108,11,"['', '113', '81.77', '83.17', '89.74', '94.57', '108.59', '119.59', '133.71']",pdfplumber
573,ground,2,113,FedEx Box,89.74,pdf_page_108,11,"['', '113', '81.77', '83.17', '89.74', '94.57', '108.59', '119.59', '133.71']",pdfplumber
574,ground,2,113,FedEx Tube,94.57,pdf_page_108,11,"['', '113', '81.77', '83.17', '89.74', '94.57', '108.59', '119.59', '133.71']",pdfplumber
575,ground,2,113,Your Packaging,108.59,pdf_page_108,11,"['', '113', '81.77', '83.17', '89.74', '94.57', '108.59', '119.59', '133.71']",pdfplumber
576,home_delivery,2,113,FedEx Envelope,81.77,pdf_page_108,11,"['', '113', '81.77', '83.17', '89.74', '94.57', '108.59', '119.59', '133.71']",pdfplumber
577,home_delivery,2,113,FedEx Pak,83.17,pdf_page_108,11,"['', '113', '81.77', '83.17', '89.74', '94.57', '108.59', '119.59', '133.71']",pdfplumber
578,home_delivery,2,113,FedEx Box,89.74,pdf_page_108,11,"['', '113', '81.77', '83.17', '89.74', '94.57', '108.59', '119.59', '133.71']",pdfplumber
579,home_delivery,2,113,FedEx Tube,94.57,pdf_page_108,11,"['', '113', '81.77', '83.17', '89.74', '94.57', '108.59', '119.59', '133.71']",pdfplumber
580,home_delivery,2,113,Your Packaging,108.59,pdf_page_108,11,"['', '113', '81.77', '83.17', '89.74', '94.57', '108.59', '119.59', '133.71']",pdfplumber
581,ground,2,114,FedEx Envelope,82.63,pdf_page_108,12,"['', '114', '82.63', '84.95', '91.61', '96.41', '111.47', '122.58', '135.84']",pdfplumber
582,ground,2,114,FedEx Pak,84.95,pdf_page_108,12,"['', '114', '82.63', '84.95', '91.61', '96.41', '111.47', '122.58', '135.84']",pdfplumber
583,ground,2,114,FedEx Box,91.61,pdf_page_108,12,"['', '114', '82.63', '84.95', '91.61', '96.41', '111.47', '122.58', '135.84']",pdfplumber
584,ground,2,114,FedEx Tube,96.41,pdf_page_108,12,"['', '114', '82.63', '84.95', '91.61', '96.41', '111.47', '122.58', '135.84']",pdfplumber
585,ground,2,114,Your Packaging,111.47,pdf_page_108,12,"['', '114', '82.63', '84.95', '91.61', '96.41', '111.47', '122.58', '135.84']",pdfplumber
586,home_delivery,2,114,FedEx Envelope,82.63,pdf_page_108,12,"['', '114', '82.63', '84.95', '91.61', '96.41', '111.47', '122.58', '135.84']",pdfplumber
587,home_delivery,2,114,FedEx Pak,84.95,pdf_page_108,12,"['', '114', '82.63', '84.95', '91.61', '96.41', '111.47', '122.58', '135.84']",pdfplumber
588,home_delivery,2,114,FedEx Box,91.61,pdf_page_108,12,"['', '114', '82.63', '84.95', '91.61', '96.41', '111.47', '122.58', '135.84']",pdfplumber
589,home_delivery,2,114,FedEx Tube,96.41,pdf_page_108,12,"['', '114', '82.63', '84.95', '91.61', '96.41', '111.47', '122.58', '135.84']",pdfplumber
590,home_delivery,2,114,Your Packaging,111.47,pdf_page_108,12,"['', '114', '82.63', '84.95', '91.61', '96.41', '111.47', '122.58', '135.84']",pdfplumber
591,ground,2,115,FedEx Envelope,85.14,pdf_page_108,13,"['', '115', '85.14', '86.23', '91.64', '97.58', '111.49', '123.75', '135.89']",pdfplumber
592,ground,2,115,FedEx Pak,86.23,pdf_page_108,13,"['', '115', '85.14', '86.23', '91.64', '97.58', '111.49', '123.75', '135.89']",pdfplumber
593,ground,2,115,FedEx Box,91.64,pdf_page_108,13,"['', '115', '85.14', '86.23', '91.64', '97.58', '111.49', '123.75', '135.89']",pdfplumber
594,ground,2,115,FedEx Tube,97.58,pdf_page_108,13,"['', '115', '85.14', '86.23', '91.64', '97.58', '111.49', '123.75', '135.89']",pdfplumber
595,ground,2,115,Your Packaging,111.49,pdf_page_108,13,"['', '115', '85.14', '86.23', '91.64', '97.58', '111.49', '123.75', '135.89']",pdfplumber
596,home_delivery,2,115,FedEx Envelope,85.14,pdf_page_108,13,"['', '115', '85.14', '86.23', '91.64', '97.58', '111.49', '123.75', '135.89']",pdfplumber
597,home_delivery,2,115,FedEx Pak,86.23,pdf_page_108,13,"['', '115', '85.14', '86.23', '91.64', '97.58', '111.49', '123.75', '135.89']",pdfplumber
598,home_delivery,2,115,FedEx Box,91.64,pdf_page_108,13,"['', '115', '85.14', '86.23', '91.64', '97.58', '111.49', '123.75', '135.89']",pdfplumber
599,home_delivery,2,115,FedEx Tube,97.58,pdf_page_108,13,"['', '115', '85.14', '86.23', '91.64', '97.58', '111.49', '123.75', '135.89']",pdfplumber
600,home_delivery,2,115,Your Packaging,111.49,pdf_page_108,13,"['', '115', '85.14', '86.23', '91.64', '97.58', '111.49', '123.75', '135.89']",pdfplumber
601,ground,2,121,FedEx Envelope,91.13,pdf_page_108,15,"['', '121', '91.13', '91.21', '96.67', '101.40', '116.70', '127.98', '141.31']",pdfplumber
602,ground,2,121,FedEx Pak,91.21,pdf_page_108,15,"['', '121', '91.13', '91.21', '96.67', '101.40', '116.70', '127.98', '141.31']",pdfplumber
603,ground,2,121,FedEx Box,96.67,pdf_page_108,15,"['', '121', '91.13', '91.21', '96.67', '101.40', '116.70', '127.98', '141.31']",pdfplumber
604,ground,2,121,FedEx Tube,101.40,pdf_page_108,15,"['', '121', '91.13', '91.21', '96.67', '101.40', '116.70', '127.98', '141.31']",pdfplumber
605,ground,2,121,Your Packaging,116.70,pdf_page_108,15,"['', '121', '91.13', '91.21', '96.67', '101.40', '116.70', '127.98', '141.31']",pdfplumber
606,home_delivery,2,121,FedEx Envelope,91.13,pdf_page_108,15,"['', '121', '91.13', '91.21', '96.67', '101.40', '116.70', '127.98', '141.31']",pdfplumber
607,home_delivery,2,121,FedEx Pak,91.21,pdf_page_108,15,"['', '121', '91.13', '91.21', '96.67', '101.40', '116.70', '127.98', '141.31']",pdfplumber
608,home_delivery,2,121,FedEx Box,96.67,pdf_page_108,15,"['', '121', '91.13', '91.21', '96.67', '101.40', '116.70', '127.98', '141.31']",pdfplumber
609,home_delivery,2,121,FedEx Tube,101.40,pdf_page_108,15,"['', '121', '91.13', '91.21', '96.67', '101.40', '116.70', '127.98', '141.31']",pdfplumber
610,home_delivery,2,121,Your Packaging,116.70,pdf_page_108,15,"['', '121', '91.13', '91.21', '96.67', '101.40', '116.70', '127.98', '141.31']",pdfplumber
611,ground,2,122,FedEx Envelope,91.14,pdf_page_108,16,"['', '122', '91.14', '92.96', '97.62', '102.31', '117.61', '129.99', '143.79']",pdfplumber
612,ground,2,122,FedEx Pak,92.96,pdf_page_108,16,"['', '122', '91.14', '92.96', '97.62', '102.31', '117.61', '129.99', '143.79']",pdfplumber
613,ground,2,122,FedEx Box,97.62,pdf_page_108,16,"['', '122', '91.14', '92.96', '97.62', '102.31', '117.61', '129.99', '143.79']",pdfplumber
614,ground,2,122,FedEx Tube,102.31,pdf_page_108,16,"['', '122', '91.14', '92.96', '97.62', '102.31', '117.61', '129.99', '143.79']",pdfplumber
615,ground,2,122,Your Packaging,117.61,pdf_page_108,16,"['', '122', '91.14', '92.96', '97.62', '102.31', '117.61', '129.99', '143.79']",pdfplumber
616,home_delivery,2,122,FedEx Envelope,91.14,pdf_page_108,16,"['', '122', '91.14', '92.96', '97.62', '102.31', '117.61', '129.99', '143.79']",pdfplumber
617,home_delivery,2,122,FedEx Pak,92.96,pdf_page_108,16,"['', '122', '91.14', '92.96', '97.62', '102.31', '117.61', '129.99', '143.79']",pdfplumber
618,home_delivery,2,122,FedEx Box,97.62,pdf_page_108,16,"['', '122', '91.14', '92.96', '97.62', '102.31', '117.61', '129.99', '143.79']",pdfplumber
619,home_delivery,2,122,FedEx Tube,102.31,pdf_page_108,16,"['', '122', '91.14', '92.96', '97.62', '102.31', '117.61', '129.99', '143.79']",pdfplumber
620,home_delivery,2,122,Your Packaging,117.61,pdf_page_108,16,"['', '122', '91.14', '92.96', '97.62', '102.31', '117.61', '129.99', '143.79']",pdfplumber
621,ground,2,123,FedEx Envelope,91.96,pdf_page_108,17,"['', '123', '91.96', '93.05', '100.55', '105.10', '118.53', '132.38', '145.75']",pdfplumber
622,ground,2,123,FedEx Pak,93.05,pdf_page_108,17,"['', '123', '91.96', '93.05', '100.55', '105.10', '118.53', '132.38', '145.75']",pdfplumber
623,ground,2,123,FedEx Box,100.55,pdf_page_108,17,"['', '123', '91.96', '93.05', '100.55', '105.10', '118.53', '132.38', '145.75']",pdfplumber
624,ground,2,123,FedEx Tube,105.10,pdf_page_108,17,"['', '123', '91.96', '93.05', '100.55', '105.10', '118.53', '132.38', '145.75']",pdfplumber
625,ground,2,123,Your Packaging,118.53,pdf_page_108,17,"['', '123', '91.96', '93.05', '100.55', '105.10', '118.53', '132.38', '145.75']",pdfplumber
626,home_delivery,2,123,FedEx Envelope,91.96,pdf_page_108,17,"['', '123', '91.96', '93.05', '100.55', '105.10', '118.53', '132.38', '145.75']",pdfplumber
627,home_delivery,2,123,FedEx Pak,93.05,pdf_page_108,17,"['', '123', '91.96', '93.05', '100.55', '105.10', '118.53', '132.38', '145.75']",pdfplumber
628,home_delivery,2,123,FedEx Box,100.55,pdf_page_108,17,"['', '123', '91.96', '93.05', '100.55', '105.10', '118.53', '132.38', '145.75']",pdfplumber
629,home_delivery,2,123,FedEx Tube,105.10,pdf_page_108,17,"['', '123', '91.96', '93.05', '100.55', '105.10', '118.53', '132.38', '145.75']",pdfplumber
630,home_delivery,2,123,Your Packaging,118.53,pdf_page_108,17,"['', '123', '91.96', '93.05', '100.55', '105.10', '118.53', '132.38', '145.75']",pdfplumber
631,ground,2,124,FedEx Envelope,91.97,pdf_page_108,18,"['', '124', '91.97', '93.97', '101.60', '105.11', '119.31', '132.39', '145.76']",pdfplumber
632,ground,2,124,FedEx Pak,93.97,pdf_page_108,18,"['', '124', '91.97', '93.97', '101.60', '105.11', '119.31', '132.39', '145.76']",pdfplumber
633,ground,2,124,FedEx Box,101.60,pdf_page_108,18,"['', '124', '91.97', '93.97', '101.60', '105.11', '119.31', '132.39', '145.76']",pdfplumber
634,ground,2,124,FedEx Tube,105.11,pdf_page_108,18,"['', '124', '91.97', '93.97', '101.60', '105.11', '119.31', '132.39', '145.76']",pdfplumber
635,ground,2,124,Your Packaging,119.31,pdf_page_108,18,"['', '124', '91.97', '93.97', '101.60', '105.11', '119.31', '132.39', '145.76']",pdfplumber
636,home_delivery,2,124,FedEx Envelope,91.97,pdf_page_108,18,"['', '124', '91.97', '93.97', '101.60', '105.11', '119.31', '132.39', '145.76']",pdfplumber
637,home_delivery,2,124,FedEx Pak,93.97,pdf_page_108,18,"['', '124', '91.97', '93.97', '101.60', '105.11', '119.31', '132.39', '145.76']",pdfplumber
638,home_delivery,2,124,FedEx Box,101.60,pdf_page_108,18,"['', '124', '91.97', '93.97', '101.60', '105.11', '119.31', '132.39', '145.76']",pdfplumber
639,home_delivery,2,124,FedEx Tube,105.11,pdf_page_108,18,"['', '124', '91.97', '93.97', '101.60', '105.11', '119.31', '132.39', '145.76']",pdfplumber
640,home_delivery,2,124,Your Packaging,119.31,pdf_page_108,18,"['', '124', '91.97', '93.97', '101.60', '105.11', '119.31', '132.39', '145.76']",pdfplumber
641,ground,2,125,FedEx Envelope,92.85,pdf_page_108,19,"['', '125', '92.85', '93.98', '101.61', '105.12', '119.32', '132.40', '145.77']",pdfplumber
642,ground,2,125,FedEx Pak,93.98,pdf_page_108,19,"['', '125', '92.85', '93.98', '101.61', '105.12', '119.32', '132.40', '145.77']",pdfplumber
643,ground,2,125,FedEx Box,101.61,pdf_page_108,19,"['', '125', '92.85', '93.98', '101.61', '105.12', '119.32', '132.40', '145.77']",pdfplumber
644,ground,2,125,FedEx Tube,105.12,pdf_page_108,19,"['', '125', '92.85', '93.98', '101.61', '105.12', '119.32', '132.40', '145.77']",pdfplumber
645,ground,2,125,Your Packaging,119.32,pdf_page_108,19,"['', '125', '92.85', '93.98', '101.61', '105.12', '119.32', '132.40', '145.77']",pdfplumber
646,home_delivery,2,125,FedEx Envelope,92.85,pdf_page_108,19,"['', '125', '92.85', '93.98', '101.61', '105.12', '119.32', '132.40', '145.77']",pdfplumber
647,home_delivery,2,125,FedEx Pak,93.98,pdf_page_108,19,"['', '125', '92.85', '93.98', '101.61', '105.12', '119.32', '132.40', '145.77']",pdfplumber
648,home_delivery,2,125,FedEx Box,101.61,pdf_page_108,19,"['', '125', '92.85', '93.98', '101.61', '105.12', '119.32', '132.40', '145.77']",pdfplumber
649,home_delivery,2,125,FedEx Tube,105.12,pdf_page_108,19,"['', '125', '92.85', '93.98', '101.61', '105.12', '119.32', '132.40', '145.77']",pdfplumber
650,home_delivery,2,125,Your Packaging,119.32,pdf_page_108,19,"['', '125', '92.85', '93.98', '101.61', '105.12', '119.32', '132.40', '145.77']",pdfplumber
651,ground,2,131,FedEx Envelope,98.34,pdf_page_108,21,"['', '131', '98.34', '99.35', '107.64', '110.05', '125.49', '137.87', '157.42']",pdfplumber
652,ground,2,131,FedEx Pak,99.35,pdf_page_108,21,"['', '131', '98.34', '99.35', '107.64', '110.05', '125.49', '137.87', '157.42']",pdfplumber
653,ground,2,131,FedEx Box,107.64,pdf_page_108,21,"['', '131', '98.34', '99.35', '107.64', '110.05', '125.49', '137.87', '157.42']",pdfplumber
654,ground,2,131,FedEx Tube,110.05,pdf_page_108,21,"['', '131', '98.34', '99.35', '107.64', '110.05', '125.49', '137.87', '157.42']",pdfplumber
655,ground,2,131,Your Packaging,125.49,pdf_page_108,21,"['', '131', '98.34', '99.35', '107.64', '110.05', '125.49', '137.87', '157.42']",pdfplumber
656,home_delivery,2,131,FedEx Envelope,98.34,pdf_page_108,21,"['', '131', '98.34', '99.35', '107.64', '110.05', '125.49', '137.87', '157.42']",pdfplumber
657,home_delivery,2,131,FedEx Pak,99.35,pdf_page_108,21,"['', '131', '98.34', '99.35', '107.64', '110.05', '125.49', '137.87', '157.42']",pdfplumber
658,home_delivery,2,131,FedEx Box,107.64,pdf_page_108,21,"['', '131', '98.34', '99.35', '107.64', '110.05', '125.49', '137.87', '157.42']",pdfplumber
659,home_delivery,2,131,FedEx Tube,110.05,pdf_page_108,21,"['', '131', '98.34', '99.35', '107.64', '110.05', '125.49', '137.87', '157.42']",pdfplumber
660,home_delivery,2,131,Your Packaging,125.49,pdf_page_108,21,"['', '131', '98.34', '99.35', '107.64', '110.05', '125.49', '137.87', '157.42']",pdfplumber
661,ground,2,132,FedEx Envelope,99.38,pdf_page_108,22,"['', '132', '99.38', '99.39', '107.65', '110.78', '125.50', '137.88', '157.43']",pdfplumber
662,ground,2,132,FedEx Pak,99.39,pdf_page_108,22,"['', '132', '99.38', '99.39', '107.65', '110.78', '125.50', '137.88', '157.43']",pdfplumber
663,ground,2,132,FedEx Box,107.65,pdf_page_108,22,"['', '132', '99.38', '99.39', '107.65', '110.78', '125.50', '137.88', '157.43']",pdfplumber
664,ground,2,132,FedEx Tube,110.78,pdf_page_108,22,"['', '132', '99.38', '99.39', '107.65', '110.78', '125.50', '137.88', '157.43']",pdfplumber
665,ground,2,132,Your Packaging,125.50,pdf_page_108,22,"['', '132', '99.38', '99.39', '107.65', '110.78', '125.50', '137.88', '157.43']",pdfplumber
666,home_delivery,2,132,FedEx Envelope,99.38,pdf_page_108,22,"['', '132', '99.38', '99.39', '107.65', '110.78', '125.50', '137.88', '157.43']",pdfplumber
667,home_delivery,2,132,FedEx Pak,99.39,pdf_page_108,22,"['', '132', '99.38', '99.39', '107.65', '110.78', '125.50', '137.88', '157.43']",pdfplumber
668,home_delivery,2,132,FedEx Box,107.65,pdf_page_108,22,"['', '132', '99.38', '99.39', '107.65', '110.78', '125.50', '137.88', '157.43']",pdfplumber
669,home_delivery,2,132,FedEx Tube,110.78,pdf_page_108,22,"['', '132', '99.38', '99.39', '107.65', '110.78', '125.50', '137.88', '157.43']",pdfplumber
670,home_delivery,2,132,Your Packaging,125.50,pdf_page_108,22,"['', '132', '99.38', '99.39', '107.65', '110.78', '125.50', '137.88', '157.43']",pdfplumber
671,ground,2,133,FedEx Envelope,100.22,pdf_page_108,23,"['', '133', '100.22', '100.49', '107.66', '110.79', '126.15', '137.89', '157.44']",pdfplumber
672,ground,2,133,FedEx Pak,100.49,pdf_page_108,23,"['', '133', '100.22', '100.49', '107.66', '110.79', '126.15', '137.89', '157.44']",pdfplumber
673,ground,2,133,FedEx Box,107.66,pdf_page_108,23,"['', '133', '100.22', '100.49', '107.66', '110.79', '126.15', '137.89', '157.44']",pdfplumber
674,ground,2,133,FedEx Tube,110.79,pdf_page_108,23,"['', '133', '100.22', '100.49', '107.66', '110.79', '126.15', '137.89', '157.44']",pdfplumber
675,ground,2,133,Your Packaging,126.15,pdf_page_108,23,"['', '133', '100.22', '100.49', '107.66', '110.79', '126.15', '137.89', '157.44']",pdfplumber
676,home_delivery,2,133,FedEx Envelope,100.22,pdf_page_108,23,"['', '133', '100.22', '100.49', '107.66', '110.79', '126.15', '137.89', '157.44']",pdfplumber
677,home_delivery,2,133,FedEx Pak,100.49,pdf_page_108,23,"['', '133', '100.22', '100.49', '107.66', '110.79', '126.15', '137.89', '157.44']",pdfplumber
678,home_delivery,2,133,FedEx Box,107.66,pdf_page_108,23,"['', '133', '100.22', '100.49', '107.66', '110.79', '126.15', '137.89', '157.44']",pdfplumber
679,home_delivery,2,133,FedEx Tube,110.79,pdf_page_108,23,"['', '133', '100.22', '100.49', '107.66', '110.79', '126.15', '137.89', '157.44']",pdfplumber
680,home_delivery,2,133,Your Packaging,126.15,pdf_page_108,23,"['', '133', '100.22', '100.49', '107.66', '110.79', '126.15', '137.89', '157.44']",pdfplumber
681,ground,2,134,FedEx Envelope,102.09,pdf_page_108,24,"['', '134', '102.09', '102.21', '109.78', '112.78', '128.33', '140.15', '157.46']",pdfplumber
682,ground,2,134,FedEx Pak,102.21,pdf_page_108,24,"['', '134', '102.09', '102.21', '109.78', '112.78', '128.33', '140.15', '157.46']",pdfplumber
683,ground,2,134,FedEx Box,109.78,pdf_page_108,24,"['', '134', '102.09', '102.21', '109.78', '112.78', '128.33', '140.15', '157.46']",pdfplumber
684,ground,2,134,FedEx Tube,112.78,pdf_page_108,24,"['', '134', '102.09', '102.21', '109.78', '112.78', '128.33', '140.15', '157.46']",pdfplumber
685,ground,2,134,Your Packaging,128.33,pdf_page_108,24,"['', '134', '102.09', '102.21', '109.78', '112.78', '128.33', '140.15', '157.46']",pdfplumber
686,home_delivery,2,134,FedEx Envelope,102.09,pdf_page_108,24,"['', '134', '102.09', '102.21', '109.78', '112.78', '128.33', '140.15', '157.46']",pdfplumber
687,home_delivery,2,134,FedEx Pak,102.21,pdf_page_108,24,"['', '134', '102.09', '102.21', '109.78', '112.78', '128.33', '140.15', '157.46']",pdfplumber
688,home_delivery,2,134,FedEx Box,109.78,pdf_page_108,24,"['', '134', '102.09', '102.21', '109.78', '112.78', '128.33', '140.15', '157.46']",pdfplumber
689,home_delivery,2,134,FedEx Tube,112.78,pdf_page_108,24,"['', '134', '102.09', '102.21', '109.78', '112.78', '128.33', '140.15', '157.46']",pdfplumber
690,home_delivery,2,134,Your Packaging,128.33,pdf_page_108,24,"['', '134', '102.09', '102.21', '109.78', '112.78', '128.33', '140.15', '157.46']",pdfplumber
691,ground,2,135,FedEx Envelope,102.87,pdf_page_108,25,"['', '135', '102.87', '104.23', '111.78', '114.78', '129.91', '140.89', '158.23']",pdfplumber
692,ground,2,135,FedEx Pak,104.23,pdf_page_108,25,"['', '135', '102.87', '104.23', '111.78', '114.78', '129.91', '140.89', '158.23']",pdfplumber
693,ground,2,135,FedEx Box,111.78,pdf_page_108,25,"['', '135', '102.87', '104.23', '111.78', '114.78', '129.91', '140.89', '158.23']",pdfplumber
694,ground,2,135,FedEx Tube,114.78,pdf_page_108,25,"['', '135', '102.87', '104.23', '111.78', '114.78', '129.91', '140.89', '158.23']",pdfplumber
695,ground,2,135,Your Packaging,129.91,pdf_page_108,25,"['', '135', '102.87', '104.23', '111.78', '114.78', '129.91', '140.89', '158.23']",pdfplumber
696,home_delivery,2,135,FedEx Envelope,102.87,pdf_page_108,25,"['', '135', '102.87', '104.23', '111.78', '114.78', '129.91', '140.89', '158.23']",pdfplumber
697,home_delivery,2,135,FedEx Pak,104.23,pdf_page_108,25,"['', '135', '102.87', '104.23', '111.78', '114.78', '129.91', '140.89', '158.23']",pdfplumber
698,home_delivery,2,135,FedEx Box,111.78,pdf_page_108,25,"['', '135', '102.87', '104.23', '111.78', '114.78', '129.91', '140.89', '158.23']",pdfplumber
699,home_delivery,2,135,FedEx Tube,114.78,pdf_page_108,25,"['', '135', '102.87', '104.23', '111.78', '114.78', '129.91', '140.89', '158.23']",pdfplumber
700,home_delivery,2,135,Your Packaging,129.91,pdf_page_108,25,"['', '135', '102.87', '104.23', '111.78', '114.78', '129.91', '140.89', '158.23']",pdfplumber
701,ground,2,141,FedEx Envelope,108.43,pdf_page_108,27,"['', '141', '108.43', '109.27', '118.28', '119.47', '134.04', '147.01', '165.29']",pdfplumber
702,ground,2,141,FedEx Pak,109.27,pdf_page_108,27,"['', '141', '108.43', '109.27', '118.28', '119.47', '134.04', '147.01', '165.29']",pdfplumber
703,ground,2,141,FedEx Box,118.28,pdf_page_108,27,"['', '141', '108.43', '109.27', '118.28', '119.47', '134.04', '147.01', '165.29']",pdfplumber
704,ground,2,141,FedEx Tube,119.47,pdf_page_108,27,"['', '141', '108.43', '109.27', '118.28', '119.47', '134.04', '147.01', '165.29']",pdfplumber
705,ground,2,141,Your Packaging,134.04,pdf_page_108,27,"['', '141', '108.43', '109.27', '118.28', '119.47', '134.04', '147.01', '165.29']",pdfplumber
706,home_delivery,2,141,FedEx Envelope,108.43,pdf_page_108,27,"['', '141', '108.43', '109.27', '118.28', '119.47', '134.04', '147.01', '165.29']",pdfplumber
707,home_delivery,2,141,FedEx Pak,109.27,pdf_page_108,27,"['', '141', '108.43', '109.27', '118.28', '119.47', '134.04', '147.01', '165.29']",pdfplumber
708,home_delivery,2,141,FedEx Box,118.28,pdf_page_108,27,"['', '141', '108.43', '109.27', '118.28', '119.47', '134.04', '147.01', '165.29']",pdfplumber
709,home_delivery,2,141,FedEx Tube,119.47,pdf_page_108,27,"['', '141', '108.43', '109.27', '118.28', '119.47', '134.04', '147.01', '165.29']",pdfplumber
710,home_delivery,2,141,Your Packaging,134.04,pdf_page_108,27,"['', '141', '108.43', '109.27', '118.28', '119.47', '134.04', '147.01', '165.29']",pdfplumber
711,ground,2,142,FedEx Envelope,109.82,pdf_page_108,28,"['', '142', '109.82', '109.83', '119.33', '121.38', '136.04', '147.67', '165.30']",pdfplumber
712,ground,2,142,FedEx Pak,109.83,pdf_page_108,28,"['', '142', '109.82', '109.83', '119.33', '121.38', '136.04', '147.67', '165.30']",pdfplumber
713,ground,2,142,FedEx Box,119.33,pdf_page_108,28,"['', '142', '109.82', '109.83', '119.33', '121.38', '136.04', '147.67', '165.30']",pdfplumber
714,ground,2,142,FedEx Tube,121.38,pdf_page_108,28,"['', '142', '109.82', '109.83', '119.33', '121.38', '136.04', '147.67', '165.30']",pdfplumber
715,ground,2,142,Your Packaging,136.04,pdf_page_108,28,"['', '142', '109.82', '109.83', '119.33', '121.38', '136.04', '147.67', '165.30']",pdfplumber
716,home_delivery,2,142,FedEx Envelope,109.82,pdf_page_108,28,"['', '142', '109.82', '109.83', '119.33', '121.38', '136.04', '147.67', '165.30']",pdfplumber
717,home_delivery,2,142,FedEx Pak,109.83,pdf_page_108,28,"['', '142', '109.82', '109.83', '119.33', '121.38', '136.04', '147.67', '165.30']",pdfplumber
718,home_delivery,2,142,FedEx Box,119.33,pdf_page_108,28,"['', '142', '109.82', '109.83', '119.33', '121.38', '136.04', '147.67', '165.30']",pdfplumber
719,home_delivery,2,142,FedEx Tube,121.38,pdf_page_108,28,"['', '142', '109.82', '109.83', '119.33', '121.38', '136.04', '147.67', '165.30']",pdfplumber
720,home_delivery,2,142,Your Packaging,136.04,pdf_page_108,28,"['', '142', '109.82', '109.83', '119.33', '121.38', '136.04', '147.67', '165.30']",pdfplumber
721,ground,2,143,FedEx Envelope,109.83,pdf_page_108,29,"['', '143', '109.83', '109.84', '119.34', '121.39', '136.05', '147.68', '165.31']",pdfplumber
722,ground,2,143,FedEx Pak,109.84,pdf_page_108,29,"['', '143', '109.83', '109.84', '119.34', '121.39', '136.05', '147.68', '165.31']",pdfplumber
723,ground,2,143,FedEx Box,119.34,pdf_page_108,29,"['', '143', '109.83', '109.84', '119.34', '121.39', '136.05', '147.68', '165.31']",pdfplumber
724,ground,2,143,FedEx Tube,121.39,pdf_page_108,29,"['', '143', '109.83', '109.84', '119.34', '121.39', '136.05', '147.68', '165.31']",pdfplumber
725,ground,2,143,Your Packaging,136.05,pdf_page_108,29,"['', '143', '109.83', '109.84', '119.34', '121.39', '136.05', '147.68', '165.31']",pdfplumber
726,home_delivery,2,143,FedEx Envelope,109.83,pdf_page_108,29,"['', '143', '109.83', '109.84', '119.34', '121.39', '136.05', '147.68', '165.31']",pdfplumber
727,home_delivery,2,143,FedEx Pak,109.84,pdf_page_108,29,"['', '143', '109.83', '109.84', '119.34', '121.39', '136.05', '147.68', '165.31']",pdfplumber
728,home_delivery,2,143,FedEx Box,119.34,pdf_page_108,29,"['', '143', '109.83', '109.84', '119.34', '121.39', '136.05', '147.68', '165.31']",pdfplumber
729,home_delivery,2,143,FedEx Tube,121.39,pdf_page_108,29,"['', '143', '109.83', '109.84', '119.34', '121.39', '136.05', '147.68', '165.31']",pdfplumber
730,home_delivery,2,143,Your Packaging,136.05,pdf_page_108,29,"['', '143', '109.83', '109.84', '119.34', '121.39', '136.05', '147.68', '165.31']",pdfplumber
731,ground,2,144,FedEx Envelope,112.93,pdf_page_108,30,"['', '144', '112.93', '114.45', '122.83', '125.19', '139.67', '152.93', '171.08']",pdfplumber
732,ground,2,144,FedEx Pak,114.45,pdf_page_108,30,"['', '144', '112.93', '114.45', '122.83', '125.19', '139.67', '152.93', '171.08']",pdfplumber
733,ground,2,144,FedEx Box,122.83,pdf_page_108,30,"['', '144', '112.93', '114.45', '122.83', '125.19', '139.67', '152.93', '171.08']",pdfplumber
734,ground,2,144,FedEx Tube,125.19,pdf_page_108,30,"['', '144', '112.93', '114.45', '122.83', '125.19', '139.67', '152.93', '171.08']",pdfplumber
735,ground,2,144,Your Packaging,139.67,pdf_page_108,30,"['', '144', '112.93', '114.45', '122.83', '125.19', '139.67', '152.93', '171.08']",pdfplumber
736,home_delivery,2,144,FedEx Envelope,112.93,pdf_page_108,30,"['', '144', '112.93', '114.45', '122.83', '125.19', '139.67', '152.93', '171.08']",pdfplumber
737,home_delivery,2,144,FedEx Pak,114.45,pdf_page_108,30,"['', '144', '112.93', '114.45', '122.83', '125.19', '139.67', '152.93', '171.08']",pdfplumber
738,home_delivery,2,144,FedEx Box,122.83,pdf_page_108,30,"['', '144', '112.93', '114.45', '122.83', '125.19', '139.67', '152.93', '171.08']",pdfplumber
739,home_delivery,2,144,FedEx Tube,125.19,pdf_page_108,30,"['', '144', '112.93', '114.45', '122.83', '125.19', '139.67', '152.93', '171.08']",pdfplumber
740,home_delivery,2,144,Your Packaging,139.67,pdf_page_108,30,"['', '144', '112.93', '114.45', '122.83', '125.19', '139.67', '152.93', '171.08']",pdfplumber
741,ground,2,145,FedEx Envelope,112.94,pdf_page_108,31,"['', '145', '112.94', '115.60', '122.84', '125.20', '141.75', '153.27', '171.09']",pdfplumber
742,ground,2,145,FedEx Pak,115.60,pdf_page_108,31,"['', '145', '112.94', '115.60', '122.84', '125.20', '141.75', '153.27', '171.09']",pdfplumber
743,ground,2,145,FedEx Box,122.84,pdf_page_108,31,"['', '145', '112.94', '115.60', '122.84', '125.20', '141.75', '153.27', '171.09']",pdfplumber
744,ground,2,145,FedEx Tube,125.20,pdf_page_108,31,"['', '145', '112.94', '115.60', '122.84', '125.20', '141.75', '153.27', '171.09']",pdfplumber
745,ground,2,145,Your Packaging,141.75,pdf_page_108,31,"['', '145', '112.94', '115.60', '122.84', '125.20', '141.75', '153.27', '171.09']",pdfplumber
746,home_delivery,2,145,FedEx Envelope,112.94,pdf_page_108,31,"['', '145', '112.94', '115.60', '122.84', '125.20', '141.75', '153.27', '171.09']",pdfplumber
747,home_delivery,2,145,FedEx Pak,115.60,pdf_page_108,31,"['', '145', '112.94', '115.60', '122.84', '125.20', '141.75', '153.27', '171.09']",pdfplumber
748,home_delivery,2,145,FedEx Box,122.84,pdf_page_108,31,"['', '145', '112.94', '115.60', '122.84', '125.20', '141.75', '153.27', '171.09']",pdfplumber
749,home_delivery,2,145,FedEx Tube,125.20,pdf_page_108,31,"['', '145', '112.94', '115.60', '122.84', '125.20', '141.75', '153.27', '171.09']",pdfplumber
750,home_delivery,2,145,Your Packaging,141.75,pdf_page_108,31,"['', '145', '112.94', '115.60', '122.84', '125.20', '141.75', '153.27', '171.09']",pdfplumber
751,ground,2,2,FedEx Envelope,45.42,pdf_page_109,5,"['', '2 lbs.', '45.42', '9.68', '16.50', '16.72', '45.42', '9.44', '16.50', '']",pdfplumber
752,ground,2,2,FedEx Pak,9.68,pdf_page_109,5,"['', '2 lbs.', '45.42', '9.68', '16.50', '16.72', '45.42', '9.44', '16.50', '']",pdfplumber
753,ground,2,2,FedEx Box,16.50,pdf_page_109,5,"['', '2 lbs.', '45.42', '9.68', '16.50', '16.72', '45.42', '9.44', '16.50', '']",pdfplumber
754,ground,2,2,FedEx Tube,16.72,pdf_page_109,5,"['', '2 lbs.', '45.42', '9.68', '16.50', '16.72', '45.42', '9.44', '16.50', '']",pdfplumber
755,ground,2,2,Your Packaging,45.42,pdf_page_109,5,"['', '2 lbs.', '45.42', '9.68', '16.50', '16.72', '45.42', '9.44', '16.50', '']",pdfplumber
756,home_delivery,2,2,FedEx Envelope,45.42,pdf_page_109,5,"['', '2 lbs.', '45.42', '9.68', '16.50', '16.72', '45.42', '9.44', '16.50', '']",pdfplumber
757,home_delivery,2,2,FedEx Pak,9.68,pdf_page_109,5,"['', '2 lbs.', '45.42', '9.68', '16.50', '16.72', '45.42', '9.44', '16.50', '']",pdfplumber
758,home_delivery,2,2,FedEx Box,16.50,pdf_page_109,5,"['', '2 lbs.', '45.42', '9.68', '16.50', '16.72', '45.42', '9.44', '16.50', '']",pdfplumber
759,home_delivery,2,2,FedEx Tube,16.72,pdf_page_109,5,"['', '2 lbs.', '45.42', '9.68', '16.50', '16.72', '45.42', '9.44', '16.50', '']",pdfplumber
760,home_delivery,2,2,Your Packaging,45.42,pdf_page_109,5,"['', '2 lbs.', '45.42', '9.68', '16.50', '16.72', '45.42', '9.44', '16.50', '']",pdfplumber
761,ground,2,3,FedEx Envelope,49.36,pdf_page_109,6,"['', '3', '49.36', '9.72', '18.05', '18.56', '49.36', '9.46', '18.05', '']",pdfplumber
762,ground,2,3,FedEx Pak,9.72,pdf_page_109,6,"['', '3', '49.36', '9.72', '18.05', '18.56', '49.36', '9.46', '18.05', '']",pdfplumber
763,ground,2,3,FedEx Box,18.05,pdf_page_109,6,"['', '3', '49.36', '9.72', '18.05', '18.56', '49.36', '9.46', '18.05', '']",pdfplumber
764,ground,2,3,FedEx Tube,18.56,pdf_page_109,6,"['', '3', '49.36', '9.72', '18.05', '18.56', '49.36', '9.46', '18.05', '']",pdfplumber
765,ground,2,3,Your Packaging,49.36,pdf_page_109,6,"['', '3', '49.36', '9.72', '18.05', '18.56', '49.36', '9.46', '18.05', '']",pdfplumber
766,home_delivery,2,3,FedEx Envelope,49.36,pdf_page_109,6,"['', '3', '49.36', '9.72', '18.05', '18.56', '49.36', '9.46', '18.05', '']",pdfplumber
767,home_delivery,2,3,FedEx Pak,9.72,pdf_page_109,6,"['', '3', '49.36', '9.72', '18.05', '18.56', '49.36', '9.46', '18.05', '']",pdfplumber
768,home_delivery,2,3,FedEx Box,18.05,pdf_page_109,6,"['', '3', '49.36', '9.72', '18.05', '18.56', '49.36', '9.46', '18.05', '']",pdfplumber
769,home_delivery,2,3,FedEx Tube,18.56,pdf_page_109,6,"['', '3', '49.36', '9.72', '18.05', '18.56', '49.36', '9.46', '18.05', '']",pdfplumber
770,home_delivery,2,3,Your Packaging,49.36,pdf_page_109,6,"['', '3', '49.36', '9.72', '18.05', '18.56', '49.36', '9.46', '18.05', '']",pdfplumber
771,ground,2,4,FedEx Envelope,54.20,pdf_page_109,7,"['', '4', '54.20', '9.82', '20.32', '21.43', '54.20', '9.52', '20.32', '']",pdfplumber
772,ground,2,4,FedEx Pak,9.82,pdf_page_109,7,"['', '4', '54.20', '9.82', '20.32', '21.43', '54.20', '9.52', '20.32', '']",pdfplumber
773,ground,2,4,FedEx Box,20.32,pdf_page_109,7,"['', '4', '54.20', '9.82', '20.32', '21.43', '54.20', '9.52', '20.32', '']",pdfplumber
774,ground,2,4,FedEx Tube,21.43,pdf_page_109,7,"['', '4', '54.20', '9.82', '20.32', '21.43', '54.20', '9.52', '20.32', '']",pdfplumber
775,ground,2,4,Your Packaging,54.20,pdf_page_109,7,"['', '4', '54.20', '9.82', '20.32', '21.43', '54.20', '9.52', '20.32', '']",pdfplumber
776,home_delivery,2,4,FedEx Envelope,54.20,pdf_page_109,7,"['', '4', '54.20', '9.82', '20.32', '21.43', '54.20', '9.52', '20.32', '']",pdfplumber
777,home_delivery,2,4,FedEx Pak,9.82,pdf_page_109,7,"['', '4', '54.20', '9.82', '20.32', '21.43', '54.20', '9.52', '20.32', '']",pdfplumber
778,home_delivery,2,4,FedEx Box,20.32,pdf_page_109,7,"['', '4', '54.20', '9.82', '20.32', '21.43', '54.20', '9.52', '20.32', '']",pdfplumber
779,home_delivery,2,4,FedEx Tube,21.43,pdf_page_109,7,"['', '4', '54.20', '9.82', '20.32', '21.43', '54.20', '9.52', '20.32', '']",pdfplumber
780,home_delivery,2,4,Your Packaging,54.20,pdf_page_109,7,"['', '4', '54.20', '9.82', '20.32', '21.43', '54.20', '9.52', '20.32', '']",pdfplumber
781,ground,2,5,FedEx Envelope,58.75,pdf_page_109,8,"['', '5', '58.75', '9.94', '23.12', '24.36', '58.75', '9.65', '23.12', '']",pdfplumber
782,ground,2,5,FedEx Pak,9.94,pdf_page_109,8,"['', '5', '58.75', '9.94', '23.12', '24.36', '58.75', '9.65', '23.12', '']",pdfplumber
783,ground,2,5,FedEx Box,23.12,pdf_page_109,8,"['', '5', '58.75', '9.94', '23.12', '24.36', '58.75', '9.65', '23.12', '']",pdfplumber
784,ground,2,5,FedEx Tube,24.36,pdf_page_109,8,"['', '5', '58.75', '9.94', '23.12', '24.36', '58.75', '9.65', '23.12', '']",pdfplumber
785,ground,2,5,Your Packaging,58.75,pdf_page_109,8,"['', '5', '58.75', '9.94', '23.12', '24.36', '58.75', '9.65', '23.12', '']",pdfplumber
786,home_delivery,2,5,FedEx Envelope,58.75,pdf_page_109,8,"['', '5', '58.75', '9.94', '23.12', '24.36', '58.75', '9.65', '23.12', '']",pdfplumber
787,home_delivery,2,5,FedEx Pak,9.94,pdf_page_109,8,"['', '5', '58.75', '9.94', '23.12', '24.36', '58.75', '9.65', '23.12', '']",pdfplumber
788,home_delivery,2,5,FedEx Box,23.12,pdf_page_109,8,"['', '5', '58.75', '9.94', '23.12', '24.36', '58.75', '9.65', '23.12', '']",pdfplumber
789,home_delivery,2,5,FedEx Tube,24.36,pdf_page_109,8,"['', '5', '58.75', '9.94', '23.12', '24.36', '58.75', '9.65', '23.12', '']",pdfplumber
790,home_delivery,2,5,Your Packaging,58.75,pdf_page_109,8,"['', '5', '58.75', '9.94', '23.12', '24.36', '58.75', '9.65', '23.12', '']",pdfplumber
791,ground,2,11,FedEx Envelope,84.88,pdf_page_109,10,"['', '11', '84.88', '12.23', '40.44', '42.90', '84.88', '10.51', '40.44', '42.90\n45.85\n48.67\n51.50\n54.31']",pdfplumber
792,ground,2,11,FedEx Pak,12.23,pdf_page_109,10,"['', '11', '84.88', '12.23', '40.44', '42.90', '84.88', '10.51', '40.44', '42.90\n45.85\n48.67\n51.50\n54.31']",pdfplumber
793,ground,2,11,FedEx Box,40.44,pdf_page_109,10,"['', '11', '84.88', '12.23', '40.44', '42.90', '84.88', '10.51', '40.44', '42.90\n45.85\n48.67\n51.50\n54.31']",pdfplumber
794,ground,2,11,FedEx Tube,42.90,pdf_page_109,10,"['', '11', '84.88', '12.23', '40.44', '42.90', '84.88', '10.51', '40.44', '42.90\n45.85\n48.67\n51.50\n54.31']",pdfplumber
795,ground,2,11,Your Packaging,84.88,pdf_page_109,10,"['', '11', '84.88', '12.23', '40.44', '42.90', '84.88', '10.51', '40.44', '42.90\n45.85\n48.67\n51.50\n54.31']",pdfplumber
796,home_delivery,2,11,FedEx Envelope,84.88,pdf_page_109,10,"['', '11', '84.88', '12.23', '40.44', '42.90', '84.88', '10.51', '40.44', '42.90\n45.85\n48.67\n51.50\n54.31']",pdfplumber
797,home_delivery,2,11,FedEx Pak,12.23,pdf_page_109,10,"['', '11', '84.88', '12.23', '40.44', '42.90', '84.88', '10.51', '40.44', '42.90\n45.85\n48.67\n51.50\n54.31']",pdfplumber
798,home_delivery,2,11,FedEx Box,40.44,pdf_page_109,10,"['', '11', '84.88', '12.23', '40.44', '42.90', '84.88', '10.51', '40.44', '42.90\n45.85\n48.67\n51.50\n54.31']",pdfplumber
799,home_delivery,2,11,FedEx Tube,42.90,pdf_page_109,10,"['', '11', '84.88', '12.23', '40.44', '42.90', '84.88', '10.51', '40.44', '42.90\n45.85\n48.67\n51.50\n54.31']",pdfplumber
800,home_delivery,2,11,Your Packaging,84.88,pdf_page_109,10,"['', '11', '84.88', '12.23', '40.44', '42.90', '84.88', '10.51', '40.44', '42.90\n45.85\n48.67\n51.50\n54.31']",pdfplumber
801,ground,2,12,FedEx Envelope,88.52,pdf_page_109,11,"['', '12', '88.52', '12.75', '43.18', '45.85', '88.52', '10.70', '43.18', '']",pdfplumber
802,ground,2,12,FedEx Pak,12.75,pdf_page_109,11,"['', '12', '88.52', '12.75', '43.18', '45.85', '88.52', '10.70', '43.18', '']",pdfplumber
803,ground,2,12,FedEx Box,43.18,pdf_page_109,11,"['', '12', '88.52', '12.75', '43.18', '45.85', '88.52', '10.70', '43.18', '']",pdfplumber
804,ground,2,12,FedEx Tube,45.85,pdf_page_109,11,"['', '12', '88.52', '12.75', '43.18', '45.85', '88.52', '10.70', '43.18', '']",pdfplumber
805,ground,2,12,Your Packaging,88.52,pdf_page_109,11,"['', '12', '88.52', '12.75', '43.18', '45.85', '88.52', '10.70', '43.18', '']",pdfplumber
806,home_delivery,2,12,FedEx Envelope,88.52,pdf_page_109,11,"['', '12', '88.52', '12.75', '43.18', '45.85', '88.52', '10.70', '43.18', '']",pdfplumber
807,home_delivery,2,12,FedEx Pak,12.75,pdf_page_109,11,"['', '12', '88.52', '12.75', '43.18', '45.85', '88.52', '10.70', '43.18', '']",pdfplumber
808,home_delivery,2,12,FedEx Box,43.18,pdf_page_109,11,"['', '12', '88.52', '12.75', '43.18', '45.85', '88.52', '10.70', '43.18', '']",pdfplumber
809,home_delivery,2,12,FedEx Tube,45.85,pdf_page_109,11,"['', '12', '88.52', '12.75', '43.18', '45.85', '88.52', '10.70', '43.18', '']",pdfplumber
810,home_delivery,2,12,Your Packaging,88.52,pdf_page_109,11,"['', '12', '88.52', '12.75', '43.18', '45.85', '88.52', '10.70', '43.18', '']",pdfplumber
811,ground,2,13,FedEx Envelope,92.19,pdf_page_109,12,"['', '13', '92.19', '13.13', '45.75', '48.67', '92.19', '10.80', '45.75', '']",pdfplumber
812,ground,2,13,FedEx Pak,13.13,pdf_page_109,12,"['', '13', '92.19', '13.13', '45.75', '48.67', '92.19', '10.80', '45.75', '']",pdfplumber
813,ground,2,13,FedEx Box,45.75,pdf_page_109,12,"['', '13', '92.19', '13.13', '45.75', '48.67', '92.19', '10.80', '45.75', '']",pdfplumber
814,ground,2,13,FedEx Tube,48.67,pdf_page_109,12,"['', '13', '92.19', '13.13', '45.75', '48.67', '92.19', '10.80', '45.75', '']",pdfplumber
815,ground,2,13,Your Packaging,92.19,pdf_page_109,12,"['', '13', '92.19', '13.13', '45.75', '48.67', '92.19', '10.80', '45.75', '']",pdfplumber
816,home_delivery,2,13,FedEx Envelope,92.19,pdf_page_109,12,"['', '13', '92.19', '13.13', '45.75', '48.67', '92.19', '10.80', '45.75', '']",pdfplumber
817,home_delivery,2,13,FedEx Pak,13.13,pdf_page_109,12,"['', '13', '92.19', '13.13', '45.75', '48.67', '92.19', '10.80', '45.75', '']",pdfplumber
818,home_delivery,2,13,FedEx Box,45.75,pdf_page_109,12,"['', '13', '92.19', '13.13', '45.75', '48.67', '92.19', '10.80', '45.75', '']",pdfplumber
819,home_delivery,2,13,FedEx Tube,48.67,pdf_page_109,12,"['', '13', '92.19', '13.13', '45.75', '48.67', '92.19', '10.80', '45.75', '']",pdfplumber
820,home_delivery,2,13,Your Packaging,92.19,pdf_page_109,12,"['', '13', '92.19', '13.13', '45.75', '48.67', '92.19', '10.80', '45.75', '']",pdfplumber
821,ground,2,14,FedEx Envelope,96.01,pdf_page_109,13,"['', '14', '96.01', '13.56', '48.10', '51.50', '96.01', '10.92', '48.10', '']",pdfplumber
822,ground,2,14,FedEx Pak,13.56,pdf_page_109,13,"['', '14', '96.01', '13.56', '48.10', '51.50', '96.01', '10.92', '48.10', '']",pdfplumber
823,ground,2,14,FedEx Box,48.10,pdf_page_109,13,"['', '14', '96.01', '13.56', '48.10', '51.50', '96.01', '10.92', '48.10', '']",pdfplumber
824,ground,2,14,FedEx Tube,51.50,pdf_page_109,13,"['', '14', '96.01', '13.56', '48.10', '51.50', '96.01', '10.92', '48.10', '']",pdfplumber
825,ground,2,14,Your Packaging,96.01,pdf_page_109,13,"['', '14', '96.01', '13.56', '48.10', '51.50', '96.01', '10.92', '48.10', '']",pdfplumber
826,home_delivery,2,14,FedEx Envelope,96.01,pdf_page_109,13,"['', '14', '96.01', '13.56', '48.10', '51.50', '96.01', '10.92', '48.10', '']",pdfplumber
827,home_delivery,2,14,FedEx Pak,13.56,pdf_page_109,13,"['', '14', '96.01', '13.56', '48.10', '51.50', '96.01', '10.92', '48.10', '']",pdfplumber
828,home_delivery,2,14,FedEx Box,48.10,pdf_page_109,13,"['', '14', '96.01', '13.56', '48.10', '51.50', '96.01', '10.92', '48.10', '']",pdfplumber
829,home_delivery,2,14,FedEx Tube,51.50,pdf_page_109,13,"['', '14', '96.01', '13.56', '48.10', '51.50', '96.01', '10.92', '48.10', '']",pdfplumber
830,home_delivery,2,14,Your Packaging,96.01,pdf_page_109,13,"['', '14', '96.01', '13.56', '48.10', '51.50', '96.01', '10.92', '48.10', '']",pdfplumber
831,ground,2,15,FedEx Envelope,99.54,pdf_page_109,14,"['', '15', '99.54', '13.98', '50.53', '54.31', '99.54', '11.03', '50.53', '']",pdfplumber
832,ground,2,15,FedEx Pak,13.98,pdf_page_109,14,"['', '15', '99.54', '13.98', '50.53', '54.31', '99.54', '11.03', '50.53', '']",pdfplumber
833,ground,2,15,FedEx Box,50.53,pdf_page_109,14,"['', '15', '99.54', '13.98', '50.53', '54.31', '99.54', '11.03', '50.53', '']",pdfplumber
834,ground,2,15,FedEx Tube,54.31,pdf_page_109,14,"['', '15', '99.54', '13.98', '50.53', '54.31', '99.54', '11.03', '50.53', '']",pdfplumber
835,ground,2,15,Your Packaging,99.54,pdf_page_109,14,"['', '15', '99.54', '13.98', '50.53', '54.31', '99.54', '11.03', '50.53', '']",pdfplumber
836,home_delivery,2,15,FedEx Envelope,99.54,pdf_page_109,14,"['', '15', '99.54', '13.98', '50.53', '54.31', '99.54', '11.03', '50.53', '']",pdfplumber
837,home_delivery,2,15,FedEx Pak,13.98,pdf_page_109,14,"['', '15', '99.54', '13.98', '50.53', '54.31', '99.54', '11.03', '50.53', '']",pdfplumber
838,home_delivery,2,15,FedEx Box,50.53,pdf_page_109,14,"['', '15', '99.54', '13.98', '50.53', '54.31', '99.54', '11.03', '50.53', '']",pdfplumber
839,home_delivery,2,15,FedEx Tube,54.31,pdf_page_109,14,"['', '15', '99.54', '13.98', '50.53', '54.31', '99.54', '11.03', '50.53', '']",pdfplumber
840,home_delivery,2,15,Your Packaging,99.54,pdf_page_109,14,"['', '15', '99.54', '13.98', '50.53', '54.31', '99.54', '11.03', '50.53', '']",pdfplumber
841,ground,2,21,FedEx Envelope,124.07,pdf_page_109,16,"['', '21', '124.07', '16.55', '65.01', '71.66', '124.07', '11.75', '65.01', '71.66\n74.49\n77.29\n80.11\n82.87']",pdfplumber
842,ground,2,21,FedEx Pak,16.55,pdf_page_109,16,"['', '21', '124.07', '16.55', '65.01', '71.66', '124.07', '11.75', '65.01', '71.66\n74.49\n77.29\n80.11\n82.87']",pdfplumber
843,ground,2,21,FedEx Box,65.01,pdf_page_109,16,"['', '21', '124.07', '16.55', '65.01', '71.66', '124.07', '11.75', '65.01', '71.66\n74.49\n77.29\n80.11\n82.87']",pdfplumber
844,ground,2,21,FedEx Tube,71.66,pdf_page_109,16,"['', '21', '124.07', '16.55', '65.01', '71.66', '124.07', '11.75', '65.01', '71.66\n74.49\n77.29\n80.11\n82.87']",pdfplumber
845,ground,2,21,Your Packaging,124.07,pdf_page_109,16,"['', '21', '124.07', '16.55', '65.01', '71.66', '124.07', '11.75', '65.01', '71.66\n74.49\n77.29\n80.11\n82.87']",pdfplumber
846,home_delivery,2,21,FedEx Envelope,124.07,pdf_page_109,16,"['', '21', '124.07', '16.55', '65.01', '71.66', '124.07', '11.75', '65.01', '71.66\n74.49\n77.29\n80.11\n82.87']",pdfplumber
847,home_delivery,2,21,FedEx Pak,16.55,pdf_page_109,16,"['', '21', '124.07', '16.55', '65.01', '71.66', '124.07', '11.75', '65.01', '71.66\n74.49\n77.29\n80.11\n82.87']",pdfplumber
848,home_delivery,2,21,FedEx Box,65.01,pdf_page_109,16,"['', '21', '124.07', '16.55', '65.01', '71.66', '124.07', '11.75', '65.01', '71.66\n74.49\n77.29\n80.11\n82.87']",pdfplumber
849,home_delivery,2,21,FedEx Tube,71.66,pdf_page_109,16,"['', '21', '124.07', '16.55', '65.01', '71.66', '124.07', '11.75', '65.01', '71.66\n74.49\n77.29\n80.11\n82.87']",pdfplumber
850,home_delivery,2,21,Your Packaging,124.07,pdf_page_109,16,"['', '21', '124.07', '16.55', '65.01', '71.66', '124.07', '11.75', '65.01', '71.66\n74.49\n77.29\n80.11\n82.87']",pdfplumber
851,ground,2,22,FedEx Envelope,127.95,pdf_page_109,17,"['', '22', '127.95', '16.92', '67.14', '74.49', '127.95', '11.76', '67.14', '']",pdfplumber
852,ground,2,22,FedEx Pak,16.92,pdf_page_109,17,"['', '22', '127.95', '16.92', '67.14', '74.49', '127.95', '11.76', '67.14', '']",pdfplumber
853,ground,2,22,FedEx Box,67.14,pdf_page_109,17,"['', '22', '127.95', '16.92', '67.14', '74.49', '127.95', '11.76', '67.14', '']",pdfplumber
854,ground,2,22,FedEx Tube,74.49,pdf_page_109,17,"['', '22', '127.95', '16.92', '67.14', '74.49', '127.95', '11.76', '67.14', '']",pdfplumber
855,ground,2,22,Your Packaging,127.95,pdf_page_109,17,"['', '22', '127.95', '16.92', '67.14', '74.49', '127.95', '11.76', '67.14', '']",pdfplumber
856,home_delivery,2,22,FedEx Envelope,127.95,pdf_page_109,17,"['', '22', '127.95', '16.92', '67.14', '74.49', '127.95', '11.76', '67.14', '']",pdfplumber
857,home_delivery,2,22,FedEx Pak,16.92,pdf_page_109,17,"['', '22', '127.95', '16.92', '67.14', '74.49', '127.95', '11.76', '67.14', '']",pdfplumber
858,home_delivery,2,22,FedEx Box,67.14,pdf_page_109,17,"['', '22', '127.95', '16.92', '67.14', '74.49', '127.95', '11.76', '67.14', '']",pdfplumber
859,home_delivery,2,22,FedEx Tube,74.49,pdf_page_109,17,"['', '22', '127.95', '16.92', '67.14', '74.49', '127.95', '11.76', '67.14', '']",pdfplumber
860,home_delivery,2,22,Your Packaging,127.95,pdf_page_109,17,"['', '22', '127.95', '16.92', '67.14', '74.49', '127.95', '11.76', '67.14', '']",pdfplumber
861,ground,2,23,FedEx Envelope,131.81,pdf_page_109,18,"['', '23', '131.81', '17.37', '69.25', '77.29', '131.81', '11.94', '69.25', '']",pdfplumber
862,ground,2,23,FedEx Pak,17.37,pdf_page_109,18,"['', '23', '131.81', '17.37', '69.25', '77.29', '131.81', '11.94', '69.25', '']",pdfplumber
863,ground,2,23,FedEx Box,69.25,pdf_page_109,18,"['', '23', '131.81', '17.37', '69.25', '77.29', '131.81', '11.94', '69.25', '']",pdfplumber
864,ground,2,23,FedEx Tube,77.29,pdf_page_109,18,"['', '23', '131.81', '17.37', '69.25', '77.29', '131.81', '11.94', '69.25', '']",pdfplumber
865,ground,2,23,Your Packaging,131.81,pdf_page_109,18,"['', '23', '131.81', '17.37', '69.25', '77.29', '131.81', '11.94', '69.25', '']",pdfplumber
866,home_delivery,2,23,FedEx Envelope,131.81,pdf_page_109,18,"['', '23', '131.81', '17.37', '69.25', '77.29', '131.81', '11.94', '69.25', '']",pdfplumber
867,home_delivery,2,23,FedEx Pak,17.37,pdf_page_109,18,"['', '23', '131.81', '17.37', '69.25', '77.29', '131.81', '11.94', '69.25', '']",pdfplumber
868,home_delivery,2,23,FedEx Box,69.25,pdf_page_109,18,"['', '23', '131.81', '17.37', '69.25', '77.29', '131.81', '11.94', '69.25', '']",pdfplumber
869,home_delivery,2,23,FedEx Tube,77.29,pdf_page_109,18,"['', '23', '131.81', '17.37', '69.25', '77.29', '131.81', '11.94', '69.25', '']",pdfplumber
870,home_delivery,2,23,Your Packaging,131.81,pdf_page_109,18,"['', '23', '131.81', '17.37', '69.25', '77.29', '131.81', '11.94', '69.25', '']",pdfplumber
871,ground,2,24,FedEx Envelope,136.14,pdf_page_109,19,"['', '24', '136.14', '17.81', '71.32', '80.11', '136.14', '11.95', '71.32', '']",pdfplumber
872,ground,2,24,FedEx Pak,17.81,pdf_page_109,19,"['', '24', '136.14', '17.81', '71.32', '80.11', '136.14', '11.95', '71.32', '']",pdfplumber
873,ground,2,24,FedEx Box,71.32,pdf_page_109,19,"['', '24', '136.14', '17.81', '71.32', '80.11', '136.14', '11.95', '71.32', '']",pdfplumber
874,ground,2,24,FedEx Tube,80.11,pdf_page_109,19,"['', '24', '136.14', '17.81', '71.32', '80.11', '136.14', '11.95', '71.32', '']",pdfplumber
875,ground,2,24,Your Packaging,136.14,pdf_page_109,19,"['', '24', '136.14', '17.81', '71.32', '80.11', '136.14', '11.95', '71.32', '']",pdfplumber
876,home_delivery,2,24,FedEx Envelope,136.14,pdf_page_109,19,"['', '24', '136.14', '17.81', '71.32', '80.11', '136.14', '11.95', '71.32', '']",pdfplumber
877,home_delivery,2,24,FedEx Pak,17.81,pdf_page_109,19,"['', '24', '136.14', '17.81', '71.32', '80.11', '136.14', '11.95', '71.32', '']",pdfplumber
878,home_delivery,2,24,FedEx Box,71.32,pdf_page_109,19,"['', '24', '136.14', '17.81', '71.32', '80.11', '136.14', '11.95', '71.32', '']",pdfplumber
879,home_delivery,2,24,FedEx Tube,80.11,pdf_page_109,19,"['', '24', '136.14', '17.81', '71.32', '80.11', '136.14', '11.95', '71.32', '']",pdfplumber
880,home_delivery,2,24,Your Packaging,136.14,pdf_page_109,19,"['', '24', '136.14', '17.81', '71.32', '80.11', '136.14', '11.95', '71.32', '']",pdfplumber
881,ground,2,25,FedEx Envelope,140.35,pdf_page_109,20,"['', '25', '140.35', '18.31', '73.61', '82.87', '140.35', '12.08', '73.61', '']",pdfplumber
882,ground,2,25,FedEx Pak,18.31,pdf_page_109,20,"['', '25', '140.35', '18.31', '73.61', '82.87', '140.35', '12.08', '73.61', '']",pdfplumber
883,ground,2,25,FedEx Box,73.61,pdf_page_109,20,"['', '25', '140.35', '18.31', '73.61', '82.87', '140.35', '12.08', '73.61', '']",pdfplumber
884,ground,2,25,FedEx Tube,82.87,pdf_page_109,20,"['', '25', '140.35', '18.31', '73.61', '82.87', '140.35', '12.08', '73.61', '']",pdfplumber
885,ground,2,25,Your Packaging,140.35,pdf_page_109,20,"['', '25', '140.35', '18.31', '73.61', '82.87', '140.35', '12.08', '73.61', '']",pdfplumber
886,home_delivery,2,25,FedEx Envelope,140.35,pdf_page_109,20,"['', '25', '140.35', '18.31', '73.61', '82.87', '140.35', '12.08', '73.61', '']",pdfplumber
887,home_delivery,2,25,FedEx Pak,18.31,pdf_page_109,20,"['', '25', '140.35', '18.31', '73.61', '82.87', '140.35', '12.08', '73.61', '']",pdfplumber
888,home_delivery,2,25,FedEx Box,73.61,pdf_page_109,20,"['', '25', '140.35', '18.31', '73.61', '82.87', '140.35', '12.08', '73.61', '']",pdfplumber
889,home_delivery,2,25,FedEx Tube,82.87,pdf_page_109,20,"['', '25', '140.35', '18.31', '73.61', '82.87', '140.35', '12.08', '73.61', '']",pdfplumber
890,home_delivery,2,25,Your Packaging,140.35,pdf_page_109,20,"['', '25', '140.35', '18.31', '73.61', '82.87', '140.35', '12.08', '73.61', '']",pdfplumber
891,ground,2,31,FedEx Envelope,160.33,pdf_page_109,22,"['', '31', '160.33', '21.04', '87.12', '98.75', '160.33', '12.79', '87.12', '98.75\n101.11\n103.27\n105.33\n107.24']",pdfplumber
892,ground,2,31,FedEx Pak,21.04,pdf_page_109,22,"['', '31', '160.33', '21.04', '87.12', '98.75', '160.33', '12.79', '87.12', '98.75\n101.11\n103.27\n105.33\n107.24']",pdfplumber
893,ground,2,31,FedEx Box,87.12,pdf_page_109,22,"['', '31', '160.33', '21.04', '87.12', '98.75', '160.33', '12.79', '87.12', '98.75\n101.11\n103.27\n105.33\n107.24']",pdfplumber
894,ground,2,31,FedEx Tube,98.75,pdf_page_109,22,"['', '31', '160.33', '21.04', '87.12', '98.75', '160.33', '12.79', '87.12', '98.75\n101.11\n103.27\n105.33\n107.24']",pdfplumber
895,ground,2,31,Your Packaging,160.33,pdf_page_109,22,"['', '31', '160.33', '21.04', '87.12', '98.75', '160.33', '12.79', '87.12', '98.75\n101.11\n103.27\n105.33\n107.24']",pdfplumber
896,home_delivery,2,31,FedEx Envelope,160.33,pdf_page_109,22,"['', '31', '160.33', '21.04', '87.12', '98.75', '160.33', '12.79', '87.12', '98.75\n101.11\n103.27\n105.33\n107.24']",pdfplumber
897,home_delivery,2,31,FedEx Pak,21.04,pdf_page_109,22,"['', '31', '160.33', '21.04', '87.12', '98.75', '160.33', '12.79', '87.12', '98.75\n101.11\n103.27\n105.33\n107.24']",pdfplumber
898,home_delivery,2,31,FedEx Box,87.12,pdf_page_109,22,"['', '31', '160.33', '21.04', '87.12', '98.75', '160.33', '12.79', '87.12', '98.75\n101.11\n103.27\n105.33\n107.24']",pdfplumber
899,home_delivery,2,31,FedEx Tube,98.75,pdf_page_109,22,"['', '31', '160.33', '21.04', '87.12', '98.75', '160.33', '12.79', '87.12', '98.75\n101.11\n103.27\n105.33\n107.24']",pdfplumber
900,home_delivery,2,31,Your Packaging,160.33,pdf_page_109,22,"['', '31', '160.33', '21.04', '87.12', '98.75', '160.33', '12.79', '87.12', '98.75\n101.11\n103.27\n105.33\n107.24']",pdfplumber
901,ground,2,32,FedEx Envelope,160.88,pdf_page_109,23,"['', '32', '160.88', '21.37', '89.19', '101.11', '160.88', '12.88', '89.19', '']",pdfplumber
902,ground,2,32,FedEx Pak,21.37,pdf_page_109,23,"['', '32', '160.88', '21.37', '89.19', '101.11', '160.88', '12.88', '89.19', '']",pdfplumber
903,ground,2,32,FedEx Box,89.19,pdf_page_109,23,"['', '32', '160.88', '21.37', '89.19', '101.11', '160.88', '12.88', '89.19', '']",pdfplumber
904,ground,2,32,FedEx Tube,101.11,pdf_page_109,23,"['', '32', '160.88', '21.37', '89.19', '101.11', '160.88', '12.88', '89.19', '']",pdfplumber
905,ground,2,32,Your Packaging,160.88,pdf_page_109,23,"['', '32', '160.88', '21.37', '89.19', '101.11', '160.88', '12.88', '89.19', '']",pdfplumber
906,home_delivery,2,32,FedEx Envelope,160.88,pdf_page_109,23,"['', '32', '160.88', '21.37', '89.19', '101.11', '160.88', '12.88', '89.19', '']",pdfplumber
907,home_delivery,2,32,FedEx Pak,21.37,pdf_page_109,23,"['', '32', '160.88', '21.37', '89.19', '101.11', '160.88', '12.88', '89.19', '']",pdfplumber
908,home_delivery,2,32,FedEx Box,89.19,pdf_page_109,23,"['', '32', '160.88', '21.37', '89.19', '101.11', '160.88', '12.88', '89.19', '']",pdfplumber
909,home_delivery,2,32,FedEx Tube,101.11,pdf_page_109,23,"['', '32', '160.88', '21.37', '89.19', '101.11', '160.88', '12.88', '89.19', '']",pdfplumber
910,home_delivery,2,32,Your Packaging,160.88,pdf_page_109,23,"['', '32', '160.88', '21.37', '89.19', '101.11', '160.88', '12.88', '89.19', '']",pdfplumber
911,ground,2,33,FedEx Envelope,164.25,pdf_page_109,24,"['', '33', '164.25', '21.71', '91.25', '103.27', '164.25', '12.97', '91.25', '']",pdfplumber
912,ground,2,33,FedEx Pak,21.71,pdf_page_109,24,"['', '33', '164.25', '21.71', '91.25', '103.27', '164.25', '12.97', '91.25', '']",pdfplumber
913,ground,2,33,FedEx Box,91.25,pdf_page_109,24,"['', '33', '164.25', '21.71', '91.25', '103.27', '164.25', '12.97', '91.25', '']",pdfplumber
914,ground,2,33,FedEx Tube,103.27,pdf_page_109,24,"['', '33', '164.25', '21.71', '91.25', '103.27', '164.25', '12.97', '91.25', '']",pdfplumber
915,ground,2,33,Your Packaging,164.25,pdf_page_109,24,"['', '33', '164.25', '21.71', '91.25', '103.27', '164.25', '12.97', '91.25', '']",pdfplumber
916,home_delivery,2,33,FedEx Envelope,164.25,pdf_page_109,24,"['', '33', '164.25', '21.71', '91.25', '103.27', '164.25', '12.97', '91.25', '']",pdfplumber
917,home_delivery,2,33,FedEx Pak,21.71,pdf_page_109,24,"['', '33', '164.25', '21.71', '91.25', '103.27', '164.25', '12.97', '91.25', '']",pdfplumber
918,home_delivery,2,33,FedEx Box,91.25,pdf_page_109,24,"['', '33', '164.25', '21.71', '91.25', '103.27', '164.25', '12.97', '91.25', '']",pdfplumber
919,home_delivery,2,33,FedEx Tube,103.27,pdf_page_109,24,"['', '33', '164.25', '21.71', '91.25', '103.27', '164.25', '12.97', '91.25', '']",pdfplumber
920,home_delivery,2,33,Your Packaging,164.25,pdf_page_109,24,"['', '33', '164.25', '21.71', '91.25', '103.27', '164.25', '12.97', '91.25', '']",pdfplumber
921,ground,2,34,FedEx Envelope,167.94,pdf_page_109,25,"['', '34', '167.94', '22.14', '93.26', '105.33', '167.94', '13.16', '93.26', '']",pdfplumber
922,ground,2,34,FedEx Pak,22.14,pdf_page_109,25,"['', '34', '167.94', '22.14', '93.26', '105.33', '167.94', '13.16', '93.26', '']",pdfplumber
923,ground,2,34,FedEx Box,93.26,pdf_page_109,25,"['', '34', '167.94', '22.14', '93.26', '105.33', '167.94', '13.16', '93.26', '']",pdfplumber
924,ground,2,34,FedEx Tube,105.33,pdf_page_109,25,"['', '34', '167.94', '22.14', '93.26', '105.33', '167.94', '13.16', '93.26', '']",pdfplumber
925,ground,2,34,Your Packaging,167.94,pdf_page_109,25,"['', '34', '167.94', '22.14', '93.26', '105.33', '167.94', '13.16', '93.26', '']",pdfplumber
926,home_delivery,2,34,FedEx Envelope,167.94,pdf_page_109,25,"['', '34', '167.94', '22.14', '93.26', '105.33', '167.94', '13.16', '93.26', '']",pdfplumber
927,home_delivery,2,34,FedEx Pak,22.14,pdf_page_109,25,"['', '34', '167.94', '22.14', '93.26', '105.33', '167.94', '13.16', '93.26', '']",pdfplumber
928,home_delivery,2,34,FedEx Box,93.26,pdf_page_109,25,"['', '34', '167.94', '22.14', '93.26', '105.33', '167.94', '13.16', '93.26', '']",pdfplumber
929,home_delivery,2,34,FedEx Tube,105.33,pdf_page_109,25,"['', '34', '167.94', '22.14', '93.26', '105.33', '167.94', '13.16', '93.26', '']",pdfplumber
930,home_delivery,2,34,Your Packaging,167.94,pdf_page_109,25,"['', '34', '167.94', '22.14', '93.26', '105.33', '167.94', '13.16', '93.26', '']",pdfplumber
931,ground,2,35,FedEx Envelope,172.10,pdf_page_109,26,"['', '35', '172.10', '22.58', '95.07', '107.24', '172.10', '13.27', '95.07', '']",pdfplumber
932,ground,2,35,FedEx Pak,22.58,pdf_page_109,26,"['', '35', '172.10', '22.58', '95.07', '107.24', '172.10', '13.27', '95.07', '']",pdfplumber
933,ground,2,35,FedEx Box,95.07,pdf_page_109,26,"['', '35', '172.10', '22.58', '95.07', '107.24', '172.10', '13.27', '95.07', '']",pdfplumber
934,ground,2,35,FedEx Tube,107.24,pdf_page_109,26,"['', '35', '172.10', '22.58', '95.07', '107.24', '172.10', '13.27', '95.07', '']",pdfplumber
935,ground,2,35,Your Packaging,172.10,pdf_page_109,26,"['', '35', '172.10', '22.58', '95.07', '107.24', '172.10', '13.27', '95.07', '']",pdfplumber
936,home_delivery,2,35,FedEx Envelope,172.10,pdf_page_109,26,"['', '35', '172.10', '22.58', '95.07', '107.24', '172.10', '13.27', '95.07', '']",pdfplumber
937,home_delivery,2,35,FedEx Pak,22.58,pdf_page_109,26,"['', '35', '172.10', '22.58', '95.07', '107.24', '172.10', '13.27', '95.07', '']",pdfplumber
938,home_delivery,2,35,FedEx Box,95.07,pdf_page_109,26,"['', '35', '172.10', '22.58', '95.07', '107.24', '172.10', '13.27', '95.07', '']",pdfplumber
939,home_delivery,2,35,FedEx Tube,107.24,pdf_page_109,26,"['', '35', '172.10', '22.58', '95.07', '107.24', '172.10', '13.27', '95.07', '']",pdfplumber
940,home_delivery,2,35,Your Packaging,172.10,pdf_page_109,26,"['', '35', '172.10', '22.58', '95.07', '107.24', '172.10', '13.27', '95.07', '']",pdfplumber
941,ground,2,41,FedEx Envelope,195.41,pdf_page_109,28,"['', '41', '195.41', '24.68', '104.97', '118.33', '195.41', '14.02', '104.97', '118.33\n120.42\n122.56\n124.57\n126.65']",pdfplumber
942,ground,2,41,FedEx Pak,24.68,pdf_page_109,28,"['', '41', '195.41', '24.68', '104.97', '118.33', '195.41', '14.02', '104.97', '118.33\n120.42\n122.56\n124.57\n126.65']",pdfplumber
943,ground,2,41,FedEx Box,104.97,pdf_page_109,28,"['', '41', '195.41', '24.68', '104.97', '118.33', '195.41', '14.02', '104.97', '118.33\n120.42\n122.56\n124.57\n126.65']",pdfplumber
944,ground,2,41,FedEx Tube,118.33,pdf_page_109,28,"['', '41', '195.41', '24.68', '104.97', '118.33', '195.41', '14.02', '104.97', '118.33\n120.42\n122.56\n124.57\n126.65']",pdfplumber
945,ground,2,41,Your Packaging,195.41,pdf_page_109,28,"['', '41', '195.41', '24.68', '104.97', '118.33', '195.41', '14.02', '104.97', '118.33\n120.42\n122.56\n124.57\n126.65']",pdfplumber
946,home_delivery,2,41,FedEx Envelope,195.41,pdf_page_109,28,"['', '41', '195.41', '24.68', '104.97', '118.33', '195.41', '14.02', '104.97', '118.33\n120.42\n122.56\n124.57\n126.65']",pdfplumber
947,home_delivery,2,41,FedEx Pak,24.68,pdf_page_109,28,"['', '41', '195.41', '24.68', '104.97', '118.33', '195.41', '14.02', '104.97', '118.33\n120.42\n122.56\n124.57\n126.65']",pdfplumber
948,home_delivery,2,41,FedEx Box,104.97,pdf_page_109,28,"['', '41', '195.41', '24.68', '104.97', '118.33', '195.41', '14.02', '104.97', '118.33\n120.42\n122.56\n124.57\n126.65']",pdfplumber
949,home_delivery,2,41,FedEx Tube,118.33,pdf_page_109,28,"['', '41', '195.41', '24.68', '104.97', '118.33', '195.41', '14.02', '104.97', '118.33\n120.42\n122.56\n124.57\n126.65']",pdfplumber
950,home_delivery,2,41,Your Packaging,195.41,pdf_page_109,28,"['', '41', '195.41', '24.68', '104.97', '118.33', '195.41', '14.02', '104.97', '118.33\n120.42\n122.56\n124.57\n126.65']",pdfplumber
951,ground,2,42,FedEx Envelope,199.10,pdf_page_109,29,"['', '42', '199.10', '25.10', '106.57', '120.42', '199.10', '14.30', '106.57', '']",pdfplumber
952,ground,2,42,FedEx Pak,25.10,pdf_page_109,29,"['', '42', '199.10', '25.10', '106.57', '120.42', '199.10', '14.30', '106.57', '']",pdfplumber
953,ground,2,42,FedEx Box,106.57,pdf_page_109,29,"['', '42', '199.10', '25.10', '106.57', '120.42', '199.10', '14.30', '106.57', '']",pdfplumber
954,ground,2,42,FedEx Tube,120.42,pdf_page_109,29,"['', '42', '199.10', '25.10', '106.57', '120.42', '199.10', '14.30', '106.57', '']",pdfplumber
955,ground,2,42,Your Packaging,199.10,pdf_page_109,29,"['', '42', '199.10', '25.10', '106.57', '120.42', '199.10', '14.30', '106.57', '']",pdfplumber
956,home_delivery,2,42,FedEx Envelope,199.10,pdf_page_109,29,"['', '42', '199.10', '25.10', '106.57', '120.42', '199.10', '14.30', '106.57', '']",pdfplumber
957,home_delivery,2,42,FedEx Pak,25.10,pdf_page_109,29,"['', '42', '199.10', '25.10', '106.57', '120.42', '199.10', '14.30', '106.57', '']",pdfplumber
958,home_delivery,2,42,FedEx Box,106.57,pdf_page_109,29,"['', '42', '199.10', '25.10', '106.57', '120.42', '199.10', '14.30', '106.57', '']",pdfplumber
959,home_delivery,2,42,FedEx Tube,120.42,pdf_page_109,29,"['', '42', '199.10', '25.10', '106.57', '120.42', '199.10', '14.30', '106.57', '']",pdfplumber
960,home_delivery,2,42,Your Packaging,199.10,pdf_page_109,29,"['', '42', '199.10', '25.10', '106.57', '120.42', '199.10', '14.30', '106.57', '']",pdfplumber
961,ground,2,43,FedEx Envelope,203.16,pdf_page_109,30,"['', '43', '203.16', '25.39', '108.16', '122.56', '203.16', '14.45', '108.16', '']",pdfplumber
962,ground,2,43,FedEx Pak,25.39,pdf_page_109,30,"['', '43', '203.16', '25.39', '108.16', '122.56', '203.16', '14.45', '108.16', '']",pdfplumber
963,ground,2,43,FedEx Box,108.16,pdf_page_109,30,"['', '43', '203.16', '25.39', '108.16', '122.56', '203.16', '14.45', '108.16', '']",pdfplumber
964,ground,2,43,FedEx Tube,122.56,pdf_page_109,30,"['', '43', '203.16', '25.39', '108.16', '122.56', '203.16', '14.45', '108.16', '']",pdfplumber
965,ground,2,43,Your Packaging,203.16,pdf_page_109,30,"['', '43', '203.16', '25.39', '108.16', '122.56', '203.16', '14.45', '108.16', '']",pdfplumber
966,home_delivery,2,43,FedEx Envelope,203.16,pdf_page_109,30,"['', '43', '203.16', '25.39', '108.16', '122.56', '203.16', '14.45', '108.16', '']",pdfplumber
967,home_delivery,2,43,FedEx Pak,25.39,pdf_page_109,30,"['', '43', '203.16', '25.39', '108.16', '122.56', '203.16', '14.45', '108.16', '']",pdfplumber
968,home_delivery,2,43,FedEx Box,108.16,pdf_page_109,30,"['', '43', '203.16', '25.39', '108.16', '122.56', '203.16', '14.45', '108.16', '']",pdfplumber
969,home_delivery,2,43,FedEx Tube,122.56,pdf_page_109,30,"['', '43', '203.16', '25.39', '108.16', '122.56', '203.16', '14.45', '108.16', '']",pdfplumber
970,home_delivery,2,43,Your Packaging,203.16,pdf_page_109,30,"['', '43', '203.16', '25.39', '108.16', '122.56', '203.16', '14.45', '108.16', '']",pdfplumber
971,ground,2,44,FedEx Envelope,206.07,pdf_page_109,31,"['', '44', '206.07', '25.79', '109.87', '124.57', '206.07', '14.66', '109.87', '']",pdfplumber
972,ground,2,44,FedEx Pak,25.79,pdf_page_109,31,"['', '44', '206.07', '25.79', '109.87', '124.57', '206.07', '14.66', '109.87', '']",pdfplumber
973,ground,2,44,FedEx Box,109.87,pdf_page_109,31,"['', '44', '206.07', '25.79', '109.87', '124.57', '206.07', '14.66', '109.87', '']",pdfplumber
974,ground,2,44,FedEx Tube,124.57,pdf_page_109,31,"['', '44', '206.07', '25.79', '109.87', '124.57', '206.07', '14.66', '109.87', '']",pdfplumber
975,ground,2,44,Your Packaging,206.07,pdf_page_109,31,"['', '44', '206.07', '25.79', '109.87', '124.57', '206.07', '14.66', '109.87', '']",pdfplumber
976,home_delivery,2,44,FedEx Envelope,206.07,pdf_page_109,31,"['', '44', '206.07', '25.79', '109.87', '124.57', '206.07', '14.66', '109.87', '']",pdfplumber
977,home_delivery,2,44,FedEx Pak,25.79,pdf_page_109,31,"['', '44', '206.07', '25.79', '109.87', '124.57', '206.07', '14.66', '109.87', '']",pdfplumber
978,home_delivery,2,44,FedEx Box,109.87,pdf_page_109,31,"['', '44', '206.07', '25.79', '109.87', '124.57', '206.07', '14.66', '109.87', '']",pdfplumber
979,home_delivery,2,44,FedEx Tube,124.57,pdf_page_109,31,"['', '44', '206.07', '25.79', '109.87', '124.57', '206.07', '14.66', '109.87', '']",pdfplumber
980,home_delivery,2,44,Your Packaging,206.07,pdf_page_109,31,"['', '44', '206.07', '25.79', '109.87', '124.57', '206.07', '14.66', '109.87', '']",pdfplumber
981,ground,2,45,FedEx Envelope,210.04,pdf_page_109,32,"['', '45', '210.04', '26.11', '111.50', '126.65', '210.04', '14.81', '111.50', '']",pdfplumber
982,ground,2,45,FedEx Pak,26.11,pdf_page_109,32,"['', '45', '210.04', '26.11', '111.50', '126.65', '210.04', '14.81', '111.50', '']",pdfplumber
983,ground,2,45,FedEx Box,111.50,pdf_page_109,32,"['', '45', '210.04', '26.11', '111.50', '126.65', '210.04', '14.81', '111.50', '']",pdfplumber
984,ground,2,45,FedEx Tube,126.65,pdf_page_109,32,"['', '45', '210.04', '26.11', '111.50', '126.65', '210.04', '14.81', '111.50', '']",pdfplumber
985,ground,2,45,Your Packaging,210.04,pdf_page_109,32,"['', '45', '210.04', '26.11', '111.50', '126.65', '210.04', '14.81', '111.50', '']",pdfplumber
986,home_delivery,2,45,FedEx Envelope,210.04,pdf_page_109,32,"['', '45', '210.04', '26.11', '111.50', '126.65', '210.04', '14.81', '111.50', '']",pdfplumber
987,home_delivery,2,45,FedEx Pak,26.11,pdf_page_109,32,"['', '45', '210.04', '26.11', '111.50', '126.65', '210.04', '14.81', '111.50', '']",pdfplumber
988,home_delivery,2,45,FedEx Box,111.50,pdf_page_109,32,"['', '45', '210.04', '26.11', '111.50', '126.65', '210.04', '14.81', '111.50', '']",pdfplumber
989,home_delivery,2,45,FedEx Tube,126.65,pdf_page_109,32,"['', '45', '210.04', '26.11', '111.50', '126.65', '210.04', '14.81', '111.50', '']",pdfplumber
990,home_delivery,2,45,Your Packaging,210.04,pdf_page_109,32,"['', '45', '210.04', '26.11', '111.50', '126.65', '210.04', '14.81', '111.50', '']",pdfplumber
991,ground,2,51,FedEx Envelope,235.50,pdf_page_110,4,"['.sbl\nni\nthgiew\nmumixaM', '51lbs.', '$235.50', '$ 28.63', '$121.84', '$138.94', '$235.50', '$ 16.36', '$121.84', '$138.94\n140.69\n142.52\n144.26\n146.12']",pdfplumber
992,ground,2,51,FedEx Pak,121.84,pdf_page_110,4,"['.sbl\nni\nthgiew\nmumixaM', '51lbs.', '$235.50', '$ 28.63', '$121.84', '$138.94', '$235.50', '$ 16.36', '$121.84', '$138.94\n140.69\n142.52\n144.26\n146.12']",pdfplumber
993,ground,2,51,FedEx Box,138.94,pdf_page_110,4,"['.sbl\nni\nthgiew\nmumixaM', '51lbs.', '$235.50', '$ 28.63', '$121.84', '$138.94', '$235.50', '$ 16.36', '$121.84', '$138.94\n140.69\n142.52\n144.26\n146.12']",pdfplumber
994,ground,2,51,FedEx Tube,235.50,pdf_page_110,4,"['.sbl\nni\nthgiew\nmumixaM', '51lbs.', '$235.50', '$ 28.63', '$121.84', '$138.94', '$235.50', '$ 16.36', '$121.84', '$138.94\n140.69\n142.52\n144.26\n146.12']",pdfplumber
995,ground,2,51,Your Packaging,121.84,pdf_page_110,4,"['.sbl\nni\nthgiew\nmumixaM', '51lbs.', '$235.50', '$ 28.63', '$121.84', '$138.94', '$235.50', '$ 16.36', '$121.84', '$138.94\n140.69\n142.52\n144.26\n146.12']",pdfplumber
996,home_delivery,2,51,FedEx Envelope,235.50,pdf_page_110,4,"['.sbl\nni\nthgiew\nmumixaM', '51lbs.', '$235.50', '$ 28.63', '$121.84', '$138.94', '$235.50', '$ 16.36', '$121.84', '$138.94\n140.69\n142.52\n144.26\n146.12']",pdfplumber
997,home_delivery,2,51,FedEx Pak,121.84,pdf_page_110,4,"['.sbl\nni\nthgiew\nmumixaM', '51lbs.', '$235.50', '$ 28.63', '$121.84', '$138.94', '$235.50', '$ 16.36', '$121.84', '$138.94\n140.69\n142.52\n144.26\n146.12']",pdfplumber
998,home_delivery,2,51,FedEx Box,138.94,pdf_page_110,4,"['.sbl\nni\nthgiew\nmumixaM', '51lbs.', '$235.50', '$ 28.63', '$121.84', '$138.94', '$235.50', '$ 16.36', '$121.84', '$138.94\n140.69\n142.52\n144.26\n146.12']",pdfplumber
999,home_delivery,2,51,FedEx Tube,235.50,pdf_page_110,4,"['.sbl\nni\nthgiew\nmumixaM', '51lbs.', '$235.50', '$ 28.63', '$121.84', '$138.94', '$235.50', '$ 16.36', '$121.84', '$138.94\n140.69\n142.52\n144.26\n146.12']",pdfplumber
1000,home_delivery,2,51,Your Packaging,121.84,pdf_page_110,4,"['.sbl\nni\nthgiew\nmumixaM', '51lbs.', '$235.50', '$ 28.63', '$121.84', '$138.94', '$235.50', '$ 16.36', '$121.84', '$138.94\n140.69\n142.52\n144.26\n146.12']",pdfplumber
1001,ground,2,52,FedEx Envelope,235.98,pdf_page_110,5,"['', '52', '235.98', '29.16', '123.19', '140.69', '235.98', '16.73', '123.19', '']",pdfplumber
1002,ground,2,52,FedEx Pak,29.16,pdf_page_110,5,"['', '52', '235.98', '29.16', '123.19', '140.69', '235.98', '16.73', '123.19', '']",pdfplumber
1003,ground,2,52,FedEx Box,123.19,pdf_page_110,5,"['', '52', '235.98', '29.16', '123.19', '140.69', '235.98', '16.73', '123.19', '']",pdfplumber
1004,ground,2,52,FedEx Tube,140.69,pdf_page_110,5,"['', '52', '235.98', '29.16', '123.19', '140.69', '235.98', '16.73', '123.19', '']",pdfplumber
1005,ground,2,52,Your Packaging,235.98,pdf_page_110,5,"['', '52', '235.98', '29.16', '123.19', '140.69', '235.98', '16.73', '123.19', '']",pdfplumber
1006,home_delivery,2,52,FedEx Envelope,235.98,pdf_page_110,5,"['', '52', '235.98', '29.16', '123.19', '140.69', '235.98', '16.73', '123.19', '']",pdfplumber
1007,home_delivery,2,52,FedEx Pak,29.16,pdf_page_110,5,"['', '52', '235.98', '29.16', '123.19', '140.69', '235.98', '16.73', '123.19', '']",pdfplumber
1008,home_delivery,2,52,FedEx Box,123.19,pdf_page_110,5,"['', '52', '235.98', '29.16', '123.19', '140.69', '235.98', '16.73', '123.19', '']",pdfplumber
1009,home_delivery,2,52,FedEx Tube,140.69,pdf_page_110,5,"['', '52', '235.98', '29.16', '123.19', '140.69', '235.98', '16.73', '123.19', '']",pdfplumber
1010,home_delivery,2,52,Your Packaging,235.98,pdf_page_110,5,"['', '52', '235.98', '29.16', '123.19', '140.69', '235.98', '16.73', '123.19', '']",pdfplumber
1011,ground,2,53,FedEx Envelope,239.55,pdf_page_110,6,"['', '53', '239.55', '29.81', '124.58', '142.52', '239.55', '16.89', '124.58', '']",pdfplumber
1012,ground,2,53,FedEx Pak,29.81,pdf_page_110,6,"['', '53', '239.55', '29.81', '124.58', '142.52', '239.55', '16.89', '124.58', '']",pdfplumber
1013,ground,2,53,FedEx Box,124.58,pdf_page_110,6,"['', '53', '239.55', '29.81', '124.58', '142.52', '239.55', '16.89', '124.58', '']",pdfplumber
1014,ground,2,53,FedEx Tube,142.52,pdf_page_110,6,"['', '53', '239.55', '29.81', '124.58', '142.52', '239.55', '16.89', '124.58', '']",pdfplumber
1015,ground,2,53,Your Packaging,239.55,pdf_page_110,6,"['', '53', '239.55', '29.81', '124.58', '142.52', '239.55', '16.89', '124.58', '']",pdfplumber
1016,home_delivery,2,53,FedEx Envelope,239.55,pdf_page_110,6,"['', '53', '239.55', '29.81', '124.58', '142.52', '239.55', '16.89', '124.58', '']",pdfplumber
1017,home_delivery,2,53,FedEx Pak,29.81,pdf_page_110,6,"['', '53', '239.55', '29.81', '124.58', '142.52', '239.55', '16.89', '124.58', '']",pdfplumber
1018,home_delivery,2,53,FedEx Box,124.58,pdf_page_110,6,"['', '53', '239.55', '29.81', '124.58', '142.52', '239.55', '16.89', '124.58', '']",pdfplumber
1019,home_delivery,2,53,FedEx Tube,142.52,pdf_page_110,6,"['', '53', '239.55', '29.81', '124.58', '142.52', '239.55', '16.89', '124.58', '']",pdfplumber
1020,home_delivery,2,53,Your Packaging,239.55,pdf_page_110,6,"['', '53', '239.55', '29.81', '124.58', '142.52', '239.55', '16.89', '124.58', '']",pdfplumber
1021,ground,2,54,FedEx Envelope,242.94,pdf_page_110,7,"['', '54', '242.94', '30.04', '125.88', '144.26', '242.94', '17.23', '125.88', '']",pdfplumber
1022,ground,2,54,FedEx Pak,30.04,pdf_page_110,7,"['', '54', '242.94', '30.04', '125.88', '144.26', '242.94', '17.23', '125.88', '']",pdfplumber
1023,ground,2,54,FedEx Box,125.88,pdf_page_110,7,"['', '54', '242.94', '30.04', '125.88', '144.26', '242.94', '17.23', '125.88', '']",pdfplumber
1024,ground,2,54,FedEx Tube,144.26,pdf_page_110,7,"['', '54', '242.94', '30.04', '125.88', '144.26', '242.94', '17.23', '125.88', '']",pdfplumber
1025,ground,2,54,Your Packaging,242.94,pdf_page_110,7,"['', '54', '242.94', '30.04', '125.88', '144.26', '242.94', '17.23', '125.88', '']",pdfplumber
1026,home_delivery,2,54,FedEx Envelope,242.94,pdf_page_110,7,"['', '54', '242.94', '30.04', '125.88', '144.26', '242.94', '17.23', '125.88', '']",pdfplumber
1027,home_delivery,2,54,FedEx Pak,30.04,pdf_page_110,7,"['', '54', '242.94', '30.04', '125.88', '144.26', '242.94', '17.23', '125.88', '']",pdfplumber
1028,home_delivery,2,54,FedEx Box,125.88,pdf_page_110,7,"['', '54', '242.94', '30.04', '125.88', '144.26', '242.94', '17.23', '125.88', '']",pdfplumber
1029,home_delivery,2,54,FedEx Tube,144.26,pdf_page_110,7,"['', '54', '242.94', '30.04', '125.88', '144.26', '242.94', '17.23', '125.88', '']",pdfplumber
1030,home_delivery,2,54,Your Packaging,242.94,pdf_page_110,7,"['', '54', '242.94', '30.04', '125.88', '144.26', '242.94', '17.23', '125.88', '']",pdfplumber
1031,ground,2,55,FedEx Envelope,246.21,pdf_page_110,8,"['', '55', '246.21', '30.48', '127.29', '146.12', '246.21', '17.55', '127.29', '']",pdfplumber
1032,ground,2,55,FedEx Pak,30.48,pdf_page_110,8,"['', '55', '246.21', '30.48', '127.29', '146.12', '246.21', '17.55', '127.29', '']",pdfplumber
1033,ground,2,55,FedEx Box,127.29,pdf_page_110,8,"['', '55', '246.21', '30.48', '127.29', '146.12', '246.21', '17.55', '127.29', '']",pdfplumber
1034,ground,2,55,FedEx Tube,146.12,pdf_page_110,8,"['', '55', '246.21', '30.48', '127.29', '146.12', '246.21', '17.55', '127.29', '']",pdfplumber
1035,ground,2,55,Your Packaging,246.21,pdf_page_110,8,"['', '55', '246.21', '30.48', '127.29', '146.12', '246.21', '17.55', '127.29', '']",pdfplumber
1036,home_delivery,2,55,FedEx Envelope,246.21,pdf_page_110,8,"['', '55', '246.21', '30.48', '127.29', '146.12', '246.21', '17.55', '127.29', '']",pdfplumber
1037,home_delivery,2,55,FedEx Pak,30.48,pdf_page_110,8,"['', '55', '246.21', '30.48', '127.29', '146.12', '246.21', '17.55', '127.29', '']",pdfplumber
1038,home_delivery,2,55,FedEx Box,127.29,pdf_page_110,8,"['', '55', '246.21', '30.48', '127.29', '146.12', '246.21', '17.55', '127.29', '']",pdfplumber
1039,home_delivery,2,55,FedEx Tube,146.12,pdf_page_110,8,"['', '55', '246.21', '30.48', '127.29', '146.12', '246.21', '17.55', '127.29', '']",pdfplumber
1040,home_delivery,2,55,Your Packaging,246.21,pdf_page_110,8,"['', '55', '246.21', '30.48', '127.29', '146.12', '246.21', '17.55', '127.29', '']",pdfplumber
1041,ground,2,61,FedEx Envelope,267.49,pdf_page_110,10,"['', '61', '267.49', '33.07', '134.48', '155.01', '267.49', '19.54', '134.48', '155.01\n156.31\n157.69\n158.96\n160.35']",pdfplumber
1042,ground,2,61,FedEx Pak,33.07,pdf_page_110,10,"['', '61', '267.49', '33.07', '134.48', '155.01', '267.49', '19.54', '134.48', '155.01\n156.31\n157.69\n158.96\n160.35']",pdfplumber
1043,ground,2,61,FedEx Box,134.48,pdf_page_110,10,"['', '61', '267.49', '33.07', '134.48', '155.01', '267.49', '19.54', '134.48', '155.01\n156.31\n157.69\n158.96\n160.35']",pdfplumber
1044,ground,2,61,FedEx Tube,155.01,pdf_page_110,10,"['', '61', '267.49', '33.07', '134.48', '155.01', '267.49', '19.54', '134.48', '155.01\n156.31\n157.69\n158.96\n160.35']",pdfplumber
1045,ground,2,61,Your Packaging,267.49,pdf_page_110,10,"['', '61', '267.49', '33.07', '134.48', '155.01', '267.49', '19.54', '134.48', '155.01\n156.31\n157.69\n158.96\n160.35']",pdfplumber
1046,home_delivery,2,61,FedEx Envelope,267.49,pdf_page_110,10,"['', '61', '267.49', '33.07', '134.48', '155.01', '267.49', '19.54', '134.48', '155.01\n156.31\n157.69\n158.96\n160.35']",pdfplumber
1047,home_delivery,2,61,FedEx Pak,33.07,pdf_page_110,10,"['', '61', '267.49', '33.07', '134.48', '155.01', '267.49', '19.54', '134.48', '155.01\n156.31\n157.69\n158.96\n160.35']",pdfplumber
1048,home_delivery,2,61,FedEx Box,134.48,pdf_page_110,10,"['', '61', '267.49', '33.07', '134.48', '155.01', '267.49', '19.54', '134.48', '155.01\n156.31\n157.69\n158.96\n160.35']",pdfplumber
1049,home_delivery,2,61,FedEx Tube,155.01,pdf_page_110,10,"['', '61', '267.49', '33.07', '134.48', '155.01', '267.49', '19.54', '134.48', '155.01\n156.31\n157.69\n158.96\n160.35']",pdfplumber
1050,home_delivery,2,61,Your Packaging,267.49,pdf_page_110,10,"['', '61', '267.49', '33.07', '134.48', '155.01', '267.49', '19.54', '134.48', '155.01\n156.31\n157.69\n158.96\n160.35']",pdfplumber
1051,ground,2,62,FedEx Envelope,271.88,pdf_page_110,11,"['', '62', '271.88', '33.50', '135.72', '156.31', '271.88', '19.70', '135.72', '']",pdfplumber
1052,ground,2,62,FedEx Pak,33.50,pdf_page_110,11,"['', '62', '271.88', '33.50', '135.72', '156.31', '271.88', '19.70', '135.72', '']",pdfplumber
1053,ground,2,62,FedEx Box,135.72,pdf_page_110,11,"['', '62', '271.88', '33.50', '135.72', '156.31', '271.88', '19.70', '135.72', '']",pdfplumber
1054,ground,2,62,FedEx Tube,156.31,pdf_page_110,11,"['', '62', '271.88', '33.50', '135.72', '156.31', '271.88', '19.70', '135.72', '']",pdfplumber
1055,ground,2,62,Your Packaging,271.88,pdf_page_110,11,"['', '62', '271.88', '33.50', '135.72', '156.31', '271.88', '19.70', '135.72', '']",pdfplumber
1056,home_delivery,2,62,FedEx Envelope,271.88,pdf_page_110,11,"['', '62', '271.88', '33.50', '135.72', '156.31', '271.88', '19.70', '135.72', '']",pdfplumber
1057,home_delivery,2,62,FedEx Pak,33.50,pdf_page_110,11,"['', '62', '271.88', '33.50', '135.72', '156.31', '271.88', '19.70', '135.72', '']",pdfplumber
1058,home_delivery,2,62,FedEx Box,135.72,pdf_page_110,11,"['', '62', '271.88', '33.50', '135.72', '156.31', '271.88', '19.70', '135.72', '']",pdfplumber
1059,home_delivery,2,62,FedEx Tube,156.31,pdf_page_110,11,"['', '62', '271.88', '33.50', '135.72', '156.31', '271.88', '19.70', '135.72', '']",pdfplumber
1060,home_delivery,2,62,Your Packaging,271.88,pdf_page_110,11,"['', '62', '271.88', '33.50', '135.72', '156.31', '271.88', '19.70', '135.72', '']",pdfplumber
1061,ground,2,63,FedEx Envelope,276.34,pdf_page_110,12,"['', '63', '276.34', '33.94', '136.93', '157.69', '276.34', '19.93', '136.93', '']",pdfplumber
1062,ground,2,63,FedEx Pak,33.94,pdf_page_110,12,"['', '63', '276.34', '33.94', '136.93', '157.69', '276.34', '19.93', '136.93', '']",pdfplumber
1063,ground,2,63,FedEx Box,136.93,pdf_page_110,12,"['', '63', '276.34', '33.94', '136.93', '157.69', '276.34', '19.93', '136.93', '']",pdfplumber
1064,ground,2,63,FedEx Tube,157.69,pdf_page_110,12,"['', '63', '276.34', '33.94', '136.93', '157.69', '276.34', '19.93', '136.93', '']",pdfplumber
1065,ground,2,63,Your Packaging,276.34,pdf_page_110,12,"['', '63', '276.34', '33.94', '136.93', '157.69', '276.34', '19.93', '136.93', '']",pdfplumber
1066,home_delivery,2,63,FedEx Envelope,276.34,pdf_page_110,12,"['', '63', '276.34', '33.94', '136.93', '157.69', '276.34', '19.93', '136.93', '']",pdfplumber
1067,home_delivery,2,63,FedEx Pak,33.94,pdf_page_110,12,"['', '63', '276.34', '33.94', '136.93', '157.69', '276.34', '19.93', '136.93', '']",pdfplumber
1068,home_delivery,2,63,FedEx Box,136.93,pdf_page_110,12,"['', '63', '276.34', '33.94', '136.93', '157.69', '276.34', '19.93', '136.93', '']",pdfplumber
1069,home_delivery,2,63,FedEx Tube,157.69,pdf_page_110,12,"['', '63', '276.34', '33.94', '136.93', '157.69', '276.34', '19.93', '136.93', '']",pdfplumber
1070,home_delivery,2,63,Your Packaging,276.34,pdf_page_110,12,"['', '63', '276.34', '33.94', '136.93', '157.69', '276.34', '19.93', '136.93', '']",pdfplumber
1071,ground,2,64,FedEx Envelope,280.94,pdf_page_110,13,"['', '64', '280.94', '34.38', '138.05', '158.96', '280.94', '20.25', '138.05', '']",pdfplumber
1072,ground,2,64,FedEx Pak,34.38,pdf_page_110,13,"['', '64', '280.94', '34.38', '138.05', '158.96', '280.94', '20.25', '138.05', '']",pdfplumber
1073,ground,2,64,FedEx Box,138.05,pdf_page_110,13,"['', '64', '280.94', '34.38', '138.05', '158.96', '280.94', '20.25', '138.05', '']",pdfplumber
1074,ground,2,64,FedEx Tube,158.96,pdf_page_110,13,"['', '64', '280.94', '34.38', '138.05', '158.96', '280.94', '20.25', '138.05', '']",pdfplumber
1075,ground,2,64,Your Packaging,280.94,pdf_page_110,13,"['', '64', '280.94', '34.38', '138.05', '158.96', '280.94', '20.25', '138.05', '']",pdfplumber
1076,home_delivery,2,64,FedEx Envelope,280.94,pdf_page_110,13,"['', '64', '280.94', '34.38', '138.05', '158.96', '280.94', '20.25', '138.05', '']",pdfplumber
1077,home_delivery,2,64,FedEx Pak,34.38,pdf_page_110,13,"['', '64', '280.94', '34.38', '138.05', '158.96', '280.94', '20.25', '138.05', '']",pdfplumber
1078,home_delivery,2,64,FedEx Box,138.05,pdf_page_110,13,"['', '64', '280.94', '34.38', '138.05', '158.96', '280.94', '20.25', '138.05', '']",pdfplumber
1079,home_delivery,2,64,FedEx Tube,158.96,pdf_page_110,13,"['', '64', '280.94', '34.38', '138.05', '158.96', '280.94', '20.25', '138.05', '']",pdfplumber
1080,home_delivery,2,64,Your Packaging,280.94,pdf_page_110,13,"['', '64', '280.94', '34.38', '138.05', '158.96', '280.94', '20.25', '138.05', '']",pdfplumber
1081,ground,2,65,FedEx Envelope,285.53,pdf_page_110,14,"['', '65', '285.53', '34.85', '139.22', '160.35', '285.53', '20.81', '139.22', '']",pdfplumber
1082,ground,2,65,FedEx Pak,34.85,pdf_page_110,14,"['', '65', '285.53', '34.85', '139.22', '160.35', '285.53', '20.81', '139.22', '']",pdfplumber
1083,ground,2,65,FedEx Box,139.22,pdf_page_110,14,"['', '65', '285.53', '34.85', '139.22', '160.35', '285.53', '20.81', '139.22', '']",pdfplumber
1084,ground,2,65,FedEx Tube,160.35,pdf_page_110,14,"['', '65', '285.53', '34.85', '139.22', '160.35', '285.53', '20.81', '139.22', '']",pdfplumber
1085,ground,2,65,Your Packaging,285.53,pdf_page_110,14,"['', '65', '285.53', '34.85', '139.22', '160.35', '285.53', '20.81', '139.22', '']",pdfplumber
1086,home_delivery,2,65,FedEx Envelope,285.53,pdf_page_110,14,"['', '65', '285.53', '34.85', '139.22', '160.35', '285.53', '20.81', '139.22', '']",pdfplumber
1087,home_delivery,2,65,FedEx Pak,34.85,pdf_page_110,14,"['', '65', '285.53', '34.85', '139.22', '160.35', '285.53', '20.81', '139.22', '']",pdfplumber
1088,home_delivery,2,65,FedEx Box,139.22,pdf_page_110,14,"['', '65', '285.53', '34.85', '139.22', '160.35', '285.53', '20.81', '139.22', '']",pdfplumber
1089,home_delivery,2,65,FedEx Tube,160.35,pdf_page_110,14,"['', '65', '285.53', '34.85', '139.22', '160.35', '285.53', '20.81', '139.22', '']",pdfplumber
1090,home_delivery,2,65,Your Packaging,285.53,pdf_page_110,14,"['', '65', '285.53', '34.85', '139.22', '160.35', '285.53', '20.81', '139.22', '']",pdfplumber
1091,ground,2,71,FedEx Envelope,314.05,pdf_page_110,16,"['', '71', '314.05', '37.40', '145.46', '168.31', '314.05', '22.77', '145.46', '168.31\n169.64\n171.01\n172.31\n173.71']",pdfplumber
1092,ground,2,71,FedEx Pak,37.40,pdf_page_110,16,"['', '71', '314.05', '37.40', '145.46', '168.31', '314.05', '22.77', '145.46', '168.31\n169.64\n171.01\n172.31\n173.71']",pdfplumber
1093,ground,2,71,FedEx Box,145.46,pdf_page_110,16,"['', '71', '314.05', '37.40', '145.46', '168.31', '314.05', '22.77', '145.46', '168.31\n169.64\n171.01\n172.31\n173.71']",pdfplumber
1094,ground,2,71,FedEx Tube,168.31,pdf_page_110,16,"['', '71', '314.05', '37.40', '145.46', '168.31', '314.05', '22.77', '145.46', '168.31\n169.64\n171.01\n172.31\n173.71']",pdfplumber
1095,ground,2,71,Your Packaging,314.05,pdf_page_110,16,"['', '71', '314.05', '37.40', '145.46', '168.31', '314.05', '22.77', '145.46', '168.31\n169.64\n171.01\n172.31\n173.71']",pdfplumber
1096,home_delivery,2,71,FedEx Envelope,314.05,pdf_page_110,16,"['', '71', '314.05', '37.40', '145.46', '168.31', '314.05', '22.77', '145.46', '168.31\n169.64\n171.01\n172.31\n173.71']",pdfplumber
1097,home_delivery,2,71,FedEx Pak,37.40,pdf_page_110,16,"['', '71', '314.05', '37.40', '145.46', '168.31', '314.05', '22.77', '145.46', '168.31\n169.64\n171.01\n172.31\n173.71']",pdfplumber
1098,home_delivery,2,71,FedEx Box,145.46,pdf_page_110,16,"['', '71', '314.05', '37.40', '145.46', '168.31', '314.05', '22.77', '145.46', '168.31\n169.64\n171.01\n172.31\n173.71']",pdfplumber
1099,home_delivery,2,71,FedEx Tube,168.31,pdf_page_110,16,"['', '71', '314.05', '37.40', '145.46', '168.31', '314.05', '22.77', '145.46', '168.31\n169.64\n171.01\n172.31\n173.71']",pdfplumber
1100,home_delivery,2,71,Your Packaging,314.05,pdf_page_110,16,"['', '71', '314.05', '37.40', '145.46', '168.31', '314.05', '22.77', '145.46', '168.31\n169.64\n171.01\n172.31\n173.71']",pdfplumber
1101,ground,2,72,FedEx Envelope,318.72,pdf_page_110,17,"['', '72', '318.72', '39.09', '146.57', '169.64', '318.72', '24.27', '146.57', '']",pdfplumber
1102,ground,2,72,FedEx Pak,39.09,pdf_page_110,17,"['', '72', '318.72', '39.09', '146.57', '169.64', '318.72', '24.27', '146.57', '']",pdfplumber
1103,ground,2,72,FedEx Box,146.57,pdf_page_110,17,"['', '72', '318.72', '39.09', '146.57', '169.64', '318.72', '24.27', '146.57', '']",pdfplumber
1104,ground,2,72,FedEx Tube,169.64,pdf_page_110,17,"['', '72', '318.72', '39.09', '146.57', '169.64', '318.72', '24.27', '146.57', '']",pdfplumber
1105,ground,2,72,Your Packaging,318.72,pdf_page_110,17,"['', '72', '318.72', '39.09', '146.57', '169.64', '318.72', '24.27', '146.57', '']",pdfplumber
1106,home_delivery,2,72,FedEx Envelope,318.72,pdf_page_110,17,"['', '72', '318.72', '39.09', '146.57', '169.64', '318.72', '24.27', '146.57', '']",pdfplumber
1107,home_delivery,2,72,FedEx Pak,39.09,pdf_page_110,17,"['', '72', '318.72', '39.09', '146.57', '169.64', '318.72', '24.27', '146.57', '']",pdfplumber
1108,home_delivery,2,72,FedEx Box,146.57,pdf_page_110,17,"['', '72', '318.72', '39.09', '146.57', '169.64', '318.72', '24.27', '146.57', '']",pdfplumber
1109,home_delivery,2,72,FedEx Tube,169.64,pdf_page_110,17,"['', '72', '318.72', '39.09', '146.57', '169.64', '318.72', '24.27', '146.57', '']",pdfplumber
1110,home_delivery,2,72,Your Packaging,318.72,pdf_page_110,17,"['', '72', '318.72', '39.09', '146.57', '169.64', '318.72', '24.27', '146.57', '']",pdfplumber
1111,ground,2,73,FedEx Envelope,323.39,pdf_page_110,18,"['', '73', '323.39', '40.34', '147.58', '171.01', '323.39', '24.53', '147.58', '']",pdfplumber
1112,ground,2,73,FedEx Pak,40.34,pdf_page_110,18,"['', '73', '323.39', '40.34', '147.58', '171.01', '323.39', '24.53', '147.58', '']",pdfplumber
1113,ground,2,73,FedEx Box,147.58,pdf_page_110,18,"['', '73', '323.39', '40.34', '147.58', '171.01', '323.39', '24.53', '147.58', '']",pdfplumber
1114,ground,2,73,FedEx Tube,171.01,pdf_page_110,18,"['', '73', '323.39', '40.34', '147.58', '171.01', '323.39', '24.53', '147.58', '']",pdfplumber
1115,ground,2,73,Your Packaging,323.39,pdf_page_110,18,"['', '73', '323.39', '40.34', '147.58', '171.01', '323.39', '24.53', '147.58', '']",pdfplumber
1116,home_delivery,2,73,FedEx Envelope,323.39,pdf_page_110,18,"['', '73', '323.39', '40.34', '147.58', '171.01', '323.39', '24.53', '147.58', '']",pdfplumber
1117,home_delivery,2,73,FedEx Pak,40.34,pdf_page_110,18,"['', '73', '323.39', '40.34', '147.58', '171.01', '323.39', '24.53', '147.58', '']",pdfplumber
1118,home_delivery,2,73,FedEx Box,147.58,pdf_page_110,18,"['', '73', '323.39', '40.34', '147.58', '171.01', '323.39', '24.53', '147.58', '']",pdfplumber
1119,home_delivery,2,73,FedEx Tube,171.01,pdf_page_110,18,"['', '73', '323.39', '40.34', '147.58', '171.01', '323.39', '24.53', '147.58', '']",pdfplumber
1120,home_delivery,2,73,Your Packaging,323.39,pdf_page_110,18,"['', '73', '323.39', '40.34', '147.58', '171.01', '323.39', '24.53', '147.58', '']",pdfplumber
1121,ground,2,74,FedEx Envelope,326.51,pdf_page_110,19,"['', '74', '326.51', '42.00', '148.79', '172.31', '326.51', '26.28', '148.79', '']",pdfplumber
1122,ground,2,74,FedEx Pak,42.00,pdf_page_110,19,"['', '74', '326.51', '42.00', '148.79', '172.31', '326.51', '26.28', '148.79', '']",pdfplumber
1123,ground,2,74,FedEx Box,148.79,pdf_page_110,19,"['', '74', '326.51', '42.00', '148.79', '172.31', '326.51', '26.28', '148.79', '']",pdfplumber
1124,ground,2,74,FedEx Tube,172.31,pdf_page_110,19,"['', '74', '326.51', '42.00', '148.79', '172.31', '326.51', '26.28', '148.79', '']",pdfplumber
1125,ground,2,74,Your Packaging,326.51,pdf_page_110,19,"['', '74', '326.51', '42.00', '148.79', '172.31', '326.51', '26.28', '148.79', '']",pdfplumber
1126,home_delivery,2,74,FedEx Envelope,326.51,pdf_page_110,19,"['', '74', '326.51', '42.00', '148.79', '172.31', '326.51', '26.28', '148.79', '']",pdfplumber
1127,home_delivery,2,74,FedEx Pak,42.00,pdf_page_110,19,"['', '74', '326.51', '42.00', '148.79', '172.31', '326.51', '26.28', '148.79', '']",pdfplumber
1128,home_delivery,2,74,FedEx Box,148.79,pdf_page_110,19,"['', '74', '326.51', '42.00', '148.79', '172.31', '326.51', '26.28', '148.79', '']",pdfplumber
1129,home_delivery,2,74,FedEx Tube,172.31,pdf_page_110,19,"['', '74', '326.51', '42.00', '148.79', '172.31', '326.51', '26.28', '148.79', '']",pdfplumber
1130,home_delivery,2,74,Your Packaging,326.51,pdf_page_110,19,"['', '74', '326.51', '42.00', '148.79', '172.31', '326.51', '26.28', '148.79', '']",pdfplumber
1131,ground,2,75,FedEx Envelope,330.20,pdf_page_110,20,"['', '75', '330.20', '42.52', '150.14', '173.71', '330.20', '27.75', '150.14', '']",pdfplumber
1132,ground,2,75,FedEx Pak,42.52,pdf_page_110,20,"['', '75', '330.20', '42.52', '150.14', '173.71', '330.20', '27.75', '150.14', '']",pdfplumber
1133,ground,2,75,FedEx Box,150.14,pdf_page_110,20,"['', '75', '330.20', '42.52', '150.14', '173.71', '330.20', '27.75', '150.14', '']",pdfplumber
1134,ground,2,75,FedEx Tube,173.71,pdf_page_110,20,"['', '75', '330.20', '42.52', '150.14', '173.71', '330.20', '27.75', '150.14', '']",pdfplumber
1135,ground,2,75,Your Packaging,330.20,pdf_page_110,20,"['', '75', '330.20', '42.52', '150.14', '173.71', '330.20', '27.75', '150.14', '']",pdfplumber
1136,home_delivery,2,75,FedEx Envelope,330.20,pdf_page_110,20,"['', '75', '330.20', '42.52', '150.14', '173.71', '330.20', '27.75', '150.14', '']",pdfplumber
1137,home_delivery,2,75,FedEx Pak,42.52,pdf_page_110,20,"['', '75', '330.20', '42.52', '150.14', '173.71', '330.20', '27.75', '150.14', '']",pdfplumber
1138,home_delivery,2,75,FedEx Box,150.14,pdf_page_110,20,"['', '75', '330.20', '42.52', '150.14', '173.71', '330.20', '27.75', '150.14', '']",pdfplumber
1139,home_delivery,2,75,FedEx Tube,173.71,pdf_page_110,20,"['', '75', '330.20', '42.52', '150.14', '173.71', '330.20', '27.75', '150.14', '']",pdfplumber
1140,home_delivery,2,75,Your Packaging,330.20,pdf_page_110,20,"['', '75', '330.20', '42.52', '150.14', '173.71', '330.20', '27.75', '150.14', '']",pdfplumber
1141,ground,2,81,FedEx Envelope,345.30,pdf_page_110,22,"['', '81', '345.30', '51.51', '158.87', '181.73', '345.30', '34.52', '158.87', '181.73\n183.03\n184.44\n185.75\n187.10']",pdfplumber
1142,ground,2,81,FedEx Pak,51.51,pdf_page_110,22,"['', '81', '345.30', '51.51', '158.87', '181.73', '345.30', '34.52', '158.87', '181.73\n183.03\n184.44\n185.75\n187.10']",pdfplumber
1143,ground,2,81,FedEx Box,158.87,pdf_page_110,22,"['', '81', '345.30', '51.51', '158.87', '181.73', '345.30', '34.52', '158.87', '181.73\n183.03\n184.44\n185.75\n187.10']",pdfplumber
1144,ground,2,81,FedEx Tube,181.73,pdf_page_110,22,"['', '81', '345.30', '51.51', '158.87', '181.73', '345.30', '34.52', '158.87', '181.73\n183.03\n184.44\n185.75\n187.10']",pdfplumber
1145,ground,2,81,Your Packaging,345.30,pdf_page_110,22,"['', '81', '345.30', '51.51', '158.87', '181.73', '345.30', '34.52', '158.87', '181.73\n183.03\n184.44\n185.75\n187.10']",pdfplumber
1146,home_delivery,2,81,FedEx Envelope,345.30,pdf_page_110,22,"['', '81', '345.30', '51.51', '158.87', '181.73', '345.30', '34.52', '158.87', '181.73\n183.03\n184.44\n185.75\n187.10']",pdfplumber
1147,home_delivery,2,81,FedEx Pak,51.51,pdf_page_110,22,"['', '81', '345.30', '51.51', '158.87', '181.73', '345.30', '34.52', '158.87', '181.73\n183.03\n184.44\n185.75\n187.10']",pdfplumber
1148,home_delivery,2,81,FedEx Box,158.87,pdf_page_110,22,"['', '81', '345.30', '51.51', '158.87', '181.73', '345.30', '34.52', '158.87', '181.73\n183.03\n184.44\n185.75\n187.10']",pdfplumber
1149,home_delivery,2,81,FedEx Tube,181.73,pdf_page_110,22,"['', '81', '345.30', '51.51', '158.87', '181.73', '345.30', '34.52', '158.87', '181.73\n183.03\n184.44\n185.75\n187.10']",pdfplumber
1150,home_delivery,2,81,Your Packaging,345.30,pdf_page_110,22,"['', '81', '345.30', '51.51', '158.87', '181.73', '345.30', '34.52', '158.87', '181.73\n183.03\n184.44\n185.75\n187.10']",pdfplumber
1151,ground,2,82,FedEx Envelope,347.03,pdf_page_110,23,"['', '82', '347.03', '52.30', '160.23', '183.03', '347.03', '36.81', '160.23', '']",pdfplumber
1152,ground,2,82,FedEx Pak,52.30,pdf_page_110,23,"['', '82', '347.03', '52.30', '160.23', '183.03', '347.03', '36.81', '160.23', '']",pdfplumber
1153,ground,2,82,FedEx Box,160.23,pdf_page_110,23,"['', '82', '347.03', '52.30', '160.23', '183.03', '347.03', '36.81', '160.23', '']",pdfplumber
1154,ground,2,82,FedEx Tube,183.03,pdf_page_110,23,"['', '82', '347.03', '52.30', '160.23', '183.03', '347.03', '36.81', '160.23', '']",pdfplumber
1155,ground,2,82,Your Packaging,347.03,pdf_page_110,23,"['', '82', '347.03', '52.30', '160.23', '183.03', '347.03', '36.81', '160.23', '']",pdfplumber
1156,home_delivery,2,82,FedEx Envelope,347.03,pdf_page_110,23,"['', '82', '347.03', '52.30', '160.23', '183.03', '347.03', '36.81', '160.23', '']",pdfplumber
1157,home_delivery,2,82,FedEx Pak,52.30,pdf_page_110,23,"['', '82', '347.03', '52.30', '160.23', '183.03', '347.03', '36.81', '160.23', '']",pdfplumber
1158,home_delivery,2,82,FedEx Box,160.23,pdf_page_110,23,"['', '82', '347.03', '52.30', '160.23', '183.03', '347.03', '36.81', '160.23', '']",pdfplumber
1159,home_delivery,2,82,FedEx Tube,183.03,pdf_page_110,23,"['', '82', '347.03', '52.30', '160.23', '183.03', '347.03', '36.81', '160.23', '']",pdfplumber
1160,home_delivery,2,82,Your Packaging,347.03,pdf_page_110,23,"['', '82', '347.03', '52.30', '160.23', '183.03', '347.03', '36.81', '160.23', '']",pdfplumber
1161,ground,2,83,FedEx Envelope,350.81,pdf_page_110,24,"['', '83', '350.81', '53.10', '161.59', '184.44', '350.81', '38.06', '161.59', '']",pdfplumber
1162,ground,2,83,FedEx Pak,53.10,pdf_page_110,24,"['', '83', '350.81', '53.10', '161.59', '184.44', '350.81', '38.06', '161.59', '']",pdfplumber
1163,ground,2,83,FedEx Box,161.59,pdf_page_110,24,"['', '83', '350.81', '53.10', '161.59', '184.44', '350.81', '38.06', '161.59', '']",pdfplumber
1164,ground,2,83,FedEx Tube,184.44,pdf_page_110,24,"['', '83', '350.81', '53.10', '161.59', '184.44', '350.81', '38.06', '161.59', '']",pdfplumber
1165,ground,2,83,Your Packaging,350.81,pdf_page_110,24,"['', '83', '350.81', '53.10', '161.59', '184.44', '350.81', '38.06', '161.59', '']",pdfplumber
1166,home_delivery,2,83,FedEx Envelope,350.81,pdf_page_110,24,"['', '83', '350.81', '53.10', '161.59', '184.44', '350.81', '38.06', '161.59', '']",pdfplumber
1167,home_delivery,2,83,FedEx Pak,53.10,pdf_page_110,24,"['', '83', '350.81', '53.10', '161.59', '184.44', '350.81', '38.06', '161.59', '']",pdfplumber
1168,home_delivery,2,83,FedEx Box,161.59,pdf_page_110,24,"['', '83', '350.81', '53.10', '161.59', '184.44', '350.81', '38.06', '161.59', '']",pdfplumber
1169,home_delivery,2,83,FedEx Tube,184.44,pdf_page_110,24,"['', '83', '350.81', '53.10', '161.59', '184.44', '350.81', '38.06', '161.59', '']",pdfplumber
1170,home_delivery,2,83,Your Packaging,350.81,pdf_page_110,24,"['', '83', '350.81', '53.10', '161.59', '184.44', '350.81', '38.06', '161.59', '']",pdfplumber
1171,ground,2,84,FedEx Envelope,354.86,pdf_page_110,25,"['', '84', '354.86', '54.43', '162.97', '185.75', '354.86', '38.19', '162.97', '']",pdfplumber
1172,ground,2,84,FedEx Pak,54.43,pdf_page_110,25,"['', '84', '354.86', '54.43', '162.97', '185.75', '354.86', '38.19', '162.97', '']",pdfplumber
1173,ground,2,84,FedEx Box,162.97,pdf_page_110,25,"['', '84', '354.86', '54.43', '162.97', '185.75', '354.86', '38.19', '162.97', '']",pdfplumber
1174,ground,2,84,FedEx Tube,185.75,pdf_page_110,25,"['', '84', '354.86', '54.43', '162.97', '185.75', '354.86', '38.19', '162.97', '']",pdfplumber
1175,ground,2,84,Your Packaging,354.86,pdf_page_110,25,"['', '84', '354.86', '54.43', '162.97', '185.75', '354.86', '38.19', '162.97', '']",pdfplumber
1176,home_delivery,2,84,FedEx Envelope,354.86,pdf_page_110,25,"['', '84', '354.86', '54.43', '162.97', '185.75', '354.86', '38.19', '162.97', '']",pdfplumber
1177,home_delivery,2,84,FedEx Pak,54.43,pdf_page_110,25,"['', '84', '354.86', '54.43', '162.97', '185.75', '354.86', '38.19', '162.97', '']",pdfplumber
1178,home_delivery,2,84,FedEx Box,162.97,pdf_page_110,25,"['', '84', '354.86', '54.43', '162.97', '185.75', '354.86', '38.19', '162.97', '']",pdfplumber
1179,home_delivery,2,84,FedEx Tube,185.75,pdf_page_110,25,"['', '84', '354.86', '54.43', '162.97', '185.75', '354.86', '38.19', '162.97', '']",pdfplumber
1180,home_delivery,2,84,Your Packaging,354.86,pdf_page_110,25,"['', '84', '354.86', '54.43', '162.97', '185.75', '354.86', '38.19', '162.97', '']",pdfplumber
1181,ground,2,85,FedEx Envelope,358.99,pdf_page_110,26,"['', '85', '358.99', '56.20', '164.32', '187.10', '358.99', '39.80', '164.32', '']",pdfplumber
1182,ground,2,85,FedEx Pak,56.20,pdf_page_110,26,"['', '85', '358.99', '56.20', '164.32', '187.10', '358.99', '39.80', '164.32', '']",pdfplumber
1183,ground,2,85,FedEx Box,164.32,pdf_page_110,26,"['', '85', '358.99', '56.20', '164.32', '187.10', '358.99', '39.80', '164.32', '']",pdfplumber
1184,ground,2,85,FedEx Tube,187.10,pdf_page_110,26,"['', '85', '358.99', '56.20', '164.32', '187.10', '358.99', '39.80', '164.32', '']",pdfplumber
1185,ground,2,85,Your Packaging,358.99,pdf_page_110,26,"['', '85', '358.99', '56.20', '164.32', '187.10', '358.99', '39.80', '164.32', '']",pdfplumber
1186,home_delivery,2,85,FedEx Envelope,358.99,pdf_page_110,26,"['', '85', '358.99', '56.20', '164.32', '187.10', '358.99', '39.80', '164.32', '']",pdfplumber
1187,home_delivery,2,85,FedEx Pak,56.20,pdf_page_110,26,"['', '85', '358.99', '56.20', '164.32', '187.10', '358.99', '39.80', '164.32', '']",pdfplumber
1188,home_delivery,2,85,FedEx Box,164.32,pdf_page_110,26,"['', '85', '358.99', '56.20', '164.32', '187.10', '358.99', '39.80', '164.32', '']",pdfplumber
1189,home_delivery,2,85,FedEx Tube,187.10,pdf_page_110,26,"['', '85', '358.99', '56.20', '164.32', '187.10', '358.99', '39.80', '164.32', '']",pdfplumber
1190,home_delivery,2,85,Your Packaging,358.99,pdf_page_110,26,"['', '85', '358.99', '56.20', '164.32', '187.10', '358.99', '39.80', '164.32', '']",pdfplumber
1191,ground,2,91,FedEx Envelope,382.61,pdf_page_110,28,"['', '91', '382.61', '62.71', '172.91', '195.07', '382.61', '47.21', '172.91', '195.07\n196.41\n197.74\n199.09\n200.36']",pdfplumber
1192,ground,2,91,FedEx Pak,62.71,pdf_page_110,28,"['', '91', '382.61', '62.71', '172.91', '195.07', '382.61', '47.21', '172.91', '195.07\n196.41\n197.74\n199.09\n200.36']",pdfplumber
1193,ground,2,91,FedEx Box,172.91,pdf_page_110,28,"['', '91', '382.61', '62.71', '172.91', '195.07', '382.61', '47.21', '172.91', '195.07\n196.41\n197.74\n199.09\n200.36']",pdfplumber
1194,ground,2,91,FedEx Tube,195.07,pdf_page_110,28,"['', '91', '382.61', '62.71', '172.91', '195.07', '382.61', '47.21', '172.91', '195.07\n196.41\n197.74\n199.09\n200.36']",pdfplumber
1195,ground,2,91,Your Packaging,382.61,pdf_page_110,28,"['', '91', '382.61', '62.71', '172.91', '195.07', '382.61', '47.21', '172.91', '195.07\n196.41\n197.74\n199.09\n200.36']",pdfplumber
1196,home_delivery,2,91,FedEx Envelope,382.61,pdf_page_110,28,"['', '91', '382.61', '62.71', '172.91', '195.07', '382.61', '47.21', '172.91', '195.07\n196.41\n197.74\n199.09\n200.36']",pdfplumber
1197,home_delivery,2,91,FedEx Pak,62.71,pdf_page_110,28,"['', '91', '382.61', '62.71', '172.91', '195.07', '382.61', '47.21', '172.91', '195.07\n196.41\n197.74\n199.09\n200.36']",pdfplumber
1198,home_delivery,2,91,FedEx Box,172.91,pdf_page_110,28,"['', '91', '382.61', '62.71', '172.91', '195.07', '382.61', '47.21', '172.91', '195.07\n196.41\n197.74\n199.09\n200.36']",pdfplumber
1199,home_delivery,2,91,FedEx Tube,195.07,pdf_page_110,28,"['', '91', '382.61', '62.71', '172.91', '195.07', '382.61', '47.21', '172.91', '195.07\n196.41\n197.74\n199.09\n200.36']",pdfplumber
1200,home_delivery,2,91,Your Packaging,382.61,pdf_page_110,28,"['', '91', '382.61', '62.71', '172.91', '195.07', '382.61', '47.21', '172.91', '195.07\n196.41\n197.74\n199.09\n200.36']",pdfplumber
1201,ground,2,92,FedEx Envelope,386.26,pdf_page_110,29,"['', '92', '386.26', '64.61', '174.24', '196.41', '386.26', '48.84', '174.24', '']",pdfplumber
1202,ground,2,92,FedEx Pak,64.61,pdf_page_110,29,"['', '92', '386.26', '64.61', '174.24', '196.41', '386.26', '48.84', '174.24', '']",pdfplumber
1203,ground,2,92,FedEx Box,174.24,pdf_page_110,29,"['', '92', '386.26', '64.61', '174.24', '196.41', '386.26', '48.84', '174.24', '']",pdfplumber
1204,ground,2,92,FedEx Tube,196.41,pdf_page_110,29,"['', '92', '386.26', '64.61', '174.24', '196.41', '386.26', '48.84', '174.24', '']",pdfplumber
1205,ground,2,92,Your Packaging,386.26,pdf_page_110,29,"['', '92', '386.26', '64.61', '174.24', '196.41', '386.26', '48.84', '174.24', '']",pdfplumber
1206,home_delivery,2,92,FedEx Envelope,386.26,pdf_page_110,29,"['', '92', '386.26', '64.61', '174.24', '196.41', '386.26', '48.84', '174.24', '']",pdfplumber
1207,home_delivery,2,92,FedEx Pak,64.61,pdf_page_110,29,"['', '92', '386.26', '64.61', '174.24', '196.41', '386.26', '48.84', '174.24', '']",pdfplumber
1208,home_delivery,2,92,FedEx Box,174.24,pdf_page_110,29,"['', '92', '386.26', '64.61', '174.24', '196.41', '386.26', '48.84', '174.24', '']",pdfplumber
1209,home_delivery,2,92,FedEx Tube,196.41,pdf_page_110,29,"['', '92', '386.26', '64.61', '174.24', '196.41', '386.26', '48.84', '174.24', '']",pdfplumber
1210,home_delivery,2,92,Your Packaging,386.26,pdf_page_110,29,"['', '92', '386.26', '64.61', '174.24', '196.41', '386.26', '48.84', '174.24', '']",pdfplumber
1211,ground,2,93,FedEx Envelope,390.02,pdf_page_110,30,"['', '93', '390.02', '65.89', '175.64', '197.74', '390.02', '49.17', '175.64', '']",pdfplumber
1212,ground,2,93,FedEx Pak,65.89,pdf_page_110,30,"['', '93', '390.02', '65.89', '175.64', '197.74', '390.02', '49.17', '175.64', '']",pdfplumber
1213,ground,2,93,FedEx Box,175.64,pdf_page_110,30,"['', '93', '390.02', '65.89', '175.64', '197.74', '390.02', '49.17', '175.64', '']",pdfplumber
1214,ground,2,93,FedEx Tube,197.74,pdf_page_110,30,"['', '93', '390.02', '65.89', '175.64', '197.74', '390.02', '49.17', '175.64', '']",pdfplumber
1215,ground,2,93,Your Packaging,390.02,pdf_page_110,30,"['', '93', '390.02', '65.89', '175.64', '197.74', '390.02', '49.17', '175.64', '']",pdfplumber
1216,home_delivery,2,93,FedEx Envelope,390.02,pdf_page_110,30,"['', '93', '390.02', '65.89', '175.64', '197.74', '390.02', '49.17', '175.64', '']",pdfplumber
1217,home_delivery,2,93,FedEx Pak,65.89,pdf_page_110,30,"['', '93', '390.02', '65.89', '175.64', '197.74', '390.02', '49.17', '175.64', '']",pdfplumber
1218,home_delivery,2,93,FedEx Box,175.64,pdf_page_110,30,"['', '93', '390.02', '65.89', '175.64', '197.74', '390.02', '49.17', '175.64', '']",pdfplumber
1219,home_delivery,2,93,FedEx Tube,197.74,pdf_page_110,30,"['', '93', '390.02', '65.89', '175.64', '197.74', '390.02', '49.17', '175.64', '']",pdfplumber
1220,home_delivery,2,93,Your Packaging,390.02,pdf_page_110,30,"['', '93', '390.02', '65.89', '175.64', '197.74', '390.02', '49.17', '175.64', '']",pdfplumber
1221,ground,2,94,FedEx Envelope,393.70,pdf_page_110,31,"['', '94', '393.70', '67.81', '176.98', '199.09', '393.70', '50.85', '176.98', '']",pdfplumber
1222,ground,2,94,FedEx Pak,67.81,pdf_page_110,31,"['', '94', '393.70', '67.81', '176.98', '199.09', '393.70', '50.85', '176.98', '']",pdfplumber
1223,ground,2,94,FedEx Box,176.98,pdf_page_110,31,"['', '94', '393.70', '67.81', '176.98', '199.09', '393.70', '50.85', '176.98', '']",pdfplumber
1224,ground,2,94,FedEx Tube,199.09,pdf_page_110,31,"['', '94', '393.70', '67.81', '176.98', '199.09', '393.70', '50.85', '176.98', '']",pdfplumber
1225,ground,2,94,Your Packaging,393.70,pdf_page_110,31,"['', '94', '393.70', '67.81', '176.98', '199.09', '393.70', '50.85', '176.98', '']",pdfplumber
1226,home_delivery,2,94,FedEx Envelope,393.70,pdf_page_110,31,"['', '94', '393.70', '67.81', '176.98', '199.09', '393.70', '50.85', '176.98', '']",pdfplumber
1227,home_delivery,2,94,FedEx Pak,67.81,pdf_page_110,31,"['', '94', '393.70', '67.81', '176.98', '199.09', '393.70', '50.85', '176.98', '']",pdfplumber
1228,home_delivery,2,94,FedEx Box,176.98,pdf_page_110,31,"['', '94', '393.70', '67.81', '176.98', '199.09', '393.70', '50.85', '176.98', '']",pdfplumber
1229,home_delivery,2,94,FedEx Tube,199.09,pdf_page_110,31,"['', '94', '393.70', '67.81', '176.98', '199.09', '393.70', '50.85', '176.98', '']",pdfplumber
1230,home_delivery,2,94,Your Packaging,393.70,pdf_page_110,31,"['', '94', '393.70', '67.81', '176.98', '199.09', '393.70', '50.85', '176.98', '']",pdfplumber
1231,ground,2,95,FedEx Envelope,397.53,pdf_page_110,32,"['', '95', '397.53', '67.85', '178.49', '200.36', '397.53', '52.09', '178.49', '']",pdfplumber
1232,ground,2,95,FedEx Pak,67.85,pdf_page_110,32,"['', '95', '397.53', '67.85', '178.49', '200.36', '397.53', '52.09', '178.49', '']",pdfplumber
1233,ground,2,95,FedEx Box,178.49,pdf_page_110,32,"['', '95', '397.53', '67.85', '178.49', '200.36', '397.53', '52.09', '178.49', '']",pdfplumber
1234,ground,2,95,FedEx Tube,200.36,pdf_page_110,32,"['', '95', '397.53', '67.85', '178.49', '200.36', '397.53', '52.09', '178.49', '']",pdfplumber
1235,ground,2,95,Your Packaging,397.53,pdf_page_110,32,"['', '95', '397.53', '67.85', '178.49', '200.36', '397.53', '52.09', '178.49', '']",pdfplumber
1236,home_delivery,2,95,FedEx Envelope,397.53,pdf_page_110,32,"['', '95', '397.53', '67.85', '178.49', '200.36', '397.53', '52.09', '178.49', '']",pdfplumber
1237,home_delivery,2,95,FedEx Pak,67.85,pdf_page_110,32,"['', '95', '397.53', '67.85', '178.49', '200.36', '397.53', '52.09', '178.49', '']",pdfplumber
1238,home_delivery,2,95,FedEx Box,178.49,pdf_page_110,32,"['', '95', '397.53', '67.85', '178.49', '200.36', '397.53', '52.09', '178.49', '']",pdfplumber
1239,home_delivery,2,95,FedEx Tube,200.36,pdf_page_110,32,"['', '95', '397.53', '67.85', '178.49', '200.36', '397.53', '52.09', '178.49', '']",pdfplumber
1240,home_delivery,2,95,Your Packaging,397.53,pdf_page_110,32,"['', '95', '397.53', '67.85', '178.49', '200.36', '397.53', '52.09', '178.49', '']",pdfplumber
1241,ground,2,101,FedEx Envelope,416.25,pdf_page_111,4,"['.sbl\nni\nthgiew\nmumixaM', '101lbs.', '$416.25', '$ 76.81', '$187.10', '$208.46', '$416.25', '$ 58.89', '$187.10', '$208.46\n209.75\n211.14\n212.45\n213.80']",pdfplumber
1242,ground,2,101,FedEx Pak,187.10,pdf_page_111,4,"['.sbl\nni\nthgiew\nmumixaM', '101lbs.', '$416.25', '$ 76.81', '$187.10', '$208.46', '$416.25', '$ 58.89', '$187.10', '$208.46\n209.75\n211.14\n212.45\n213.80']",pdfplumber
1243,ground,2,101,FedEx Box,208.46,pdf_page_111,4,"['.sbl\nni\nthgiew\nmumixaM', '101lbs.', '$416.25', '$ 76.81', '$187.10', '$208.46', '$416.25', '$ 58.89', '$187.10', '$208.46\n209.75\n211.14\n212.45\n213.80']",pdfplumber
1244,ground,2,101,FedEx Tube,416.25,pdf_page_111,4,"['.sbl\nni\nthgiew\nmumixaM', '101lbs.', '$416.25', '$ 76.81', '$187.10', '$208.46', '$416.25', '$ 58.89', '$187.10', '$208.46\n209.75\n211.14\n212.45\n213.80']",pdfplumber
1245,ground,2,101,Your Packaging,187.10,pdf_page_111,4,"['.sbl\nni\nthgiew\nmumixaM', '101lbs.', '$416.25', '$ 76.81', '$187.10', '$208.46', '$416.25', '$ 58.89', '$187.10', '$208.46\n209.75\n211.14\n212.45\n213.80']",pdfplumber
1246,home_delivery,2,101,FedEx Envelope,416.25,pdf_page_111,4,"['.sbl\nni\nthgiew\nmumixaM', '101lbs.', '$416.25', '$ 76.81', '$187.10', '$208.46', '$416.25', '$ 58.89', '$187.10', '$208.46\n209.75\n211.14\n212.45\n213.80']",pdfplumber
1247,home_delivery,2,101,FedEx Pak,187.10,pdf_page_111,4,"['.sbl\nni\nthgiew\nmumixaM', '101lbs.', '$416.25', '$ 76.81', '$187.10', '$208.46', '$416.25', '$ 58.89', '$187.10', '$208.46\n209.75\n211.14\n212.45\n213.80']",pdfplumber
1248,home_delivery,2,101,FedEx Box,208.46,pdf_page_111,4,"['.sbl\nni\nthgiew\nmumixaM', '101lbs.', '$416.25', '$ 76.81', '$187.10', '$208.46', '$416.25', '$ 58.89', '$187.10', '$208.46\n209.75\n211.14\n212.45\n213.80']",pdfplumber
1249,home_delivery,2,101,FedEx Tube,416.25,pdf_page_111,4,"['.sbl\nni\nthgiew\nmumixaM', '101lbs.', '$416.25', '$ 76.81', '$187.10', '$208.46', '$416.25', '$ 58.89', '$187.10', '$208.46\n209.75\n211.14\n212.45\n213.80']",pdfplumber
1250,home_delivery,2,101,Your Packaging,187.10,pdf_page_111,4,"['.sbl\nni\nthgiew\nmumixaM', '101lbs.', '$416.25', '$ 76.81', '$187.10', '$208.46', '$416.25', '$ 58.89', '$187.10', '$208.46\n209.75\n211.14\n212.45\n213.80']",pdfplumber
1251,ground,2,102,FedEx Envelope,416.26,pdf_page_111,5,"['', '102', '416.26', '77.55', '188.41', '209.75', '416.26', '60.67', '188.41', '']",pdfplumber
1252,ground,2,102,FedEx Pak,77.55,pdf_page_111,5,"['', '102', '416.26', '77.55', '188.41', '209.75', '416.26', '60.67', '188.41', '']",pdfplumber
1253,ground,2,102,FedEx Box,188.41,pdf_page_111,5,"['', '102', '416.26', '77.55', '188.41', '209.75', '416.26', '60.67', '188.41', '']",pdfplumber
1254,ground,2,102,FedEx Tube,209.75,pdf_page_111,5,"['', '102', '416.26', '77.55', '188.41', '209.75', '416.26', '60.67', '188.41', '']",pdfplumber
1255,ground,2,102,Your Packaging,416.26,pdf_page_111,5,"['', '102', '416.26', '77.55', '188.41', '209.75', '416.26', '60.67', '188.41', '']",pdfplumber
1256,home_delivery,2,102,FedEx Envelope,416.26,pdf_page_111,5,"['', '102', '416.26', '77.55', '188.41', '209.75', '416.26', '60.67', '188.41', '']",pdfplumber
1257,home_delivery,2,102,FedEx Pak,77.55,pdf_page_111,5,"['', '102', '416.26', '77.55', '188.41', '209.75', '416.26', '60.67', '188.41', '']",pdfplumber
1258,home_delivery,2,102,FedEx Box,188.41,pdf_page_111,5,"['', '102', '416.26', '77.55', '188.41', '209.75', '416.26', '60.67', '188.41', '']",pdfplumber
1259,home_delivery,2,102,FedEx Tube,209.75,pdf_page_111,5,"['', '102', '416.26', '77.55', '188.41', '209.75', '416.26', '60.67', '188.41', '']",pdfplumber
1260,home_delivery,2,102,Your Packaging,416.26,pdf_page_111,5,"['', '102', '416.26', '77.55', '188.41', '209.75', '416.26', '60.67', '188.41', '']",pdfplumber
1261,ground,2,103,FedEx Envelope,416.27,pdf_page_111,6,"['', '103', '416.27', '79.92', '189.92', '211.14', '416.27', '61.91', '189.92', '']",pdfplumber
1262,ground,2,103,FedEx Pak,79.92,pdf_page_111,6,"['', '103', '416.27', '79.92', '189.92', '211.14', '416.27', '61.91', '189.92', '']",pdfplumber
1263,ground,2,103,FedEx Box,189.92,pdf_page_111,6,"['', '103', '416.27', '79.92', '189.92', '211.14', '416.27', '61.91', '189.92', '']",pdfplumber
1264,ground,2,103,FedEx Tube,211.14,pdf_page_111,6,"['', '103', '416.27', '79.92', '189.92', '211.14', '416.27', '61.91', '189.92', '']",pdfplumber
1265,ground,2,103,Your Packaging,416.27,pdf_page_111,6,"['', '103', '416.27', '79.92', '189.92', '211.14', '416.27', '61.91', '189.92', '']",pdfplumber
1266,home_delivery,2,103,FedEx Envelope,416.27,pdf_page_111,6,"['', '103', '416.27', '79.92', '189.92', '211.14', '416.27', '61.91', '189.92', '']",pdfplumber
1267,home_delivery,2,103,FedEx Pak,79.92,pdf_page_111,6,"['', '103', '416.27', '79.92', '189.92', '211.14', '416.27', '61.91', '189.92', '']",pdfplumber
1268,home_delivery,2,103,FedEx Box,189.92,pdf_page_111,6,"['', '103', '416.27', '79.92', '189.92', '211.14', '416.27', '61.91', '189.92', '']",pdfplumber
1269,home_delivery,2,103,FedEx Tube,211.14,pdf_page_111,6,"['', '103', '416.27', '79.92', '189.92', '211.14', '416.27', '61.91', '189.92', '']",pdfplumber
1270,home_delivery,2,103,Your Packaging,416.27,pdf_page_111,6,"['', '103', '416.27', '79.92', '189.92', '211.14', '416.27', '61.91', '189.92', '']",pdfplumber
1271,ground,2,104,FedEx Envelope,416.31,pdf_page_111,7,"['', '104', '416.31', '79.93', '191.44', '212.45', '416.31', '64.34', '191.44', '']",pdfplumber
1272,ground,2,104,FedEx Pak,79.93,pdf_page_111,7,"['', '104', '416.31', '79.93', '191.44', '212.45', '416.31', '64.34', '191.44', '']",pdfplumber
1273,ground,2,104,FedEx Box,191.44,pdf_page_111,7,"['', '104', '416.31', '79.93', '191.44', '212.45', '416.31', '64.34', '191.44', '']",pdfplumber
1274,ground,2,104,FedEx Tube,212.45,pdf_page_111,7,"['', '104', '416.31', '79.93', '191.44', '212.45', '416.31', '64.34', '191.44', '']",pdfplumber
1275,ground,2,104,Your Packaging,416.31,pdf_page_111,7,"['', '104', '416.31', '79.93', '191.44', '212.45', '416.31', '64.34', '191.44', '']",pdfplumber
1276,home_delivery,2,104,FedEx Envelope,416.31,pdf_page_111,7,"['', '104', '416.31', '79.93', '191.44', '212.45', '416.31', '64.34', '191.44', '']",pdfplumber
1277,home_delivery,2,104,FedEx Pak,79.93,pdf_page_111,7,"['', '104', '416.31', '79.93', '191.44', '212.45', '416.31', '64.34', '191.44', '']",pdfplumber
1278,home_delivery,2,104,FedEx Box,191.44,pdf_page_111,7,"['', '104', '416.31', '79.93', '191.44', '212.45', '416.31', '64.34', '191.44', '']",pdfplumber
1279,home_delivery,2,104,FedEx Tube,212.45,pdf_page_111,7,"['', '104', '416.31', '79.93', '191.44', '212.45', '416.31', '64.34', '191.44', '']",pdfplumber
1280,home_delivery,2,104,Your Packaging,416.31,pdf_page_111,7,"['', '104', '416.31', '79.93', '191.44', '212.45', '416.31', '64.34', '191.44', '']",pdfplumber
1281,ground,2,105,FedEx Envelope,420.02,pdf_page_111,8,"['', '105', '420.02', '81.20', '192.92', '213.80', '420.02', '64.97', '192.92', '']",pdfplumber
1282,ground,2,105,FedEx Pak,81.20,pdf_page_111,8,"['', '105', '420.02', '81.20', '192.92', '213.80', '420.02', '64.97', '192.92', '']",pdfplumber
1283,ground,2,105,FedEx Box,192.92,pdf_page_111,8,"['', '105', '420.02', '81.20', '192.92', '213.80', '420.02', '64.97', '192.92', '']",pdfplumber
1284,ground,2,105,FedEx Tube,213.80,pdf_page_111,8,"['', '105', '420.02', '81.20', '192.92', '213.80', '420.02', '64.97', '192.92', '']",pdfplumber
1285,ground,2,105,Your Packaging,420.02,pdf_page_111,8,"['', '105', '420.02', '81.20', '192.92', '213.80', '420.02', '64.97', '192.92', '']",pdfplumber
1286,home_delivery,2,105,FedEx Envelope,420.02,pdf_page_111,8,"['', '105', '420.02', '81.20', '192.92', '213.80', '420.02', '64.97', '192.92', '']",pdfplumber
1287,home_delivery,2,105,FedEx Pak,81.20,pdf_page_111,8,"['', '105', '420.02', '81.20', '192.92', '213.80', '420.02', '64.97', '192.92', '']",pdfplumber
1288,home_delivery,2,105,FedEx Box,192.92,pdf_page_111,8,"['', '105', '420.02', '81.20', '192.92', '213.80', '420.02', '64.97', '192.92', '']",pdfplumber
1289,home_delivery,2,105,FedEx Tube,213.80,pdf_page_111,8,"['', '105', '420.02', '81.20', '192.92', '213.80', '420.02', '64.97', '192.92', '']",pdfplumber
1290,home_delivery,2,105,Your Packaging,420.02,pdf_page_111,8,"['', '105', '420.02', '81.20', '192.92', '213.80', '420.02', '64.97', '192.92', '']",pdfplumber
1291,ground,2,111,FedEx Envelope,444.10,pdf_page_111,10,"['', '111', '444.10', '89.72', '201.39', '221.74', '444.10', '71.04', '201.39', '221.74\n223.19\n224.77\n226.22\n227.67']",pdfplumber
1292,ground,2,111,FedEx Pak,89.72,pdf_page_111,10,"['', '111', '444.10', '89.72', '201.39', '221.74', '444.10', '71.04', '201.39', '221.74\n223.19\n224.77\n226.22\n227.67']",pdfplumber
1293,ground,2,111,FedEx Box,201.39,pdf_page_111,10,"['', '111', '444.10', '89.72', '201.39', '221.74', '444.10', '71.04', '201.39', '221.74\n223.19\n224.77\n226.22\n227.67']",pdfplumber
1294,ground,2,111,FedEx Tube,221.74,pdf_page_111,10,"['', '111', '444.10', '89.72', '201.39', '221.74', '444.10', '71.04', '201.39', '221.74\n223.19\n224.77\n226.22\n227.67']",pdfplumber
1295,ground,2,111,Your Packaging,444.10,pdf_page_111,10,"['', '111', '444.10', '89.72', '201.39', '221.74', '444.10', '71.04', '201.39', '221.74\n223.19\n224.77\n226.22\n227.67']",pdfplumber
1296,home_delivery,2,111,FedEx Envelope,444.10,pdf_page_111,10,"['', '111', '444.10', '89.72', '201.39', '221.74', '444.10', '71.04', '201.39', '221.74\n223.19\n224.77\n226.22\n227.67']",pdfplumber
1297,home_delivery,2,111,FedEx Pak,89.72,pdf_page_111,10,"['', '111', '444.10', '89.72', '201.39', '221.74', '444.10', '71.04', '201.39', '221.74\n223.19\n224.77\n226.22\n227.67']",pdfplumber
1298,home_delivery,2,111,FedEx Box,201.39,pdf_page_111,10,"['', '111', '444.10', '89.72', '201.39', '221.74', '444.10', '71.04', '201.39', '221.74\n223.19\n224.77\n226.22\n227.67']",pdfplumber
1299,home_delivery,2,111,FedEx Tube,221.74,pdf_page_111,10,"['', '111', '444.10', '89.72', '201.39', '221.74', '444.10', '71.04', '201.39', '221.74\n223.19\n224.77\n226.22\n227.67']",pdfplumber
1300,home_delivery,2,111,Your Packaging,444.10,pdf_page_111,10,"['', '111', '444.10', '89.72', '201.39', '221.74', '444.10', '71.04', '201.39', '221.74\n223.19\n224.77\n226.22\n227.67']",pdfplumber
1301,ground,2,112,FedEx Envelope,449.11,pdf_page_111,11,"['', '112', '449.11', '90.20', '202.87', '223.19', '449.11', '72.98', '202.87', '']",pdfplumber
1302,ground,2,112,FedEx Pak,90.20,pdf_page_111,11,"['', '112', '449.11', '90.20', '202.87', '223.19', '449.11', '72.98', '202.87', '']",pdfplumber
1303,ground,2,112,FedEx Box,202.87,pdf_page_111,11,"['', '112', '449.11', '90.20', '202.87', '223.19', '449.11', '72.98', '202.87', '']",pdfplumber
1304,ground,2,112,FedEx Tube,223.19,pdf_page_111,11,"['', '112', '449.11', '90.20', '202.87', '223.19', '449.11', '72.98', '202.87', '']",pdfplumber
1305,ground,2,112,Your Packaging,449.11,pdf_page_111,11,"['', '112', '449.11', '90.20', '202.87', '223.19', '449.11', '72.98', '202.87', '']",pdfplumber
1306,home_delivery,2,112,FedEx Envelope,449.11,pdf_page_111,11,"['', '112', '449.11', '90.20', '202.87', '223.19', '449.11', '72.98', '202.87', '']",pdfplumber
1307,home_delivery,2,112,FedEx Pak,90.20,pdf_page_111,11,"['', '112', '449.11', '90.20', '202.87', '223.19', '449.11', '72.98', '202.87', '']",pdfplumber
1308,home_delivery,2,112,FedEx Box,202.87,pdf_page_111,11,"['', '112', '449.11', '90.20', '202.87', '223.19', '449.11', '72.98', '202.87', '']",pdfplumber
1309,home_delivery,2,112,FedEx Tube,223.19,pdf_page_111,11,"['', '112', '449.11', '90.20', '202.87', '223.19', '449.11', '72.98', '202.87', '']",pdfplumber
1310,home_delivery,2,112,Your Packaging,449.11,pdf_page_111,11,"['', '112', '449.11', '90.20', '202.87', '223.19', '449.11', '72.98', '202.87', '']",pdfplumber
1311,ground,2,113,FedEx Envelope,453.00,pdf_page_111,12,"['', '113', '453.00', '91.92', '204.19', '224.77', '453.00', '73.47', '204.19', '']",pdfplumber
1312,ground,2,113,FedEx Pak,91.92,pdf_page_111,12,"['', '113', '453.00', '91.92', '204.19', '224.77', '453.00', '73.47', '204.19', '']",pdfplumber
1313,ground,2,113,FedEx Box,204.19,pdf_page_111,12,"['', '113', '453.00', '91.92', '204.19', '224.77', '453.00', '73.47', '204.19', '']",pdfplumber
1314,ground,2,113,FedEx Tube,224.77,pdf_page_111,12,"['', '113', '453.00', '91.92', '204.19', '224.77', '453.00', '73.47', '204.19', '']",pdfplumber
1315,ground,2,113,Your Packaging,453.00,pdf_page_111,12,"['', '113', '453.00', '91.92', '204.19', '224.77', '453.00', '73.47', '204.19', '']",pdfplumber
1316,home_delivery,2,113,FedEx Envelope,453.00,pdf_page_111,12,"['', '113', '453.00', '91.92', '204.19', '224.77', '453.00', '73.47', '204.19', '']",pdfplumber
1317,home_delivery,2,113,FedEx Pak,91.92,pdf_page_111,12,"['', '113', '453.00', '91.92', '204.19', '224.77', '453.00', '73.47', '204.19', '']",pdfplumber
1318,home_delivery,2,113,FedEx Box,204.19,pdf_page_111,12,"['', '113', '453.00', '91.92', '204.19', '224.77', '453.00', '73.47', '204.19', '']",pdfplumber
1319,home_delivery,2,113,FedEx Tube,224.77,pdf_page_111,12,"['', '113', '453.00', '91.92', '204.19', '224.77', '453.00', '73.47', '204.19', '']",pdfplumber
1320,home_delivery,2,113,Your Packaging,453.00,pdf_page_111,12,"['', '113', '453.00', '91.92', '204.19', '224.77', '453.00', '73.47', '204.19', '']",pdfplumber
1321,ground,2,114,FedEx Envelope,456.94,pdf_page_111,13,"['', '114', '456.94', '93.13', '205.61', '226.22', '456.94', '74.18', '205.61', '']",pdfplumber
1322,ground,2,114,FedEx Pak,93.13,pdf_page_111,13,"['', '114', '456.94', '93.13', '205.61', '226.22', '456.94', '74.18', '205.61', '']",pdfplumber
1323,ground,2,114,FedEx Box,205.61,pdf_page_111,13,"['', '114', '456.94', '93.13', '205.61', '226.22', '456.94', '74.18', '205.61', '']",pdfplumber
1324,ground,2,114,FedEx Tube,226.22,pdf_page_111,13,"['', '114', '456.94', '93.13', '205.61', '226.22', '456.94', '74.18', '205.61', '']",pdfplumber
1325,ground,2,114,Your Packaging,456.94,pdf_page_111,13,"['', '114', '456.94', '93.13', '205.61', '226.22', '456.94', '74.18', '205.61', '']",pdfplumber
1326,home_delivery,2,114,FedEx Envelope,456.94,pdf_page_111,13,"['', '114', '456.94', '93.13', '205.61', '226.22', '456.94', '74.18', '205.61', '']",pdfplumber
1327,home_delivery,2,114,FedEx Pak,93.13,pdf_page_111,13,"['', '114', '456.94', '93.13', '205.61', '226.22', '456.94', '74.18', '205.61', '']",pdfplumber
1328,home_delivery,2,114,FedEx Box,205.61,pdf_page_111,13,"['', '114', '456.94', '93.13', '205.61', '226.22', '456.94', '74.18', '205.61', '']",pdfplumber
1329,home_delivery,2,114,FedEx Tube,226.22,pdf_page_111,13,"['', '114', '456.94', '93.13', '205.61', '226.22', '456.94', '74.18', '205.61', '']",pdfplumber
1330,home_delivery,2,114,Your Packaging,456.94,pdf_page_111,13,"['', '114', '456.94', '93.13', '205.61', '226.22', '456.94', '74.18', '205.61', '']",pdfplumber
1331,ground,2,115,FedEx Envelope,460.83,pdf_page_111,14,"['', '115', '460.83', '94.01', '206.96', '227.67', '460.83', '75.87', '206.96', '']",pdfplumber
1332,ground,2,115,FedEx Pak,94.01,pdf_page_111,14,"['', '115', '460.83', '94.01', '206.96', '227.67', '460.83', '75.87', '206.96', '']",pdfplumber
1333,ground,2,115,FedEx Box,206.96,pdf_page_111,14,"['', '115', '460.83', '94.01', '206.96', '227.67', '460.83', '75.87', '206.96', '']",pdfplumber
1334,ground,2,115,FedEx Tube,227.67,pdf_page_111,14,"['', '115', '460.83', '94.01', '206.96', '227.67', '460.83', '75.87', '206.96', '']",pdfplumber
1335,ground,2,115,Your Packaging,460.83,pdf_page_111,14,"['', '115', '460.83', '94.01', '206.96', '227.67', '460.83', '75.87', '206.96', '']",pdfplumber
1336,home_delivery,2,115,FedEx Envelope,460.83,pdf_page_111,14,"['', '115', '460.83', '94.01', '206.96', '227.67', '460.83', '75.87', '206.96', '']",pdfplumber
1337,home_delivery,2,115,FedEx Pak,94.01,pdf_page_111,14,"['', '115', '460.83', '94.01', '206.96', '227.67', '460.83', '75.87', '206.96', '']",pdfplumber
1338,home_delivery,2,115,FedEx Box,206.96,pdf_page_111,14,"['', '115', '460.83', '94.01', '206.96', '227.67', '460.83', '75.87', '206.96', '']",pdfplumber
1339,home_delivery,2,115,FedEx Tube,227.67,pdf_page_111,14,"['', '115', '460.83', '94.01', '206.96', '227.67', '460.83', '75.87', '206.96', '']",pdfplumber
1340,home_delivery,2,115,Your Packaging,460.83,pdf_page_111,14,"['', '115', '460.83', '94.01', '206.96', '227.67', '460.83', '75.87', '206.96', '']",pdfplumber
1341,ground,2,121,FedEx Envelope,485.05,pdf_page_111,16,"['', '121', '485.05', '103.01', '215.84', '236.20', '485.05', '82.86', '215.84', '236.20\n237.49\n238.86\n240.17\n241.55']",pdfplumber
1342,ground,2,121,FedEx Pak,103.01,pdf_page_111,16,"['', '121', '485.05', '103.01', '215.84', '236.20', '485.05', '82.86', '215.84', '236.20\n237.49\n238.86\n240.17\n241.55']",pdfplumber
1343,ground,2,121,FedEx Box,215.84,pdf_page_111,16,"['', '121', '485.05', '103.01', '215.84', '236.20', '485.05', '82.86', '215.84', '236.20\n237.49\n238.86\n240.17\n241.55']",pdfplumber
1344,ground,2,121,FedEx Tube,236.20,pdf_page_111,16,"['', '121', '485.05', '103.01', '215.84', '236.20', '485.05', '82.86', '215.84', '236.20\n237.49\n238.86\n240.17\n241.55']",pdfplumber
1345,ground,2,121,Your Packaging,485.05,pdf_page_111,16,"['', '121', '485.05', '103.01', '215.84', '236.20', '485.05', '82.86', '215.84', '236.20\n237.49\n238.86\n240.17\n241.55']",pdfplumber
1346,home_delivery,2,121,FedEx Envelope,485.05,pdf_page_111,16,"['', '121', '485.05', '103.01', '215.84', '236.20', '485.05', '82.86', '215.84', '236.20\n237.49\n238.86\n240.17\n241.55']",pdfplumber
1347,home_delivery,2,121,FedEx Pak,103.01,pdf_page_111,16,"['', '121', '485.05', '103.01', '215.84', '236.20', '485.05', '82.86', '215.84', '236.20\n237.49\n238.86\n240.17\n241.55']",pdfplumber
1348,home_delivery,2,121,FedEx Box,215.84,pdf_page_111,16,"['', '121', '485.05', '103.01', '215.84', '236.20', '485.05', '82.86', '215.84', '236.20\n237.49\n238.86\n240.17\n241.55']",pdfplumber
1349,home_delivery,2,121,FedEx Tube,236.20,pdf_page_111,16,"['', '121', '485.05', '103.01', '215.84', '236.20', '485.05', '82.86', '215.84', '236.20\n237.49\n238.86\n240.17\n241.55']",pdfplumber
1350,home_delivery,2,121,Your Packaging,485.05,pdf_page_111,16,"['', '121', '485.05', '103.01', '215.84', '236.20', '485.05', '82.86', '215.84', '236.20\n237.49\n238.86\n240.17\n241.55']",pdfplumber
1351,ground,2,122,FedEx Envelope,493.76,pdf_page_111,17,"['', '122', '493.76', '104.00', '217.33', '237.49', '493.76', '85.31', '217.33', '']",pdfplumber
1352,ground,2,122,FedEx Pak,104.00,pdf_page_111,17,"['', '122', '493.76', '104.00', '217.33', '237.49', '493.76', '85.31', '217.33', '']",pdfplumber
1353,ground,2,122,FedEx Box,217.33,pdf_page_111,17,"['', '122', '493.76', '104.00', '217.33', '237.49', '493.76', '85.31', '217.33', '']",pdfplumber
1354,ground,2,122,FedEx Tube,237.49,pdf_page_111,17,"['', '122', '493.76', '104.00', '217.33', '237.49', '493.76', '85.31', '217.33', '']",pdfplumber
1355,ground,2,122,Your Packaging,493.76,pdf_page_111,17,"['', '122', '493.76', '104.00', '217.33', '237.49', '493.76', '85.31', '217.33', '']",pdfplumber
1356,home_delivery,2,122,FedEx Envelope,493.76,pdf_page_111,17,"['', '122', '493.76', '104.00', '217.33', '237.49', '493.76', '85.31', '217.33', '']",pdfplumber
1357,home_delivery,2,122,FedEx Pak,104.00,pdf_page_111,17,"['', '122', '493.76', '104.00', '217.33', '237.49', '493.76', '85.31', '217.33', '']",pdfplumber
1358,home_delivery,2,122,FedEx Box,217.33,pdf_page_111,17,"['', '122', '493.76', '104.00', '217.33', '237.49', '493.76', '85.31', '217.33', '']",pdfplumber
1359,home_delivery,2,122,FedEx Tube,237.49,pdf_page_111,17,"['', '122', '493.76', '104.00', '217.33', '237.49', '493.76', '85.31', '217.33', '']",pdfplumber
1360,home_delivery,2,122,Your Packaging,493.76,pdf_page_111,17,"['', '122', '493.76', '104.00', '217.33', '237.49', '493.76', '85.31', '217.33', '']",pdfplumber
1361,ground,2,123,FedEx Envelope,493.77,pdf_page_111,18,"['', '123', '493.77', '104.04', '218.80', '238.86', '493.77', '85.32', '218.80', '']",pdfplumber
1362,ground,2,123,FedEx Pak,104.04,pdf_page_111,18,"['', '123', '493.77', '104.04', '218.80', '238.86', '493.77', '85.32', '218.80', '']",pdfplumber
1363,ground,2,123,FedEx Box,218.80,pdf_page_111,18,"['', '123', '493.77', '104.04', '218.80', '238.86', '493.77', '85.32', '218.80', '']",pdfplumber
1364,ground,2,123,FedEx Tube,238.86,pdf_page_111,18,"['', '123', '493.77', '104.04', '218.80', '238.86', '493.77', '85.32', '218.80', '']",pdfplumber
1365,ground,2,123,Your Packaging,493.77,pdf_page_111,18,"['', '123', '493.77', '104.04', '218.80', '238.86', '493.77', '85.32', '218.80', '']",pdfplumber
1366,home_delivery,2,123,FedEx Envelope,493.77,pdf_page_111,18,"['', '123', '493.77', '104.04', '218.80', '238.86', '493.77', '85.32', '218.80', '']",pdfplumber
1367,home_delivery,2,123,FedEx Pak,104.04,pdf_page_111,18,"['', '123', '493.77', '104.04', '218.80', '238.86', '493.77', '85.32', '218.80', '']",pdfplumber
1368,home_delivery,2,123,FedEx Box,218.80,pdf_page_111,18,"['', '123', '493.77', '104.04', '218.80', '238.86', '493.77', '85.32', '218.80', '']",pdfplumber
1369,home_delivery,2,123,FedEx Tube,238.86,pdf_page_111,18,"['', '123', '493.77', '104.04', '218.80', '238.86', '493.77', '85.32', '218.80', '']",pdfplumber
1370,home_delivery,2,123,Your Packaging,493.77,pdf_page_111,18,"['', '123', '493.77', '104.04', '218.80', '238.86', '493.77', '85.32', '218.80', '']",pdfplumber
1371,ground,2,124,FedEx Envelope,497.43,pdf_page_111,19,"['', '124', '497.43', '107.56', '220.30', '240.17', '497.43', '86.02', '220.30', '']",pdfplumber
1372,ground,2,124,FedEx Pak,107.56,pdf_page_111,19,"['', '124', '497.43', '107.56', '220.30', '240.17', '497.43', '86.02', '220.30', '']",pdfplumber
1373,ground,2,124,FedEx Box,220.30,pdf_page_111,19,"['', '124', '497.43', '107.56', '220.30', '240.17', '497.43', '86.02', '220.30', '']",pdfplumber
1374,ground,2,124,FedEx Tube,240.17,pdf_page_111,19,"['', '124', '497.43', '107.56', '220.30', '240.17', '497.43', '86.02', '220.30', '']",pdfplumber
1375,ground,2,124,Your Packaging,497.43,pdf_page_111,19,"['', '124', '497.43', '107.56', '220.30', '240.17', '497.43', '86.02', '220.30', '']",pdfplumber
1376,home_delivery,2,124,FedEx Envelope,497.43,pdf_page_111,19,"['', '124', '497.43', '107.56', '220.30', '240.17', '497.43', '86.02', '220.30', '']",pdfplumber
1377,home_delivery,2,124,FedEx Pak,107.56,pdf_page_111,19,"['', '124', '497.43', '107.56', '220.30', '240.17', '497.43', '86.02', '220.30', '']",pdfplumber
1378,home_delivery,2,124,FedEx Box,220.30,pdf_page_111,19,"['', '124', '497.43', '107.56', '220.30', '240.17', '497.43', '86.02', '220.30', '']",pdfplumber
1379,home_delivery,2,124,FedEx Tube,240.17,pdf_page_111,19,"['', '124', '497.43', '107.56', '220.30', '240.17', '497.43', '86.02', '220.30', '']",pdfplumber
1380,home_delivery,2,124,Your Packaging,497.43,pdf_page_111,19,"['', '124', '497.43', '107.56', '220.30', '240.17', '497.43', '86.02', '220.30', '']",pdfplumber
1381,ground,2,125,FedEx Envelope,501.59,pdf_page_111,20,"['', '125', '501.59', '108.58', '221.80', '241.55', '501.59', '88.12', '221.80', '']",pdfplumber
1382,ground,2,125,FedEx Pak,108.58,pdf_page_111,20,"['', '125', '501.59', '108.58', '221.80', '241.55', '501.59', '88.12', '221.80', '']",pdfplumber
1383,ground,2,125,FedEx Box,221.80,pdf_page_111,20,"['', '125', '501.59', '108.58', '221.80', '241.55', '501.59', '88.12', '221.80', '']",pdfplumber
1384,ground,2,125,FedEx Tube,241.55,pdf_page_111,20,"['', '125', '501.59', '108.58', '221.80', '241.55', '501.59', '88.12', '221.80', '']",pdfplumber
1385,ground,2,125,Your Packaging,501.59,pdf_page_111,20,"['', '125', '501.59', '108.58', '221.80', '241.55', '501.59', '88.12', '221.80', '']",pdfplumber
1386,home_delivery,2,125,FedEx Envelope,501.59,pdf_page_111,20,"['', '125', '501.59', '108.58', '221.80', '241.55', '501.59', '88.12', '221.80', '']",pdfplumber
1387,home_delivery,2,125,FedEx Pak,108.58,pdf_page_111,20,"['', '125', '501.59', '108.58', '221.80', '241.55', '501.59', '88.12', '221.80', '']",pdfplumber
1388,home_delivery,2,125,FedEx Box,221.80,pdf_page_111,20,"['', '125', '501.59', '108.58', '221.80', '241.55', '501.59', '88.12', '221.80', '']",pdfplumber
1389,home_delivery,2,125,FedEx Tube,241.55,pdf_page_111,20,"['', '125', '501.59', '108.58', '221.80', '241.55', '501.59', '88.12', '221.80', '']",pdfplumber
1390,home_delivery,2,125,Your Packaging,501.59,pdf_page_111,20,"['', '125', '501.59', '108.58', '221.80', '241.55', '501.59', '88.12', '221.80', '']",pdfplumber
1391,ground,2,131,FedEx Envelope,531.26,pdf_page_111,22,"['', '131', '531.26', '114.32', '230.87', '251.63', '531.26', '96.91', '230.87', '251.63\n251.64\n253.10\n254.60\n255.94']",pdfplumber
1392,ground,2,131,FedEx Pak,114.32,pdf_page_111,22,"['', '131', '531.26', '114.32', '230.87', '251.63', '531.26', '96.91', '230.87', '251.63\n251.64\n253.10\n254.60\n255.94']",pdfplumber
1393,ground,2,131,FedEx Box,230.87,pdf_page_111,22,"['', '131', '531.26', '114.32', '230.87', '251.63', '531.26', '96.91', '230.87', '251.63\n251.64\n253.10\n254.60\n255.94']",pdfplumber
1394,ground,2,131,FedEx Tube,251.63,pdf_page_111,22,"['', '131', '531.26', '114.32', '230.87', '251.63', '531.26', '96.91', '230.87', '251.63\n251.64\n253.10\n254.60\n255.94']",pdfplumber
1395,ground,2,131,Your Packaging,531.26,pdf_page_111,22,"['', '131', '531.26', '114.32', '230.87', '251.63', '531.26', '96.91', '230.87', '251.63\n251.64\n253.10\n254.60\n255.94']",pdfplumber
1396,home_delivery,2,131,FedEx Envelope,531.26,pdf_page_111,22,"['', '131', '531.26', '114.32', '230.87', '251.63', '531.26', '96.91', '230.87', '251.63\n251.64\n253.10\n254.60\n255.94']",pdfplumber
1397,home_delivery,2,131,FedEx Pak,114.32,pdf_page_111,22,"['', '131', '531.26', '114.32', '230.87', '251.63', '531.26', '96.91', '230.87', '251.63\n251.64\n253.10\n254.60\n255.94']",pdfplumber
1398,home_delivery,2,131,FedEx Box,230.87,pdf_page_111,22,"['', '131', '531.26', '114.32', '230.87', '251.63', '531.26', '96.91', '230.87', '251.63\n251.64\n253.10\n254.60\n255.94']",pdfplumber
1399,home_delivery,2,131,FedEx Tube,251.63,pdf_page_111,22,"['', '131', '531.26', '114.32', '230.87', '251.63', '531.26', '96.91', '230.87', '251.63\n251.64\n253.10\n254.60\n255.94']",pdfplumber
1400,home_delivery,2,131,Your Packaging,531.26,pdf_page_111,22,"['', '131', '531.26', '114.32', '230.87', '251.63', '531.26', '96.91', '230.87', '251.63\n251.64\n253.10\n254.60\n255.94']",pdfplumber
1401,ground,2,132,FedEx Envelope,536.03,pdf_page_111,23,"['', '132', '536.03', '114.33', '232.40', '251.64', '536.03', '97.22', '232.40', '']",pdfplumber
1402,ground,2,132,FedEx Pak,114.33,pdf_page_111,23,"['', '132', '536.03', '114.33', '232.40', '251.64', '536.03', '97.22', '232.40', '']",pdfplumber
1403,ground,2,132,FedEx Box,232.40,pdf_page_111,23,"['', '132', '536.03', '114.33', '232.40', '251.64', '536.03', '97.22', '232.40', '']",pdfplumber
1404,ground,2,132,FedEx Tube,251.64,pdf_page_111,23,"['', '132', '536.03', '114.33', '232.40', '251.64', '536.03', '97.22', '232.40', '']",pdfplumber
1405,ground,2,132,Your Packaging,536.03,pdf_page_111,23,"['', '132', '536.03', '114.33', '232.40', '251.64', '536.03', '97.22', '232.40', '']",pdfplumber
1406,home_delivery,2,132,FedEx Envelope,536.03,pdf_page_111,23,"['', '132', '536.03', '114.33', '232.40', '251.64', '536.03', '97.22', '232.40', '']",pdfplumber
1407,home_delivery,2,132,FedEx Pak,114.33,pdf_page_111,23,"['', '132', '536.03', '114.33', '232.40', '251.64', '536.03', '97.22', '232.40', '']",pdfplumber
1408,home_delivery,2,132,FedEx Box,232.40,pdf_page_111,23,"['', '132', '536.03', '114.33', '232.40', '251.64', '536.03', '97.22', '232.40', '']",pdfplumber
1409,home_delivery,2,132,FedEx Tube,251.64,pdf_page_111,23,"['', '132', '536.03', '114.33', '232.40', '251.64', '536.03', '97.22', '232.40', '']",pdfplumber
1410,home_delivery,2,132,Your Packaging,536.03,pdf_page_111,23,"['', '132', '536.03', '114.33', '232.40', '251.64', '536.03', '97.22', '232.40', '']",pdfplumber
1411,ground,2,133,FedEx Envelope,539.25,pdf_page_111,24,"['', '133', '539.25', '117.03', '233.86', '253.10', '539.25', '97.23', '233.86', '']",pdfplumber
1412,ground,2,133,FedEx Pak,117.03,pdf_page_111,24,"['', '133', '539.25', '117.03', '233.86', '253.10', '539.25', '97.23', '233.86', '']",pdfplumber
1413,ground,2,133,FedEx Box,233.86,pdf_page_111,24,"['', '133', '539.25', '117.03', '233.86', '253.10', '539.25', '97.23', '233.86', '']",pdfplumber
1414,ground,2,133,FedEx Tube,253.10,pdf_page_111,24,"['', '133', '539.25', '117.03', '233.86', '253.10', '539.25', '97.23', '233.86', '']",pdfplumber
1415,ground,2,133,Your Packaging,539.25,pdf_page_111,24,"['', '133', '539.25', '117.03', '233.86', '253.10', '539.25', '97.23', '233.86', '']",pdfplumber
1416,home_delivery,2,133,FedEx Envelope,539.25,pdf_page_111,24,"['', '133', '539.25', '117.03', '233.86', '253.10', '539.25', '97.23', '233.86', '']",pdfplumber
1417,home_delivery,2,133,FedEx Pak,117.03,pdf_page_111,24,"['', '133', '539.25', '117.03', '233.86', '253.10', '539.25', '97.23', '233.86', '']",pdfplumber
1418,home_delivery,2,133,FedEx Box,233.86,pdf_page_111,24,"['', '133', '539.25', '117.03', '233.86', '253.10', '539.25', '97.23', '233.86', '']",pdfplumber
1419,home_delivery,2,133,FedEx Tube,253.10,pdf_page_111,24,"['', '133', '539.25', '117.03', '233.86', '253.10', '539.25', '97.23', '233.86', '']",pdfplumber
1420,home_delivery,2,133,Your Packaging,539.25,pdf_page_111,24,"['', '133', '539.25', '117.03', '233.86', '253.10', '539.25', '97.23', '233.86', '']",pdfplumber
1421,ground,2,134,FedEx Envelope,539.27,pdf_page_111,25,"['', '134', '539.27', '118.15', '235.38', '254.60', '539.27', '98.14', '235.38', '']",pdfplumber
1422,ground,2,134,FedEx Pak,118.15,pdf_page_111,25,"['', '134', '539.27', '118.15', '235.38', '254.60', '539.27', '98.14', '235.38', '']",pdfplumber
1423,ground,2,134,FedEx Box,235.38,pdf_page_111,25,"['', '134', '539.27', '118.15', '235.38', '254.60', '539.27', '98.14', '235.38', '']",pdfplumber
1424,ground,2,134,FedEx Tube,254.60,pdf_page_111,25,"['', '134', '539.27', '118.15', '235.38', '254.60', '539.27', '98.14', '235.38', '']",pdfplumber
1425,ground,2,134,Your Packaging,539.27,pdf_page_111,25,"['', '134', '539.27', '118.15', '235.38', '254.60', '539.27', '98.14', '235.38', '']",pdfplumber
1426,home_delivery,2,134,FedEx Envelope,539.27,pdf_page_111,25,"['', '134', '539.27', '118.15', '235.38', '254.60', '539.27', '98.14', '235.38', '']",pdfplumber
1427,home_delivery,2,134,FedEx Pak,118.15,pdf_page_111,25,"['', '134', '539.27', '118.15', '235.38', '254.60', '539.27', '98.14', '235.38', '']",pdfplumber
1428,home_delivery,2,134,FedEx Box,235.38,pdf_page_111,25,"['', '134', '539.27', '118.15', '235.38', '254.60', '539.27', '98.14', '235.38', '']",pdfplumber
1429,home_delivery,2,134,FedEx Tube,254.60,pdf_page_111,25,"['', '134', '539.27', '118.15', '235.38', '254.60', '539.27', '98.14', '235.38', '']",pdfplumber
1430,home_delivery,2,134,Your Packaging,539.27,pdf_page_111,25,"['', '134', '539.27', '118.15', '235.38', '254.60', '539.27', '98.14', '235.38', '']",pdfplumber
1431,ground,2,135,FedEx Envelope,543.35,pdf_page_111,26,"['', '135', '543.35', '118.43', '236.91', '255.94', '543.35', '99.33', '236.91', '']",pdfplumber
1432,ground,2,135,FedEx Pak,118.43,pdf_page_111,26,"['', '135', '543.35', '118.43', '236.91', '255.94', '543.35', '99.33', '236.91', '']",pdfplumber
1433,ground,2,135,FedEx Box,236.91,pdf_page_111,26,"['', '135', '543.35', '118.43', '236.91', '255.94', '543.35', '99.33', '236.91', '']",pdfplumber
1434,ground,2,135,FedEx Tube,255.94,pdf_page_111,26,"['', '135', '543.35', '118.43', '236.91', '255.94', '543.35', '99.33', '236.91', '']",pdfplumber
1435,ground,2,135,Your Packaging,543.35,pdf_page_111,26,"['', '135', '543.35', '118.43', '236.91', '255.94', '543.35', '99.33', '236.91', '']",pdfplumber
1436,home_delivery,2,135,FedEx Envelope,543.35,pdf_page_111,26,"['', '135', '543.35', '118.43', '236.91', '255.94', '543.35', '99.33', '236.91', '']",pdfplumber
1437,home_delivery,2,135,FedEx Pak,118.43,pdf_page_111,26,"['', '135', '543.35', '118.43', '236.91', '255.94', '543.35', '99.33', '236.91', '']",pdfplumber
1438,home_delivery,2,135,FedEx Box,236.91,pdf_page_111,26,"['', '135', '543.35', '118.43', '236.91', '255.94', '543.35', '99.33', '236.91', '']",pdfplumber
1439,home_delivery,2,135,FedEx Tube,255.94,pdf_page_111,26,"['', '135', '543.35', '118.43', '236.91', '255.94', '543.35', '99.33', '236.91', '']",pdfplumber
1440,home_delivery,2,135,Your Packaging,543.35,pdf_page_111,26,"['', '135', '543.35', '118.43', '236.91', '255.94', '543.35', '99.33', '236.91', '']",pdfplumber
1441,ground,2,141,FedEx Envelope,566.64,pdf_page_111,28,"['', '141', '566.64', '126.03', '245.91', '263.90', '566.64', '107.57', '245.91', '263.90\n265.30\n266.61\n268.10\n271.06']",pdfplumber
1442,ground,2,141,FedEx Pak,126.03,pdf_page_111,28,"['', '141', '566.64', '126.03', '245.91', '263.90', '566.64', '107.57', '245.91', '263.90\n265.30\n266.61\n268.10\n271.06']",pdfplumber
1443,ground,2,141,FedEx Box,245.91,pdf_page_111,28,"['', '141', '566.64', '126.03', '245.91', '263.90', '566.64', '107.57', '245.91', '263.90\n265.30\n266.61\n268.10\n271.06']",pdfplumber
1444,ground,2,141,FedEx Tube,263.90,pdf_page_111,28,"['', '141', '566.64', '126.03', '245.91', '263.90', '566.64', '107.57', '245.91', '263.90\n265.30\n266.61\n268.10\n271.06']",pdfplumber
1445,ground,2,141,Your Packaging,566.64,pdf_page_111,28,"['', '141', '566.64', '126.03', '245.91', '263.90', '566.64', '107.57', '245.91', '263.90\n265.30\n266.61\n268.10\n271.06']",pdfplumber
1446,home_delivery,2,141,FedEx Envelope,566.64,pdf_page_111,28,"['', '141', '566.64', '126.03', '245.91', '263.90', '566.64', '107.57', '245.91', '263.90\n265.30\n266.61\n268.10\n271.06']",pdfplumber
1447,home_delivery,2,141,FedEx Pak,126.03,pdf_page_111,28,"['', '141', '566.64', '126.03', '245.91', '263.90', '566.64', '107.57', '245.91', '263.90\n265.30\n266.61\n268.10\n271.06']",pdfplumber
1448,home_delivery,2,141,FedEx Box,245.91,pdf_page_111,28,"['', '141', '566.64', '126.03', '245.91', '263.90', '566.64', '107.57', '245.91', '263.90\n265.30\n266.61\n268.10\n271.06']",pdfplumber
1449,home_delivery,2,141,FedEx Tube,263.90,pdf_page_111,28,"['', '141', '566.64', '126.03', '245.91', '263.90', '566.64', '107.57', '245.91', '263.90\n265.30\n266.61\n268.10\n271.06']",pdfplumber
1450,home_delivery,2,141,Your Packaging,566.64,pdf_page_111,28,"['', '141', '566.64', '126.03', '245.91', '263.90', '566.64', '107.57', '245.91', '263.90\n265.30\n266.61\n268.10\n271.06']",pdfplumber
1451,ground,2,142,FedEx Envelope,576.09,pdf_page_111,29,"['', '142', '576.09', '127.26', '247.44', '265.30', '576.09', '107.74', '247.44', '']",pdfplumber
1452,ground,2,142,FedEx Pak,127.26,pdf_page_111,29,"['', '142', '576.09', '127.26', '247.44', '265.30', '576.09', '107.74', '247.44', '']",pdfplumber
1453,ground,2,142,FedEx Box,247.44,pdf_page_111,29,"['', '142', '576.09', '127.26', '247.44', '265.30', '576.09', '107.74', '247.44', '']",pdfplumber
1454,ground,2,142,FedEx Tube,265.30,pdf_page_111,29,"['', '142', '576.09', '127.26', '247.44', '265.30', '576.09', '107.74', '247.44', '']",pdfplumber
1455,ground,2,142,Your Packaging,576.09,pdf_page_111,29,"['', '142', '576.09', '127.26', '247.44', '265.30', '576.09', '107.74', '247.44', '']",pdfplumber
1456,home_delivery,2,142,FedEx Envelope,576.09,pdf_page_111,29,"['', '142', '576.09', '127.26', '247.44', '265.30', '576.09', '107.74', '247.44', '']",pdfplumber
1457,home_delivery,2,142,FedEx Pak,127.26,pdf_page_111,29,"['', '142', '576.09', '127.26', '247.44', '265.30', '576.09', '107.74', '247.44', '']",pdfplumber
1458,home_delivery,2,142,FedEx Box,247.44,pdf_page_111,29,"['', '142', '576.09', '127.26', '247.44', '265.30', '576.09', '107.74', '247.44', '']",pdfplumber
1459,home_delivery,2,142,FedEx Tube,265.30,pdf_page_111,29,"['', '142', '576.09', '127.26', '247.44', '265.30', '576.09', '107.74', '247.44', '']",pdfplumber
1460,home_delivery,2,142,Your Packaging,576.09,pdf_page_111,29,"['', '142', '576.09', '127.26', '247.44', '265.30', '576.09', '107.74', '247.44', '']",pdfplumber
1461,ground,2,143,FedEx Envelope,579.99,pdf_page_111,30,"['', '143', '579.99', '127.36', '248.95', '266.61', '579.99', '110.03', '248.95', '']",pdfplumber
1462,ground,2,143,FedEx Pak,127.36,pdf_page_111,30,"['', '143', '579.99', '127.36', '248.95', '266.61', '579.99', '110.03', '248.95', '']",pdfplumber
1463,ground,2,143,FedEx Box,248.95,pdf_page_111,30,"['', '143', '579.99', '127.36', '248.95', '266.61', '579.99', '110.03', '248.95', '']",pdfplumber
1464,ground,2,143,FedEx Tube,266.61,pdf_page_111,30,"['', '143', '579.99', '127.36', '248.95', '266.61', '579.99', '110.03', '248.95', '']",pdfplumber
1465,ground,2,143,Your Packaging,579.99,pdf_page_111,30,"['', '143', '579.99', '127.36', '248.95', '266.61', '579.99', '110.03', '248.95', '']",pdfplumber
1466,home_delivery,2,143,FedEx Envelope,579.99,pdf_page_111,30,"['', '143', '579.99', '127.36', '248.95', '266.61', '579.99', '110.03', '248.95', '']",pdfplumber
1467,home_delivery,2,143,FedEx Pak,127.36,pdf_page_111,30,"['', '143', '579.99', '127.36', '248.95', '266.61', '579.99', '110.03', '248.95', '']",pdfplumber
1468,home_delivery,2,143,FedEx Box,248.95,pdf_page_111,30,"['', '143', '579.99', '127.36', '248.95', '266.61', '579.99', '110.03', '248.95', '']",pdfplumber
1469,home_delivery,2,143,FedEx Tube,266.61,pdf_page_111,30,"['', '143', '579.99', '127.36', '248.95', '266.61', '579.99', '110.03', '248.95', '']",pdfplumber
1470,home_delivery,2,143,Your Packaging,579.99,pdf_page_111,30,"['', '143', '579.99', '127.36', '248.95', '266.61', '579.99', '110.03', '248.95', '']",pdfplumber
1471,ground,2,144,FedEx Envelope,583.97,pdf_page_111,31,"['', '144', '583.97', '132.32', '249.54', '268.10', '583.97', '112.27', '249.54', '']",pdfplumber
1472,ground,2,144,FedEx Pak,132.32,pdf_page_111,31,"['', '144', '583.97', '132.32', '249.54', '268.10', '583.97', '112.27', '249.54', '']",pdfplumber
1473,ground,2,144,FedEx Box,249.54,pdf_page_111,31,"['', '144', '583.97', '132.32', '249.54', '268.10', '583.97', '112.27', '249.54', '']",pdfplumber
1474,ground,2,144,FedEx Tube,268.10,pdf_page_111,31,"['', '144', '583.97', '132.32', '249.54', '268.10', '583.97', '112.27', '249.54', '']",pdfplumber
1475,ground,2,144,Your Packaging,583.97,pdf_page_111,31,"['', '144', '583.97', '132.32', '249.54', '268.10', '583.97', '112.27', '249.54', '']",pdfplumber
1476,home_delivery,2,144,FedEx Envelope,583.97,pdf_page_111,31,"['', '144', '583.97', '132.32', '249.54', '268.10', '583.97', '112.27', '249.54', '']",pdfplumber
1477,home_delivery,2,144,FedEx Pak,132.32,pdf_page_111,31,"['', '144', '583.97', '132.32', '249.54', '268.10', '583.97', '112.27', '249.54', '']",pdfplumber
1478,home_delivery,2,144,FedEx Box,249.54,pdf_page_111,31,"['', '144', '583.97', '132.32', '249.54', '268.10', '583.97', '112.27', '249.54', '']",pdfplumber
1479,home_delivery,2,144,FedEx Tube,268.10,pdf_page_111,31,"['', '144', '583.97', '132.32', '249.54', '268.10', '583.97', '112.27', '249.54', '']",pdfplumber
1480,home_delivery,2,144,Your Packaging,583.97,pdf_page_111,31,"['', '144', '583.97', '132.32', '249.54', '268.10', '583.97', '112.27', '249.54', '']",pdfplumber
1481,ground,2,145,FedEx Envelope,583.98,pdf_page_111,32,"['', '145', '583.98', '132.33', '251.90', '271.06', '583.98', '112.29', '251.90', '']",pdfplumber
1482,ground,2,145,FedEx Pak,132.33,pdf_page_111,32,"['', '145', '583.98', '132.33', '251.90', '271.06', '583.98', '112.29', '251.90', '']",pdfplumber
1483,ground,2,145,FedEx Box,251.90,pdf_page_111,32,"['', '145', '583.98', '132.33', '251.90', '271.06', '583.98', '112.29', '251.90', '']",pdfplumber
1484,ground,2,145,FedEx Tube,271.06,pdf_page_111,32,"['', '145', '583.98', '132.33', '251.90', '271.06', '583.98', '112.29', '251.90', '']",pdfplumber
1485,ground,2,145,Your Packaging,583.98,pdf_page_111,32,"['', '145', '583.98', '132.33', '251.90', '271.06', '583.98', '112.29', '251.90', '']",pdfplumber
1486,home_delivery,2,145,FedEx Envelope,583.98,pdf_page_111,32,"['', '145', '583.98', '132.33', '251.90', '271.06', '583.98', '112.29', '251.90', '']",pdfplumber
1487,home_delivery,2,145,FedEx Pak,132.33,pdf_page_111,32,"['', '145', '583.98', '132.33', '251.90', '271.06', '583.98', '112.29', '251.90', '']",pdfplumber
1488,home_delivery,2,145,FedEx Box,251.90,pdf_page_111,32,"['', '145', '583.98', '132.33', '251.90', '271.06', '583.98', '112.29', '251.90', '']",pdfplumber
1489,home_delivery,2,145,FedEx Tube,271.06,pdf_page_111,32,"['', '145', '583.98', '132.33', '251.90', '271.06', '583.98', '112.29', '251.90', '']",pdfplumber
1490,home_delivery,2,145,Your Packaging,583.98,pdf_page_111,32,"['', '145', '583.98', '132.33', '251.90', '271.06', '583.98', '112.29', '251.90', '']",pdfplumber
