row_id,service,zone,weight_lbs,packaging,rate_usd,page,source_line,source_text
1,2day_am,2,2,FedEx Envelope,15.00,1-2,25,2 15 106.16 75.16 70.66 51.98 4536 4022 B 66 255.64 224.64 199.61 16151 135.72 121.82
2,2day_am,2,2,FedEx Pak,106.16,1-2,25,2 15 106.16 75.16 70.66 51.98 4536 4022 B 66 255.64 224.64 199.61 16151 135.72 121.82
3,2day_am,2,2,FedEx Box,75.16,1-2,25,2 15 106.16 75.16 70.66 51.98 4536 4022 B 66 255.64 224.64 199.61 16151 135.72 121.82
4,2day_am,2,2,FedEx Tube,70.66,1-2,25,2 15 106.16 75.16 70.66 51.98 4536 4022 B 66 255.64 224.64 199.61 16151 135.72 121.82
5,2day_am,2,2,Your Packaging,51.98,1-2,25,2 15 106.16 75.16 70.66 51.98 4536 4022 B 66 255.64 224.64 199.61 16151 135.72 121.82
6,2day_am,2,21,FedEx Envelope,121.08,1-2,31,"21 121.08 90.08 83.87 65.01 55.67 49.65 R 272.20 241.20 218.75 173,00 147.16 129.97"
7,2day_am,2,21,FedEx Pak,90.08,1-2,31,"21 121.08 90.08 83.87 65.01 55.67 49.65 R 272.20 241.20 218.75 173,00 147.16 129.97"
8,2day_am,2,21,FedEx Box,83.87,1-2,31,"21 121.08 90.08 83.87 65.01 55.67 49.65 R 272.20 241.20 218.75 173,00 147.16 129.97"
9,2day_am,2,21,FedEx Tube,65.01,1-2,31,"21 121.08 90.08 83.87 65.01 55.67 49.65 R 272.20 241.20 218.75 173,00 147.16 129.97"
10,2day_am,2,21,Your Packaging,55.67,1-2,31,"21 121.08 90.08 83.87 65.01 55.67 49.65 R 272.20 241.20 218.75 173,00 147.16 129.97"
11,2day_am,2,22,FedEx Envelope,125.22,1-2,32,22 125.22 94.22 86.82 65.77 57.38 53.23 73 272.16 241.76 219.70 173.55 147.66 130.48
12,2day_am,2,22,FedEx Pak,94.22,1-2,32,22 125.22 94.22 86.82 65.77 57.38 53.23 73 272.16 241.76 219.70 173.55 147.66 130.48
13,2day_am,2,22,FedEx Box,86.82,1-2,32,22 125.22 94.22 86.82 65.77 57.38 53.23 73 272.16 241.76 219.70 173.55 147.66 130.48
14,2day_am,2,22,FedEx Tube,65.77,1-2,32,22 125.22 94.22 86.82 65.77 57.38 53.23 73 272.16 241.76 219.70 173.55 147.66 130.48
15,2day_am,2,22,Your Packaging,57.38,1-2,32,22 125.22 94.22 86.82 65.77 57.38 53.23 73 272.16 241.76 219.70 173.55 147.66 130.48
16,2day_am,2,23,FedEx Envelope,125.74,1-2,33,23 125.74 94.74 88.29 68.98 58.79 55.27 14 27334 24234 22056 17425 148.17 130.99
17,2day_am,2,23,FedEx Pak,94.74,1-2,33,23 125.74 94.74 88.29 68.98 58.79 55.27 14 27334 24234 22056 17425 148.17 130.99
18,2day_am,2,23,FedEx Box,88.29,1-2,33,23 125.74 94.74 88.29 68.98 58.79 55.27 14 27334 24234 22056 17425 148.17 130.99
19,2day_am,2,23,FedEx Tube,68.98,1-2,33,23 125.74 94.74 88.29 68.98 58.79 55.27 14 27334 24234 22056 17425 148.17 130.99
20,2day_am,2,23,Your Packaging,58.79,1-2,33,23 125.74 94.74 88.29 68.98 58.79 55.27 14 27334 24234 22056 17425 148.17 130.99
21,2day_am,2,25,FedEx Envelope,128.75,1-2,35,25 128.75 97.15 91.73 71.91 62.08 55.79 76 276.23 245.23 234.36 187.85 152.03 133.79
22,2day_am,2,25,FedEx Pak,97.15,1-2,35,25 128.75 97.15 91.73 71.91 62.08 55.79 76 276.23 245.23 234.36 187.85 152.03 133.79
23,2day_am,2,25,FedEx Box,91.73,1-2,35,25 128.75 97.15 91.73 71.91 62.08 55.79 76 276.23 245.23 234.36 187.85 152.03 133.79
24,2day_am,2,25,FedEx Tube,71.91,1-2,35,25 128.75 97.15 91.73 71.91 62.08 55.79 76 276.23 245.23 234.36 187.85 152.03 133.79
25,2day_am,2,25,Your Packaging,62.08,1-2,35,25 128.75 97.15 91.73 71.91 62.08 55.79 76 276.23 245.23 234.36 187.85 152.03 133.79
26,2day_am,2,29,FedEx Envelope,138.08,1-2,39,29 138.08 107.08 98.45 81.09 69.88 65.13 80 279.64 248.64 241.60 192.55 156.47 137.95
27,2day_am,2,29,FedEx Pak,107.08,1-2,39,29 138.08 107.08 98.45 81.09 69.88 65.13 80 279.64 248.64 241.60 192.55 156.47 137.95
28,2day_am,2,29,FedEx Box,98.45,1-2,39,29 138.08 107.08 98.45 81.09 69.88 65.13 80 279.64 248.64 241.60 192.55 156.47 137.95
29,2day_am,2,29,FedEx Tube,81.09,1-2,39,29 138.08 107.08 98.45 81.09 69.88 65.13 80 279.64 248.64 241.60 192.55 156.47 137.95
30,2day_am,2,29,Your Packaging,69.88,1-2,39,29 138.08 107.08 98.45 81.09 69.88 65.13 80 279.64 248.64 241.60 192.55 156.47 137.95
31,2day_am,2,31,FedEx Envelope,142.67,1-2,41,31 142.67 111.67 104.85 84.11 70.43 67.49 82 301.78 270.78 258.80 195.05 163.46 143.93
32,2day_am,2,31,FedEx Pak,111.67,1-2,41,31 142.67 111.67 104.85 84.11 70.43 67.49 82 301.78 270.78 258.80 195.05 163.46 143.93
33,2day_am,2,31,FedEx Box,104.85,1-2,41,31 142.67 111.67 104.85 84.11 70.43 67.49 82 301.78 270.78 258.80 195.05 163.46 143.93
34,2day_am,2,31,FedEx Tube,84.11,1-2,41,31 142.67 111.67 104.85 84.11 70.43 67.49 82 301.78 270.78 258.80 195.05 163.46 143.93
35,2day_am,2,31,Your Packaging,70.43,1-2,41,31 142.67 111.67 104.85 84.11 70.43 67.49 82 301.78 270.78 258.80 195.05 163.46 143.93
36,2day_am,2,33,FedEx Envelope,148.60,1-2,43,33 148.60 117.60 109.39 87.75 76.58 7161 84 304.04 273.04 261.48 202.25 166.78 146.01
37,2day_am,2,33,FedEx Pak,117.60,1-2,43,33 148.60 117.60 109.39 87.75 76.58 7161 84 304.04 273.04 261.48 202.25 166.78 146.01
38,2day_am,2,33,FedEx Box,109.39,1-2,43,33 148.60 117.60 109.39 87.75 76.58 7161 84 304.04 273.04 261.48 202.25 166.78 146.01
39,2day_am,2,33,FedEx Tube,87.75,1-2,43,33 148.60 117.60 109.39 87.75 76.58 7161 84 304.04 273.04 261.48 202.25 166.78 146.01
40,2day_am,2,33,Your Packaging,76.58,1-2,43,33 148.60 117.60 109.39 87.75 76.58 7161 84 304.04 273.04 261.48 202.25 166.78 146.01
41,2day_am,2,34,FedEx Envelope,151.12,1-2,44,34 151.12 120.12 111.29 90.50 78.98 73.02 85 305.18 274.18 262.54 20333 17447 147.03
42,2day_am,2,34,FedEx Pak,120.12,1-2,44,34 151.12 120.12 111.29 90.50 78.98 73.02 85 305.18 274.18 262.54 20333 17447 147.03
43,2day_am,2,34,FedEx Box,111.29,1-2,44,34 151.12 120.12 111.29 90.50 78.98 73.02 85 305.18 274.18 262.54 20333 17447 147.03
44,2day_am,2,34,FedEx Tube,90.50,1-2,44,34 151.12 120.12 111.29 90.50 78.98 73.02 85 305.18 274.18 262.54 20333 17447 147.03
45,2day_am,2,34,Your Packaging,78.98,1-2,44,34 151.12 120.12 111.29 90.50 78.98 73.02 85 305.18 274.18 262.54 20333 17447 147.03
46,2day_am,2,36,FedEx Envelope,158.77,1-2,46,36 158.77 127.77 115.17 95.41 81.83 7656 87 309.60 27860 269.57 205.46 176.10 149.11
47,2day_am,2,36,FedEx Pak,127.77,1-2,46,36 158.77 127.77 115.17 95.41 81.83 7656 87 309.60 27860 269.57 205.46 176.10 149.11
48,2day_am,2,36,FedEx Box,115.17,1-2,46,36 158.77 127.77 115.17 95.41 81.83 7656 87 309.60 27860 269.57 205.46 176.10 149.11
49,2day_am,2,36,FedEx Tube,95.41,1-2,46,36 158.77 127.77 115.17 95.41 81.83 7656 87 309.60 27860 269.57 205.46 176.10 149.11
50,2day_am,2,36,Your Packaging,81.83,1-2,46,36 158.77 127.77 115.17 95.41 81.83 7656 87 309.60 27860 269.57 205.46 176.10 149.11
51,2day_am,2,38,FedEx Envelope,159.60,1-2,48,38 159.60 128.60 117.48 99.35 84.75 7757 89 311.20 280.20 274.20 208.08 178.91 151.18
52,2day_am,2,38,FedEx Pak,128.60,1-2,48,38 159.60 128.60 117.48 99.35 84.75 7757 89 311.20 280.20 274.20 208.08 178.91 151.18
53,2day_am,2,38,FedEx Box,117.48,1-2,48,38 159.60 128.60 117.48 99.35 84.75 7757 89 311.20 280.20 274.20 208.08 178.91 151.18
54,2day_am,2,38,FedEx Tube,99.35,1-2,48,38 159.60 128.60 117.48 99.35 84.75 7757 89 311.20 280.20 274.20 208.08 178.91 151.18
55,2day_am,2,38,Your Packaging,84.75,1-2,48,38 159.60 128.60 117.48 99.35 84.75 7757 89 311.20 280.20 274.20 208.08 178.91 151.18
56,2day_am,2,39,FedEx Envelope,160.11,1-2,49,39 160.11 129.11 120.47 102.08 87.44 7782 90 312.00 281.00 275.00 209.38 180.04 151.98
57,2day_am,2,39,FedEx Pak,129.11,1-2,49,39 160.11 129.11 120.47 102.08 87.44 7782 90 312.00 281.00 275.00 209.38 180.04 151.98
58,2day_am,2,39,FedEx Box,120.47,1-2,49,39 160.11 129.11 120.47 102.08 87.44 7782 90 312.00 281.00 275.00 209.38 180.04 151.98
59,2day_am,2,39,FedEx Tube,102.08,1-2,49,39 160.11 129.11 120.47 102.08 87.44 7782 90 312.00 281.00 275.00 209.38 180.04 151.98
60,2day_am,2,39,Your Packaging,87.44,1-2,49,39 160.11 129.11 120.47 102.08 87.44 7782 90 312.00 281.00 275.00 209.38 180.04 151.98
61,2day_am,2,41,FedEx Envelope,166.14,1-2,51,41 166.14 135.14 128.08 107.35 91.97 87.30 92 313.60 282.60 276.60 211.74 182.25 158.97
62,2day_am,2,41,FedEx Pak,135.14,1-2,51,41 166.14 135.14 128.08 107.35 91.97 87.30 92 313.60 282.60 276.60 211.74 182.25 158.97
63,2day_am,2,41,FedEx Box,128.08,1-2,51,41 166.14 135.14 128.08 107.35 91.97 87.30 92 313.60 282.60 276.60 211.74 182.25 158.97
64,2day_am,2,41,FedEx Tube,107.35,1-2,51,41 166.14 135.14 128.08 107.35 91.97 87.30 92 313.60 282.60 276.60 211.74 182.25 158.97
65,2day_am,2,41,Your Packaging,91.97,1-2,51,41 166.14 135.14 128.08 107.35 91.97 87.30 92 313.60 282.60 276.60 211.74 182.25 158.97
66,2day_am,2,42,FedEx Envelope,168.12,1-2,52,"42 168.12 137.12 130.46 111.65 93.47 8891 sFor Fedex Express Multiweight®per-pound rates, se pp. 31-"
67,2day_am,2,42,FedEx Pak,137.12,1-2,52,"42 168.12 137.12 130.46 111.65 93.47 8891 sFor Fedex Express Multiweight®per-pound rates, se pp. 31-"
68,2day_am,2,42,FedEx Box,130.46,1-2,52,"42 168.12 137.12 130.46 111.65 93.47 8891 sFor Fedex Express Multiweight®per-pound rates, se pp. 31-"
69,2day_am,2,42,FedEx Tube,111.65,1-2,52,"42 168.12 137.12 130.46 111.65 93.47 8891 sFor Fedex Express Multiweight®per-pound rates, se pp. 31-"
70,2day_am,2,42,Your Packaging,93.47,1-2,52,"42 168.12 137.12 130.46 111.65 93.47 8891 sFor Fedex Express Multiweight®per-pound rates, se pp. 31-"
71,2day_am,2,43,FedEx Envelope,171.80,1-2,53,43 171.80 140.80 132.63 112.10 95.43 90.64 —_271P code and zone alignments are subject to change wit
72,2day_am,2,43,FedEx Pak,140.80,1-2,53,43 171.80 140.80 132.63 112.10 95.43 90.64 —_271P code and zone alignments are subject to change wit
73,2day_am,2,43,FedEx Box,132.63,1-2,53,43 171.80 140.80 132.63 112.10 95.43 90.64 —_271P code and zone alignments are subject to change wit
74,2day_am,2,43,FedEx Tube,112.10,1-2,53,43 171.80 140.80 132.63 112.10 95.43 90.64 —_271P code and zone alignments are subject to change wit
75,2day_am,2,43,Your Packaging,95.43,1-2,53,43 171.80 140.80 132.63 112.10 95.43 90.64 —_271P code and zone alignments are subject to change wit
76,2day_am,2,45,FedEx Envelope,181.82,1-2,55,45 181.82 150.82 137.11 113.60 97.47 91.57 | 4Same time for businesses and residences. 96 316.80 285
77,2day_am,2,45,FedEx Pak,150.82,1-2,55,45 181.82 150.82 137.11 113.60 97.47 91.57 | 4Same time for businesses and residences. 96 316.80 285
78,2day_am,2,45,FedEx Box,137.11,1-2,55,45 181.82 150.82 137.11 113.60 97.47 91.57 | 4Same time for businesses and residences. 96 316.80 285
79,2day_am,2,45,FedEx Tube,113.60,1-2,55,45 181.82 150.82 137.11 113.60 97.47 91.57 | 4Same time for businesses and residences. 96 316.80 285
80,2day_am,2,45,Your Packaging,97.47,1-2,55,45 181.82 150.82 137.11 113.60 97.47 91.57 | 4Same time for businesses and residences. 96 316.80 285
81,2day_am,2,47,FedEx Envelope,188.18,1-2,57,47 188.18 157.18 142.17 118.0 100.80 92.08  ‘By8pm toresidences. 98 318.40 287.40 281.40 219.72 189.
82,2day_am,2,47,FedEx Pak,157.18,1-2,57,47 188.18 157.18 142.17 118.0 100.80 92.08  ‘By8pm toresidences. 98 318.40 287.40 281.40 219.72 189.
83,2day_am,2,47,FedEx Box,142.17,1-2,57,47 188.18 157.18 142.17 118.0 100.80 92.08  ‘By8pm toresidences. 98 318.40 287.40 281.40 219.72 189.
84,2day_am,2,47,FedEx Tube,118.00,1-2,57,47 188.18 157.18 142.17 118.0 100.80 92.08  ‘By8pm toresidences. 98 318.40 287.40 281.40 219.72 189.
85,2day_am,2,47,Your Packaging,100.80,1-2,57,47 188.18 157.18 142.17 118.0 100.80 92.08  ‘By8pm toresidences. 98 318.40 287.40 281.40 219.72 189.
86,2day_am,2,48,FedEx Envelope,188.46,1-2,58,48 188.46 157.46 144.25 11.27 102.90 9234 99 319.20 28820 282.20 225.06 190.20 177.13 suns eo usesse
87,2day_am,2,48,FedEx Pak,157.46,1-2,58,48 188.46 157.46 144.25 11.27 102.90 9234 99 319.20 28820 282.20 225.06 190.20 177.13 suns eo usesse
88,2day_am,2,48,FedEx Box,144.25,1-2,58,48 188.46 157.46 144.25 11.27 102.90 9234 99 319.20 28820 282.20 225.06 190.20 177.13 suns eo usesse
89,2day_am,2,48,FedEx Tube,11.27,1-2,58,48 188.46 157.46 144.25 11.27 102.90 9234 99 319.20 28820 282.20 225.06 190.20 177.13 suns eo usesse
90,2day_am,2,48,Your Packaging,102.90,1-2,58,48 188.46 157.46 144.25 11.27 102.90 9234 99 319.20 28820 282.20 225.06 190.20 177.13 suns eo usesse
91,2day_am,2,49,FedEx Envelope,188.72,1-2,59,49 188.72 157.72 146.44 121.54 103.17 92.59 “Ration areal elon tothe Send 100 320.00 289.00 283.00 2
92,2day_am,2,49,FedEx Pak,157.72,1-2,59,49 188.72 157.72 146.44 121.54 103.17 92.59 “Ration areal elon tothe Send 100 320.00 289.00 283.00 2
93,2day_am,2,49,FedEx Box,146.44,1-2,59,49 188.72 157.72 146.44 121.54 103.17 92.59 “Ration areal elon tothe Send 100 320.00 289.00 283.00 2
94,2day_am,2,49,FedEx Tube,121.54,1-2,59,49 188.72 157.72 146.44 121.54 103.17 92.59 “Ration areal elon tothe Send 100 320.00 289.00 283.00 2
95,2day_am,2,49,Your Packaging,103.17,1-2,59,49 188.72 157.72 146.44 121.54 103.17 92.59 “Ration areal elon tothe Send 100 320.00 289.00 283.00 2
96,2day_am,5,2,FedEx Envelope,8.00,11-12,21,2 8 604.35 573.35 549.68 365.33 286.55 251.38 2 13 1.02491 989.88 969.54 662.18 51754 458.78
97,2day_am,5,2,FedEx Pak,604.35,11-12,21,2 8 604.35 573.35 549.68 365.33 286.55 251.38 2 13 1.02491 989.88 969.54 662.18 51754 458.78
98,2day_am,5,2,FedEx Box,573.35,11-12,21,2 8 604.35 573.35 549.68 365.33 286.55 251.38 2 13 1.02491 989.88 969.54 662.18 51754 458.78
99,2day_am,5,2,FedEx Tube,549.68,11-12,21,2 8 604.35 573.35 549.68 365.33 286.55 251.38 2 13 1.02491 989.88 969.54 662.18 51754 458.78
100,2day_am,5,2,Your Packaging,365.33,11-12,21,2 8 604.35 573.35 549.68 365.33 286.55 251.38 2 13 1.02491 989.88 969.54 662.18 51754 458.78
101,2day_am,5,3,FedEx Envelope,64.00,11-12,23,"3 64 621.28 590.28 572.10 380.93 293.07 258.73 2 115 1,043.05 1,007.40 986.70 673.90 526.70 466.90"
102,2day_am,5,3,FedEx Pak,621.28,11-12,23,"3 64 621.28 590.28 572.10 380.93 293.07 258.73 2 115 1,043.05 1,007.40 986.70 673.90 526.70 466.90"
103,2day_am,5,3,FedEx Box,590.28,11-12,23,"3 64 621.28 590.28 572.10 380.93 293.07 258.73 2 115 1,043.05 1,007.40 986.70 673.90 526.70 466.90"
104,2day_am,5,3,FedEx Tube,572.10,11-12,23,"3 64 621.28 590.28 572.10 380.93 293.07 258.73 2 115 1,043.05 1,007.40 986.70 673.90 526.70 466.90"
105,2day_am,5,3,Your Packaging,380.93,11-12,23,"3 64 621.28 590.28 572.10 380.93 293.07 258.73 2 115 1,043.05 1,007.40 986.70 673.90 526.70 466.90"
106,2day_am,5,68,FedEx Envelope,655.79,11-12,27,"68 655.79 624.79 606.69 388.52 302.83 272.74 119 1,079.33 1,042.44 1,021.02 697.34 545.02 483.14"
107,2day_am,5,68,FedEx Pak,624.79,11-12,27,"68 655.79 624.79 606.69 388.52 302.83 272.74 119 1,079.33 1,042.44 1,021.02 697.34 545.02 483.14"
108,2day_am,5,68,FedEx Box,606.69,11-12,27,"68 655.79 624.79 606.69 388.52 302.83 272.74 119 1,079.33 1,042.44 1,021.02 697.34 545.02 483.14"
109,2day_am,5,68,FedEx Tube,388.52,11-12,27,"68 655.79 624.79 606.69 388.52 302.83 272.74 119 1,079.33 1,042.44 1,021.02 697.34 545.02 483.14"
110,2day_am,5,68,Your Packaging,302.83,11-12,27,"68 655.79 624.79 606.69 388.52 302.83 272.74 119 1,079.33 1,042.44 1,021.02 697.34 545.02 483.14"
111,2day_am,5,15,FedEx Envelope,684.00,11-12,34,"15 684.00 653.00 634.96 393.59 346.04 290.13 126 1,142.82 110376 1,081.08 738.36 577.08 511.56"
112,2day_am,5,15,FedEx Pak,653.00,11-12,34,"15 684.00 653.00 634.96 393.59 346.04 290.13 126 1,142.82 110376 1,081.08 738.36 577.08 511.56"
113,2day_am,5,15,FedEx Box,634.96,11-12,34,"15 684.00 653.00 634.96 393.59 346.04 290.13 126 1,142.82 110376 1,081.08 738.36 577.08 511.56"
114,2day_am,5,15,FedEx Tube,393.59,11-12,34,"15 684.00 653.00 634.96 393.59 346.04 290.13 126 1,142.82 110376 1,081.08 738.36 577.08 511.56"
115,2day_am,5,15,Your Packaging,346.04,11-12,34,"15 684.00 653.00 634.96 393.59 346.04 290.13 126 1,142.82 110376 1,081.08 738.36 577.08 511.56"
116,2day_am,5,84,FedEx Envelope,789.06,11-12,43,"84 789.06 758.06 740.21 472.09 374.15 324.85 135 1,224.45 1,182.60 | 1,158.30 791.10 61830 548.10"
117,2day_am,5,84,FedEx Pak,758.06,11-12,43,"84 789.06 758.06 740.21 472.09 374.15 324.85 135 1,224.45 1,182.60 | 1,158.30 791.10 61830 548.10"
118,2day_am,5,84,FedEx Box,740.21,11-12,43,"84 789.06 758.06 740.21 472.09 374.15 324.85 135 1,224.45 1,182.60 | 1,158.30 791.10 61830 548.10"
119,2day_am,5,84,FedEx Tube,472.09,11-12,43,"84 789.06 758.06 740.21 472.09 374.15 324.85 135 1,224.45 1,182.60 | 1,158.30 791.10 61830 548.10"
120,2day_am,5,84,Your Packaging,374.15,11-12,43,"84 789.06 758.06 740.21 472.09 374.15 324.85 135 1,224.45 1,182.60 | 1,158.30 791.10 61830 548.10"
121,2day_am,5,85,FedEx Envelope,790.13,11-12,44,"85 790.13 759.13 741.28 481.88 389.44 33661 136 1,233.52 119136 ‘1,166.88 796.96 622.88 552.16"
122,2day_am,5,85,FedEx Pak,759.13,11-12,44,"85 790.13 759.13 741.28 481.88 389.44 33661 136 1,233.52 119136 ‘1,166.88 796.96 622.88 552.16"
123,2day_am,5,85,FedEx Box,741.28,11-12,44,"85 790.13 759.13 741.28 481.88 389.44 33661 136 1,233.52 119136 ‘1,166.88 796.96 622.88 552.16"
124,2day_am,5,85,FedEx Tube,481.88,11-12,44,"85 790.13 759.13 741.28 481.88 389.44 33661 136 1,233.52 119136 ‘1,166.88 796.96 622.88 552.16"
125,2day_am,5,85,Your Packaging,389.44,11-12,44,"85 790.13 759.13 741.28 481.88 389.44 33661 136 1,233.52 119136 ‘1,166.88 796.96 622.88 552.16"
126,2day_am,5,87,FedEx Envelope,796.27,11-12,46,"87 796.27 765.27 747.43 511.95 392.18 339.14 138 1.25166 '1,20888»—(1,184.04 808.68 632.04 560.28"
127,2day_am,5,87,FedEx Pak,765.27,11-12,46,"87 796.27 765.27 747.43 511.95 392.18 339.14 138 1.25166 '1,20888»—(1,184.04 808.68 632.04 560.28"
128,2day_am,5,87,FedEx Box,747.43,11-12,46,"87 796.27 765.27 747.43 511.95 392.18 339.14 138 1.25166 '1,20888»—(1,184.04 808.68 632.04 560.28"
129,2day_am,5,87,FedEx Tube,511.95,11-12,46,"87 796.27 765.27 747.43 511.95 392.18 339.14 138 1.25166 '1,20888»—(1,184.04 808.68 632.04 560.28"
130,2day_am,5,87,Your Packaging,392.18,11-12,46,"87 796.27 765.27 747.43 511.95 392.18 339.14 138 1.25166 '1,20888»—(1,184.04 808.68 632.04 560.28"
131,2day_am,5,1,FedEx Envelope,836.84,11-12,50,"1 836.84 805.84 787.93 518.62 396.95 344.16 142 1.28794 1,243.92 1,218.36 832.12 650.36 576.52"
132,2day_am,5,1,FedEx Pak,805.84,11-12,50,"1 836.84 805.84 787.93 518.62 396.95 344.16 142 1.28794 1,243.92 1,218.36 832.12 650.36 576.52"
133,2day_am,5,1,FedEx Box,787.93,11-12,50,"1 836.84 805.84 787.93 518.62 396.95 344.16 142 1.28794 1,243.92 1,218.36 832.12 650.36 576.52"
134,2day_am,5,1,FedEx Tube,518.62,11-12,50,"1 836.84 805.84 787.93 518.62 396.95 344.16 142 1.28794 1,243.92 1,218.36 832.12 650.36 576.52"
135,2day_am,5,1,Your Packaging,396.95,11-12,50,"1 836.84 805.84 787.93 518.62 396.95 344.16 142 1.28794 1,243.92 1,218.36 832.12 650.36 576.52"
136,2day_am,5,96,FedEx Envelope,851.19,11-12,55,"96 851.19 820.19 802.47 524.99 408.83 350.48 ‘For FedEx Express Multiweight® per-pound rates, see pp"
137,2day_am,5,96,FedEx Pak,820.19,11-12,55,"96 851.19 820.19 802.47 524.99 408.83 350.48 ‘For FedEx Express Multiweight® per-pound rates, see pp"
138,2day_am,5,96,FedEx Box,802.47,11-12,55,"96 851.19 820.19 802.47 524.99 408.83 350.48 ‘For FedEx Express Multiweight® per-pound rates, see pp"
139,2day_am,5,96,FedEx Tube,524.99,11-12,55,"96 851.19 820.19 802.47 524.99 408.83 350.48 ‘For FedEx Express Multiweight® per-pound rates, see pp"
140,2day_am,5,96,Your Packaging,408.83,11-12,55,"96 851.19 820.19 802.47 524.99 408.83 350.48 ‘For FedEx Express Multiweight® per-pound rates, see pp"
141,2day_am,6,5,FedEx Envelope,5.00,13-14,15,5 5 155.96 124.96 119.73 76.27 66.89 5056 56 581.24 550.24 531.98 488.67 439.90 31452
142,2day_am,6,5,FedEx Pak,155.96,13-14,15,5 5 155.96 124.96 119.73 76.27 66.89 5056 56 581.24 550.24 531.98 488.67 439.90 31452
143,2day_am,6,5,FedEx Box,124.96,13-14,15,5 5 155.96 124.96 119.73 76.27 66.89 5056 56 581.24 550.24 531.98 488.67 439.90 31452
144,2day_am,6,5,FedEx Tube,119.73,13-14,15,5 5 155.96 124.96 119.73 76.27 66.89 5056 56 581.24 550.24 531.98 488.67 439.90 31452
145,2day_am,6,5,Your Packaging,76.27,13-14,15,5 5 155.96 124.96 119.73 76.27 66.89 5056 56 581.24 550.24 531.98 488.67 439.90 31452
146,2day_am,6,7,FedEx Envelope,280.73,13-14,27,7 280.73 249.73 230.72 185.15 162.34 109.06 68 669.06 638.06 619.98 599.23 501.67 365.82
147,2day_am,6,7,FedEx Pak,249.73,13-14,27,7 280.73 249.73 230.72 185.15 162.34 109.06 68 669.06 638.06 619.98 599.23 501.67 365.82
148,2day_am,6,7,FedEx Box,230.72,13-14,27,7 280.73 249.73 230.72 185.15 162.34 109.06 68 669.06 638.06 619.98 599.23 501.67 365.82
149,2day_am,6,7,FedEx Tube,185.15,13-14,27,7 280.73 249.73 230.72 185.15 162.34 109.06 68 669.06 638.06 619.98 599.23 501.67 365.82
150,2day_am,6,7,Your Packaging,162.34,13-14,27,7 280.73 249.73 230.72 185.15 162.34 109.06 68 669.06 638.06 619.98 599.23 501.67 365.82
151,2day_am,6,18,FedEx Envelope,281.03,13-14,28,18 281.03 250.03 235.79 196.42 169.07 11297 69 670.09 639.09 621.00 605.33 503.38 366.46
152,2day_am,6,18,FedEx Pak,250.03,13-14,28,18 281.03 250.03 235.79 196.42 169.07 11297 69 670.09 639.09 621.00 605.33 503.38 366.46
153,2day_am,6,18,FedEx Box,235.79,13-14,28,18 281.03 250.03 235.79 196.42 169.07 11297 69 670.09 639.09 621.00 605.33 503.38 366.46
154,2day_am,6,18,FedEx Tube,196.42,13-14,28,18 281.03 250.03 235.79 196.42 169.07 11297 69 670.09 639.09 621.00 605.33 503.38 366.46
155,2day_am,6,18,Your Packaging,169.07,13-14,28,18 281.03 250.03 235.79 196.42 169.07 11297 69 670.09 639.09 621.00 605.33 503.38 366.46
156,2day_am,6,19,FedEx Envelope,281.26,13-14,29,19 281.26 250.26 241.12 203.62 175.24 116.77 70 670.63 63963 621.55 605.94 529.82 367.08
157,2day_am,6,19,FedEx Pak,250.26,13-14,29,19 281.26 250.26 241.12 203.62 175.24 116.77 70 670.63 63963 621.55 605.94 529.82 367.08
158,2day_am,6,19,FedEx Box,241.12,13-14,29,19 281.26 250.26 241.12 203.62 175.24 116.77 70 670.63 63963 621.55 605.94 529.82 367.08
159,2day_am,6,19,FedEx Tube,203.62,13-14,29,19 281.26 250.26 241.12 203.62 175.24 116.77 70 670.63 63963 621.55 605.94 529.82 367.08
160,2day_am,6,19,Your Packaging,175.24,13-14,29,19 281.26 250.26 241.12 203.62 175.24 116.77 70 670.63 63963 621.55 605.94 529.82 367.08
161,2day_am,6,20,FedEx Envelope,282.04,13-14,30,20 282.04 251.04 242.62 206.96 181.48 121.12 1 671.82 640.82 622.74 616.85 53247 367.71
162,2day_am,6,20,FedEx Pak,251.04,13-14,30,20 282.04 251.04 242.62 206.96 181.48 121.12 1 671.82 640.82 622.74 616.85 53247 367.71
163,2day_am,6,20,FedEx Box,242.62,13-14,30,20 282.04 251.04 242.62 206.96 181.48 121.12 1 671.82 640.82 622.74 616.85 53247 367.71
164,2day_am,6,20,FedEx Tube,206.96,13-14,30,20 282.04 251.04 242.62 206.96 181.48 121.12 1 671.82 640.82 622.74 616.85 53247 367.71
165,2day_am,6,20,Your Packaging,181.48,13-14,30,20 282.04 251.04 242.62 206.96 181.48 121.12 1 671.82 640.82 622.74 616.85 53247 367.71
166,2day_am,6,21,FedEx Envelope,297.38,13-14,31,21 297.38 266.38 261.14 218.34 182.11 126.89 R 693.30 66230 635.22 618.55 541.52 368.34
167,2day_am,6,21,FedEx Pak,266.38,13-14,31,21 297.38 266.38 261.14 218.34 182.11 126.89 R 693.30 66230 635.22 618.55 541.52 368.34
168,2day_am,6,21,FedEx Box,261.14,13-14,31,21 297.38 266.38 261.14 218.34 182.11 126.89 R 693.30 66230 635.22 618.55 541.52 368.34
169,2day_am,6,21,FedEx Tube,218.34,13-14,31,21 297.38 266.38 261.14 218.34 182.11 126.89 R 693.30 66230 635.22 618.55 541.52 368.34
170,2day_am,6,21,Your Packaging,182.11,13-14,31,21 297.38 266.38 261.14 218.34 182.11 126.89 R 693.30 66230 635.22 618.55 541.52 368.34
171,2day_am,6,23,FedEx Envelope,320.90,13-14,33,23 320.90 289.90 273.30 233.62 201.07 136.72 14 696.00 665.00 646.96 625.64 543.19 369.61
172,2day_am,6,23,FedEx Pak,289.90,13-14,33,23 320.90 289.90 273.30 233.62 201.07 136.72 14 696.00 665.00 646.96 625.64 543.19 369.61
173,2day_am,6,23,FedEx Box,273.30,13-14,33,23 320.90 289.90 273.30 233.62 201.07 136.72 14 696.00 665.00 646.96 625.64 543.19 369.61
174,2day_am,6,23,FedEx Tube,233.62,13-14,33,23 320.90 289.90 273.30 233.62 201.07 136.72 14 696.00 665.00 646.96 625.64 543.19 369.61
175,2day_am,6,23,Your Packaging,201.07,13-14,33,23 320.90 289.90 273.30 233.62 201.07 136.72 14 696.00 665.00 646.96 625.64 543.19 369.61
176,2day_am,6,25,FedEx Envelope,328.75,13-14,35,25 328.75 297.75 279.67 250.00 215.19 145.21 16 70276 671.76 653.74 627.72 566.96 372.13
177,2day_am,6,25,FedEx Pak,297.75,13-14,35,25 328.75 297.75 279.67 250.00 215.19 145.21 16 70276 671.76 653.74 627.72 566.96 372.13
178,2day_am,6,25,FedEx Box,279.67,13-14,35,25 328.75 297.75 279.67 250.00 215.19 145.21 16 70276 671.76 653.74 627.72 566.96 372.13
179,2day_am,6,25,FedEx Tube,250.00,13-14,35,25 328.75 297.75 279.67 250.00 215.19 145.21 16 70276 671.76 653.74 627.72 566.96 372.13
180,2day_am,6,25,Your Packaging,215.19,13-14,35,25 328.75 297.75 279.67 250.00 215.19 145.21 16 70276 671.76 653.74 627.72 566.96 372.13
181,2day_am,6,30,FedEx Envelope,362.76,13-14,40,30 362.76 331.76 313.79 283.83 248.91 177.96 81 798.55 76755 750.00 67450 624.46 381.67
182,2day_am,6,30,FedEx Pak,331.76,13-14,40,30 362.76 331.76 313.79 283.83 248.91 177.96 81 798.55 76755 750.00 67450 624.46 381.67
183,2day_am,6,30,FedEx Box,313.79,13-14,40,30 362.76 331.76 313.79 283.83 248.91 177.96 81 798.55 76755 750.00 67450 624.46 381.67
184,2day_am,6,30,FedEx Tube,283.83,13-14,40,30 362.76 331.76 313.79 283.83 248.91 177.96 81 798.55 76755 750.00 67450 624.46 381.67
185,2day_am,6,30,Your Packaging,248.91,13-14,40,30 362.76 331.76 313.79 283.83 248.91 177.96 81 798.55 76755 750.00 67450 624.46 381.67
186,2day_am,6,31,FedEx Envelope,397.09,13-14,41,31 397.09 360.09 338.39 295.81 254.60 187.03 82 803.45 T1245 754.65 72831 625.64 409.41
187,2day_am,6,31,FedEx Pak,360.09,13-14,41,31 397.09 360.09 338.39 295.81 254.60 187.03 82 803.45 T1245 754.65 72831 625.64 409.41
188,2day_am,6,31,FedEx Box,338.39,13-14,41,31 397.09 360.09 338.39 295.81 254.60 187.03 82 803.45 T1245 754.65 72831 625.64 409.41
189,2day_am,6,31,FedEx Tube,295.81,13-14,41,31 397.09 360.09 338.39 295.81 254.60 187.03 82 803.45 T1245 754.65 72831 625.64 409.41
190,2day_am,6,31,Your Packaging,254.60,13-14,41,31 397.09 360.09 338.39 295.81 254.60 187.03 82 803.45 T1245 754.65 72831 625.64 409.41
191,2day_am,6,32,FedEx Envelope,393.93,13-14,42,32 393.93 362.93 345.10 304.47 262.06 187.96 83 80452 77352 755.71 739.22 63552 433.21
192,2day_am,6,32,FedEx Pak,362.93,13-14,42,32 393.93 362.93 345.10 304.47 262.06 187.96 83 80452 77352 755.71 739.22 63552 433.21
193,2day_am,6,32,FedEx Box,345.10,13-14,42,32 393.93 362.93 345.10 304.47 262.06 187.96 83 80452 77352 755.71 739.22 63552 433.21
194,2day_am,6,32,FedEx Tube,304.47,13-14,42,32 393.93 362.93 345.10 304.47 262.06 187.96 83 80452 77352 755.71 739.22 63552 433.21
195,2day_am,6,32,Your Packaging,262.06,13-14,42,32 393.93 362.93 345.10 304.47 262.06 187.96 83 80452 77352 755.71 739.22 63552 433.21
196,2day_am,6,33,FedEx Envelope,400.40,13-14,43,33 400.40 369.40 348.28 312.61 269.09 193.43 84 805.62 77462 756.82 740.87 64232 435.61
197,2day_am,6,33,FedEx Pak,369.40,13-14,43,33 400.40 369.40 348.28 312.61 269.09 193.43 84 805.62 77462 756.82 740.87 64232 435.61
198,2day_am,6,33,FedEx Box,348.28,13-14,43,33 400.40 369.40 348.28 312.61 269.09 193.43 84 805.62 77462 756.82 740.87 64232 435.61
199,2day_am,6,33,FedEx Tube,312.61,13-14,43,33 400.40 369.40 348.28 312.61 269.09 193.43 84 805.62 77462 756.82 740.87 64232 435.61
200,2day_am,6,33,Your Packaging,269.09,13-14,43,33 400.40 369.40 348.28 312.61 269.09 193.43 84 805.62 77462 756.82 740.87 64232 435.61
201,2day_am,6,34,FedEx Envelope,401.06,13-14,44,34 401.06 370.06 352.25 322.06 277.23 196.58 85 806.66 77566 757.85 744.68 64351 436.86
202,2day_am,6,34,FedEx Pak,370.06,13-14,44,34 401.06 370.06 352.25 322.06 277.23 196.58 85 806.66 77566 757.85 744.68 64351 436.86
203,2day_am,6,34,FedEx Box,352.25,13-14,44,34 401.06 370.06 352.25 322.06 277.23 196.58 85 806.66 77566 757.85 744.68 64351 436.86
204,2day_am,6,34,FedEx Tube,322.06,13-14,44,34 401.06 370.06 352.25 322.06 277.23 196.58 85 806.66 77566 757.85 744.68 64351 436.86
205,2day_am,6,34,Your Packaging,277.23,13-14,44,34 401.06 370.06 352.25 322.06 277.23 196.58 85 806.66 77566 757.85 744.68 64351 436.86
206,2day_am,6,35,FedEx Envelope,401.72,13-14,45,35 401.72 370.72 352.91 325.65 285.55 196.92 86 808.11 7M 759.32 745.73 64468 438.13
207,2day_am,6,35,FedEx Pak,370.72,13-14,45,35 401.72 370.72 352.91 325.65 285.55 196.92 86 808.11 7M 759.32 745.73 64468 438.13
208,2day_am,6,35,FedEx Box,352.91,13-14,45,35 401.72 370.72 352.91 325.65 285.55 196.92 86 808.11 7M 759.32 745.73 64468 438.13
209,2day_am,6,35,FedEx Tube,325.65,13-14,45,35 401.72 370.72 352.91 325.65 285.55 196.92 86 808.11 7M 759.32 745.73 64468 438.13
210,2day_am,6,35,Your Packaging,285.55,13-14,45,35 401.72 370.72 352.91 325.65 285.55 196.92 86 808.11 7M 759.32 745.73 64468 438.13
211,2day_am,6,39,FedEx Envelope,440.49,13-14,49,39 440.49 409.49 391.85 367.54 316.34 222.14 90 863.59 83259 814.90 750.57 661.81 443.17
212,2day_am,6,39,FedEx Pak,409.49,13-14,49,39 440.49 409.49 391.85 367.54 316.34 222.14 90 863.59 83259 814.90 750.57 661.81 443.17
213,2day_am,6,39,FedEx Box,391.85,13-14,49,39 440.49 409.49 391.85 367.54 316.34 222.14 90 863.59 83259 814.90 750.57 661.81 443.17
214,2day_am,6,39,FedEx Tube,367.54,13-14,49,39 440.49 409.49 391.85 367.54 316.34 222.14 90 863.59 83259 814.90 750.57 661.81 443.17
215,2day_am,6,39,Your Packaging,316.34,13-14,49,39 440.49 409.49 391.85 367.54 316.34 222.14 90 863.59 83259 814.90 750.57 661.81 443.17
216,2day_am,6,40,FedEx Envelope,441.64,13-14,50,40 441.64 410.64 393.00 375.88 323.52 222.67 cil 864.63 833.63 815.94 751.75 662.99 444.42
217,2day_am,6,40,FedEx Pak,410.64,13-14,50,40 441.64 410.64 393.00 375.88 323.52 222.67 cil 864.63 833.63 815.94 751.75 662.99 444.42
218,2day_am,6,40,FedEx Box,393.00,13-14,50,40 441.64 410.64 393.00 375.88 323.52 222.67 cil 864.63 833.63 815.94 751.75 662.99 444.42
219,2day_am,6,40,FedEx Tube,375.88,13-14,50,40 441.64 410.64 393.00 375.88 323.52 222.67 cil 864.63 833.63 815.94 751.75 662.99 444.42
220,2day_am,6,40,Your Packaging,323.52,13-14,50,40 441.64 410.64 393.00 375.88 323.52 222.67 cil 864.63 833.63 815.94 751.75 662.99 444.42
221,2day_am,6,42,FedEx Envelope,466.64,13-14,52,"42 466.64 435.64 418.09 385.32 337.92 236.00 |For FedEx Express Multveight® per-pound rates, see pp."
222,2day_am,6,42,FedEx Pak,435.64,13-14,52,"42 466.64 435.64 418.09 385.32 337.92 236.00 |For FedEx Express Multveight® per-pound rates, see pp."
223,2day_am,6,42,FedEx Box,418.09,13-14,52,"42 466.64 435.64 418.09 385.32 337.92 236.00 |For FedEx Express Multveight® per-pound rates, see pp."
224,2day_am,6,42,FedEx Tube,385.32,13-14,52,"42 466.64 435.64 418.09 385.32 337.92 236.00 |For FedEx Express Multveight® per-pound rates, see pp."
225,2day_am,6,42,Your Packaging,337.92,13-14,52,"42 466.64 435.64 418.09 385.32 337.92 236.00 |For FedEx Express Multveight® per-pound rates, see pp."
226,2day_am,6,45,FedEx Envelope,483.12,13-14,55,45 483.12 452.12 434.62 417.12 359.03 245.55 ‘Same time for businesses and residences. 96 875.00 844
227,2day_am,6,45,FedEx Pak,452.12,13-14,55,45 483.12 452.12 434.62 417.12 359.03 245.55 ‘Same time for businesses and residences. 96 875.00 844
228,2day_am,6,45,FedEx Box,434.62,13-14,55,45 483.12 452.12 434.62 417.12 359.03 245.55 ‘Same time for businesses and residences. 96 875.00 844
229,2day_am,6,45,FedEx Tube,417.12,13-14,55,45 483.12 452.12 434.62 417.12 359.03 245.55 ‘Same time for businesses and residences. 96 875.00 844
230,2day_am,6,45,Your Packaging,359.03,13-14,55,45 483.12 452.12 434.62 417.12 359.03 245.55 ‘Same time for businesses and residences. 96 875.00 844
231,2day_am,6,46,FedEx Envelope,498.77,13-14,56,46 498.77 467.77 450.32 423.65 365.10 252.13 ‘By 12pm.or 1:30 pm.toresidences. 97 883.43 852.43 827.
232,2day_am,6,46,FedEx Pak,467.77,13-14,56,46 498.77 467.77 450.32 423.65 365.10 252.13 ‘By 12pm.or 1:30 pm.toresidences. 97 883.43 852.43 827.
233,2day_am,6,46,FedEx Box,450.32,13-14,56,46 498.77 467.77 450.32 423.65 365.10 252.13 ‘By 12pm.or 1:30 pm.toresidences. 97 883.43 852.43 827.
234,2day_am,6,46,FedEx Tube,423.65,13-14,56,46 498.77 467.77 450.32 423.65 365.10 252.13 ‘By 12pm.or 1:30 pm.toresidences. 97 883.43 852.43 827.
235,2day_am,6,46,Your Packaging,365.10,13-14,56,46 498.77 467.77 450.32 423.65 365.10 252.13 ‘By 12pm.or 1:30 pm.toresidences. 97 883.43 852.43 827.
236,2day_am,6,2,FedEx Envelope,13.00,15-16,22,"2 13 1,045.25 1,010.22 989.88 984.23 82151 641.84 : "" 248.53 21753 198.60 141.06 128.23 98.42"
237,2day_am,6,2,FedEx Pak,1045.25,15-16,22,"2 13 1,045.25 1,010.22 989.88 984.23 82151 641.84 : "" 248.53 21753 198.60 141.06 128.23 98.42"
238,2day_am,6,2,FedEx Box,1010.22,15-16,22,"2 13 1,045.25 1,010.22 989.88 984.23 82151 641.84 : "" 248.53 21753 198.60 141.06 128.23 98.42"
239,2day_am,6,2,FedEx Tube,989.88,15-16,22,"2 13 1,045.25 1,010.22 989.88 984.23 82151 641.84 : "" 248.53 21753 198.60 141.06 128.23 98.42"
240,2day_am,6,2,Your Packaging,984.23,15-16,22,"2 13 1,045.25 1,010.22 989.88 984.23 82151 641.84 : "" 248.53 21753 198.60 141.06 128.23 98.42"
241,2day_am,6,2,FedEx Envelope,115.00,15-16,24,"2 115 1,063.75 1028.10 1,007.40 1,001.65 836.05 653.20 = 2B 27281 241.81 22050 164.66 144,23 105.29"
242,2day_am,6,2,FedEx Pak,1063.75,15-16,24,"2 115 1,063.75 1028.10 1,007.40 1,001.65 836.05 653.20 = 2B 27281 241.81 22050 164.66 144,23 105.29"
243,2day_am,6,2,FedEx Box,1028.10,15-16,24,"2 115 1,063.75 1028.10 1,007.40 1,001.65 836.05 653.20 = 2B 27281 241.81 22050 164.66 144,23 105.29"
244,2day_am,6,2,FedEx Tube,1007.40,15-16,24,"2 115 1,063.75 1028.10 1,007.40 1,001.65 836.05 653.20 = 2B 27281 241.81 22050 164.66 144,23 105.29"
245,2day_am,6,2,Your Packaging,1001.65,15-16,24,"2 115 1,063.75 1028.10 1,007.40 1,001.65 836.05 653.20 = 2B 27281 241.81 22050 164.66 144,23 105.29"
246,2day_am,6,121,FedEx Envelope,1119.25,15-16,30,"121 1,119.25 1081.74 1,059.96 1,053.91 879.67 687.28 19 303.83 272.83 258.08 22293 191.69 143.46"
247,2day_am,6,121,FedEx Pak,1081.74,15-16,30,"121 1,119.25 1081.74 1,059.96 1,053.91 879.67 687.28 19 303.83 272.83 258.08 22293 191.69 143.46"
248,2day_am,6,121,FedEx Box,1059.96,15-16,30,"121 1,119.25 1081.74 1,059.96 1,053.91 879.67 687.28 19 303.83 272.83 258.08 22293 191.69 143.46"
249,2day_am,6,121,FedEx Tube,1053.91,15-16,30,"121 1,119.25 1081.74 1,059.96 1,053.91 879.67 687.28 19 303.83 272.83 258.08 22293 191.69 143.46"
250,2day_am,6,121,Your Packaging,879.67,15-16,30,"121 1,119.25 1081.74 1,059.96 1,053.91 879.67 687.28 19 303.83 272.83 258.08 22293 191.69 143.46"
251,2day_am,6,130,FedEx Envelope,1202.50,15-16,39,"130 1,202.50 1,162.20 1,138.80 1,132.30 945.10 738.40 28 38252 351.52 330.49 293.19 259.45 197.28"
252,2day_am,6,130,FedEx Pak,1162.20,15-16,39,"130 1,202.50 1,162.20 1,138.80 1,132.30 945.10 738.40 28 38252 351.52 330.49 293.19 259.45 197.28"
253,2day_am,6,130,FedEx Box,1138.80,15-16,39,"130 1,202.50 1,162.20 1,138.80 1,132.30 945.10 738.40 28 38252 351.52 330.49 293.19 259.45 197.28"
254,2day_am,6,130,FedEx Tube,1132.30,15-16,39,"130 1,202.50 1,162.20 1,138.80 1,132.30 945.10 738.40 28 38252 351.52 330.49 293.19 259.45 197.28"
255,2day_am,6,130,Your Packaging,945.10,15-16,39,"130 1,202.50 1,162.20 1,138.80 1,132.30 945.10 738.40 28 38252 351.52 330.49 293.19 259.45 197.28"
256,2day_am,6,146,FedEx Envelope,1350.50,15-16,55,"146 1,350.50 1,305.24 1,278.96 1,271.66 1,061.42 829.28 ""For FedEx Express Multiweight® per-pound ra"
257,2day_am,6,146,FedEx Pak,1305.24,15-16,55,"146 1,350.50 1,305.24 1,278.96 1,271.66 1,061.42 829.28 ""For FedEx Express Multiweight® per-pound ra"
258,2day_am,6,146,FedEx Box,1278.96,15-16,55,"146 1,350.50 1,305.24 1,278.96 1,271.66 1,061.42 829.28 ""For FedEx Express Multiweight® per-pound ra"
259,2day_am,6,146,FedEx Tube,1271.66,15-16,55,"146 1,350.50 1,305.24 1,278.96 1,271.66 1,061.42 829.28 ""For FedEx Express Multiweight® per-pound ra"
260,2day_am,6,146,Your Packaging,1061.42,15-16,55,"146 1,350.50 1,305.24 1,278.96 1,271.66 1,061.42 829.28 ""For FedEx Express Multiweight® per-pound ra"
261,2day_am,7,2,FedEx Envelope,58.00,17-18,17,"2 58 640.67 609.67 591.53 545.26 468.69 367.36 z 109 1,227.34 1,193.55 1,146.68 1,032.23 904.70 696."
262,2day_am,7,2,FedEx Pak,640.67,17-18,17,"2 58 640.67 609.67 591.53 545.26 468.69 367.36 z 109 1,227.34 1,193.55 1,146.68 1,032.23 904.70 696."
263,2day_am,7,2,FedEx Box,609.67,17-18,17,"2 58 640.67 609.67 591.53 545.26 468.69 367.36 z 109 1,227.34 1,193.55 1,146.68 1,032.23 904.70 696."
264,2day_am,7,2,FedEx Tube,591.53,17-18,17,"2 58 640.67 609.67 591.53 545.26 468.69 367.36 z 109 1,227.34 1,193.55 1,146.68 1,032.23 904.70 696."
265,2day_am,7,2,Your Packaging,545.26,17-18,17,"2 58 640.67 609.67 591.53 545.26 468.69 367.36 z 109 1,227.34 1,193.55 1,146.68 1,032.23 904.70 696."
266,2day_am,7,68,FedEx Envelope,740.83,17-18,27,"68 740.83 709.83 691.89 657.54 511.71 418.28 119 1,339.94 1,303.05 1,251.88 1,126.93 987.70 760.41"
267,2day_am,7,68,FedEx Pak,709.83,17-18,27,"68 740.83 709.83 691.89 657.54 511.71 418.28 119 1,339.94 1,303.05 1,251.88 1,126.93 987.70 760.41"
268,2day_am,7,68,FedEx Box,691.89,17-18,27,"68 740.83 709.83 691.89 657.54 511.71 418.28 119 1,339.94 1,303.05 1,251.88 1,126.93 987.70 760.41"
269,2day_am,7,68,FedEx Tube,657.54,17-18,27,"68 740.83 709.83 691.89 657.54 511.71 418.28 119 1,339.94 1,303.05 1,251.88 1,126.93 987.70 760.41"
270,2day_am,7,68,Your Packaging,511.71,17-18,27,"68 740.83 709.83 691.89 657.54 511.71 418.28 119 1,339.94 1,303.05 1,251.88 1,126.93 987.70 760.41"
271,2day_am,7,70,FedEx Envelope,742.85,17-18,29,"70 742.85 711.85 693.32 660.15 546.71 437.11 121 1,362.46 1,324.95, 1,272.92 114587 1,004.30 73.19"
272,2day_am,7,70,FedEx Pak,711.85,17-18,29,"70 742.85 711.85 693.32 660.15 546.71 437.11 121 1,362.46 1,324.95, 1,272.92 114587 1,004.30 73.19"
273,2day_am,7,70,FedEx Box,693.32,17-18,29,"70 742.85 711.85 693.32 660.15 546.71 437.11 121 1,362.46 1,324.95, 1,272.92 114587 1,004.30 73.19"
274,2day_am,7,70,FedEx Tube,660.15,17-18,29,"70 742.85 711.85 693.32 660.15 546.71 437.11 121 1,362.46 1,324.95, 1,272.92 114587 1,004.30 73.19"
275,2day_am,7,70,Your Packaging,546.71,17-18,29,"70 742.85 711.85 693.32 660.15 546.71 437.11 121 1,362.46 1,324.95, 1,272.92 114587 1,004.30 73.19"
276,2day_am,7,15,FedEx Envelope,810.00,17-18,34,"15 810.00 779.00 761.19 701.35 569.40 455.33 126 1,418.76 1,379.70 1,325.52 1,193.22 1,045.80 805.14"
277,2day_am,7,15,FedEx Pak,779.00,17-18,34,"15 810.00 779.00 761.19 701.35 569.40 455.33 126 1,418.76 1,379.70 1,325.52 1,193.22 1,045.80 805.14"
278,2day_am,7,15,FedEx Box,761.19,17-18,34,"15 810.00 779.00 761.19 701.35 569.40 455.33 126 1,418.76 1,379.70 1,325.52 1,193.22 1,045.80 805.14"
279,2day_am,7,15,FedEx Tube,701.35,17-18,34,"15 810.00 779.00 761.19 701.35 569.40 455.33 126 1,418.76 1,379.70 1,325.52 1,193.22 1,045.80 805.14"
280,2day_am,7,15,Your Packaging,569.40,17-18,34,"15 810.00 779.00 761.19 701.35 569.40 455.33 126 1,418.76 1,379.70 1,325.52 1,193.22 1,045.80 805.14"
281,2day_am,7,76,FedEx Envelope,830.56,17-18,35,"76 830.56 799.56 770.80 705.02 578.30 466.90 127 1,430.02 1,390.65 1,336.04 1,202.69 1,054.10 811.53"
282,2day_am,7,76,FedEx Pak,799.56,17-18,35,"76 830.56 799.56 770.80 705.02 578.30 466.90 127 1,430.02 1,390.65 1,336.04 1,202.69 1,054.10 811.53"
283,2day_am,7,76,FedEx Box,770.80,17-18,35,"76 830.56 799.56 770.80 705.02 578.30 466.90 127 1,430.02 1,390.65 1,336.04 1,202.69 1,054.10 811.53"
284,2day_am,7,76,FedEx Tube,705.02,17-18,35,"76 830.56 799.56 770.80 705.02 578.30 466.90 127 1,430.02 1,390.65 1,336.04 1,202.69 1,054.10 811.53"
285,2day_am,7,76,Your Packaging,578.30,17-18,35,"76 830.56 799.56 770.80 705.02 578.30 466.90 127 1,430.02 1,390.65 1,336.04 1,202.69 1,054.10 811.53"
286,2day_am,7,71,FedEx Envelope,832.64,17-18,36,"71 832.64 801.64 783.63 706.08 596.11 468.16 128 1,441.28 1,401.60 1,346.56 1,212.16 1,062.40 817.92"
287,2day_am,7,71,FedEx Pak,801.64,17-18,36,"71 832.64 801.64 783.63 706.08 596.11 468.16 128 1,441.28 1,401.60 1,346.56 1,212.16 1,062.40 817.92"
288,2day_am,7,71,FedEx Box,783.63,17-18,36,"71 832.64 801.64 783.63 706.08 596.11 468.16 128 1,441.28 1,401.60 1,346.56 1,212.16 1,062.40 817.92"
289,2day_am,7,71,FedEx Tube,706.08,17-18,36,"71 832.64 801.64 783.63 706.08 596.11 468.16 128 1,441.28 1,401.60 1,346.56 1,212.16 1,062.40 817.92"
290,2day_am,7,71,Your Packaging,596.11,17-18,36,"71 832.64 801.64 783.63 706.08 596.11 468.16 128 1,441.28 1,401.60 1,346.56 1,212.16 1,062.40 817.92"
291,2day_am,7,78,FedEx Envelope,833.68,17-18,37,"78 833.68 802.68 784.92 707.45 606.79 469.46 129 1,452.54 1,412.55, 1,357.08 1,221.63 1,070.70 82431"
292,2day_am,7,78,FedEx Pak,802.68,17-18,37,"78 833.68 802.68 784.92 707.45 606.79 469.46 129 1,452.54 1,412.55, 1,357.08 1,221.63 1,070.70 82431"
293,2day_am,7,78,FedEx Box,784.92,17-18,37,"78 833.68 802.68 784.92 707.45 606.79 469.46 129 1,452.54 1,412.55, 1,357.08 1,221.63 1,070.70 82431"
294,2day_am,7,78,FedEx Tube,707.45,17-18,37,"78 833.68 802.68 784.92 707.45 606.79 469.46 129 1,452.54 1,412.55, 1,357.08 1,221.63 1,070.70 82431"
295,2day_am,7,78,Your Packaging,606.79,17-18,37,"78 833.68 802.68 784.92 707.45 606.79 469.46 129 1,452.54 1,412.55, 1,357.08 1,221.63 1,070.70 82431"
296,2day_am,7,80,FedEx Envelope,837.65,17-18,39,"80 837.65 806.65 790.83 767.41 646.39 471.98 131 1,475.06 1,434.45, 1,378.12 1,240.57 1,087.30 837.0"
297,2day_am,7,80,FedEx Pak,806.65,17-18,39,"80 837.65 806.65 790.83 767.41 646.39 471.98 131 1,475.06 1,434.45, 1,378.12 1,240.57 1,087.30 837.0"
298,2day_am,7,80,FedEx Box,790.83,17-18,39,"80 837.65 806.65 790.83 767.41 646.39 471.98 131 1,475.06 1,434.45, 1,378.12 1,240.57 1,087.30 837.0"
299,2day_am,7,80,FedEx Tube,767.41,17-18,39,"80 837.65 806.65 790.83 767.41 646.39 471.98 131 1,475.06 1,434.45, 1,378.12 1,240.57 1,087.30 837.0"
300,2day_am,7,80,Your Packaging,646.39,17-18,39,"80 837.65 806.65 790.83 767.41 646.39 471.98 131 1,475.06 1,434.45, 1,378.12 1,240.57 1,087.30 837.0"
301,2day_am,7,81,FedEx Envelope,870.27,17-18,40,"81 870.27 839.27 821.77 773.18 648.37 474.08 132 1,486.32 1,445.40 1,388.64 1,250.04 1,095.60 843.48"
302,2day_am,7,81,FedEx Pak,839.27,17-18,40,"81 870.27 839.27 821.77 773.18 648.37 474.08 132 1,486.32 1,445.40 1,388.64 1,250.04 1,095.60 843.48"
303,2day_am,7,81,FedEx Box,821.77,17-18,40,"81 870.27 839.27 821.77 773.18 648.37 474.08 132 1,486.32 1,445.40 1,388.64 1,250.04 1,095.60 843.48"
304,2day_am,7,81,FedEx Tube,773.18,17-18,40,"81 870.27 839.27 821.77 773.18 648.37 474.08 132 1,486.32 1,445.40 1,388.64 1,250.04 1,095.60 843.48"
305,2day_am,7,81,Your Packaging,648.37,17-18,40,"81 870.27 839.27 821.77 773.18 648.37 474.08 132 1,486.32 1,445.40 1,388.64 1,250.04 1,095.60 843.48"
306,2day_am,7,84,FedEx Envelope,891.85,17-18,43,"84 891.85 860.85 843.22 797.75 661.58 519.65 135 1,520.10 1,478.25 1,420.20 1,278.45, 1,120.50 862.6"
307,2day_am,7,84,FedEx Pak,860.85,17-18,43,"84 891.85 860.85 843.22 797.75 661.58 519.65 135 1,520.10 1,478.25 1,420.20 1,278.45, 1,120.50 862.6"
308,2day_am,7,84,FedEx Box,843.22,17-18,43,"84 891.85 860.85 843.22 797.75 661.58 519.65 135 1,520.10 1,478.25 1,420.20 1,278.45, 1,120.50 862.6"
309,2day_am,7,84,FedEx Tube,797.75,17-18,43,"84 891.85 860.85 843.22 797.75 661.58 519.65 135 1,520.10 1,478.25 1,420.20 1,278.45, 1,120.50 862.6"
310,2day_am,7,84,Your Packaging,661.58,17-18,43,"84 891.85 860.85 843.22 797.75 661.58 519.65 135 1,520.10 1,478.25 1,420.20 1,278.45, 1,120.50 862.6"
311,2day_am,7,88,FedEx Envelope,899.25,17-18,47,"88 899.25 868.25 850.63 807.98 673.40 527.65 139 1,565.14 1,522.05 1,462.28 1,316.33 1,153.70 888.21"
312,2day_am,7,88,FedEx Pak,868.25,17-18,47,"88 899.25 868.25 850.63 807.98 673.40 527.65 139 1,565.14 1,522.05 1,462.28 1,316.33 1,153.70 888.21"
313,2day_am,7,88,FedEx Box,850.63,17-18,47,"88 899.25 868.25 850.63 807.98 673.40 527.65 139 1,565.14 1,522.05 1,462.28 1,316.33 1,153.70 888.21"
314,2day_am,7,88,FedEx Tube,807.98,17-18,47,"88 899.25 868.25 850.63 807.98 673.40 527.65 139 1,565.14 1,522.05 1,462.28 1,316.33 1,153.70 888.21"
315,2day_am,7,88,Your Packaging,673.40,17-18,47,"88 899.25 868.25 850.63 807.98 673.40 527.65 139 1,565.14 1,522.05 1,462.28 1,316.33 1,153.70 888.21"
316,2day_am,7,90,FedEx Envelope,1001.13,17-18,49,"90 1,001.13 970.13 940.80 830.03 675.64 530.33 141 1,587.66 1,543.95, 1,483.32 1,335.27 1,170.30 900"
317,2day_am,7,90,FedEx Pak,970.13,17-18,49,"90 1,001.13 970.13 940.80 830.03 675.64 530.33 141 1,587.66 1,543.95, 1,483.32 1,335.27 1,170.30 900"
318,2day_am,7,90,FedEx Box,940.80,17-18,49,"90 1,001.13 970.13 940.80 830.03 675.64 530.33 141 1,587.66 1,543.95, 1,483.32 1,335.27 1,170.30 900"
319,2day_am,7,90,FedEx Tube,830.03,17-18,49,"90 1,001.13 970.13 940.80 830.03 675.64 530.33 141 1,587.66 1,543.95, 1,483.32 1,335.27 1,170.30 900"
320,2day_am,7,90,Your Packaging,675.64,17-18,49,"90 1,001.13 970.13 940.80 830.03 675.64 530.33 141 1,587.66 1,543.95, 1,483.32 1,335.27 1,170.30 900"
321,2day_am,7,1,FedEx Envelope,1004.74,17-18,50,"1 1,004.74 973.74 943.30 849.40 676.77 531.48 142 1,598.92 1,554.90 1,493.84 1,344.74 1,178.60 907.3"
322,2day_am,7,1,FedEx Pak,973.74,17-18,50,"1 1,004.74 973.74 943.30 849.40 676.77 531.48 142 1,598.92 1,554.90 1,493.84 1,344.74 1,178.60 907.3"
323,2day_am,7,1,FedEx Box,943.30,17-18,50,"1 1,004.74 973.74 943.30 849.40 676.77 531.48 142 1,598.92 1,554.90 1,493.84 1,344.74 1,178.60 907.3"
324,2day_am,7,1,FedEx Tube,849.40,17-18,50,"1 1,004.74 973.74 943.30 849.40 676.77 531.48 142 1,598.92 1,554.90 1,493.84 1,344.74 1,178.60 907.3"
325,2day_am,7,1,Your Packaging,676.77,17-18,50,"1 1,004.74 973.74 943.30 849.40 676.77 531.48 142 1,598.92 1,554.90 1,493.84 1,344.74 1,178.60 907.3"
326,2day_am,7,93,FedEx Envelope,1007.04,17-18,52,"93 1,007.04 976.04 944.90 868.41 678.99 534.00 144 1,621.44 1,576.80 1,514.88 1,363.68 1,195.20 920."
327,2day_am,7,93,FedEx Pak,976.04,17-18,52,"93 1,007.04 976.04 944.90 868.41 678.99 534.00 144 1,621.44 1,576.80 1,514.88 1,363.68 1,195.20 920."
328,2day_am,7,93,FedEx Box,944.90,17-18,52,"93 1,007.04 976.04 944.90 868.41 678.99 534.00 144 1,621.44 1,576.80 1,514.88 1,363.68 1,195.20 920."
329,2day_am,7,93,FedEx Tube,868.41,17-18,52,"93 1,007.04 976.04 944.90 868.41 678.99 534.00 144 1,621.44 1,576.80 1,514.88 1,363.68 1,195.20 920."
330,2day_am,7,93,Your Packaging,678.99,17-18,52,"93 1,007.04 976.04 944.90 868.41 678.99 534.00 144 1,621.44 1,576.80 1,514.88 1,363.68 1,195.20 920."
331,2day_am,7,94,FedEx Envelope,1008.19,17-18,53,"94 1,008.19 977.19 946.49 869.60 680.12 535.29 145 1,632.70 1,587.75 1,525.40 1373.15, 1,203.50 926."
332,2day_am,7,94,FedEx Pak,977.19,17-18,53,"94 1,008.19 977.19 946.49 869.60 680.12 535.29 145 1,632.70 1,587.75 1,525.40 1373.15, 1,203.50 926."
333,2day_am,7,94,FedEx Box,946.49,17-18,53,"94 1,008.19 977.19 946.49 869.60 680.12 535.29 145 1,632.70 1,587.75 1,525.40 1373.15, 1,203.50 926."
334,2day_am,7,94,FedEx Tube,869.60,17-18,53,"94 1,008.19 977.19 946.49 869.60 680.12 535.29 145 1,632.70 1,587.75 1,525.40 1373.15, 1,203.50 926."
335,2day_am,7,94,Your Packaging,680.12,17-18,53,"94 1,008.19 977.19 946.49 869.60 680.12 535.29 145 1,632.70 1,587.75 1,525.40 1373.15, 1,203.50 926."
336,2day_am,7,96,FedEx Envelope,1010.27,17-18,55,"96 1,010.27 979.27 948.51 876.17 687.27 537.81 ‘For FedEx Express Multiveight® per-pound rates, see "
337,2day_am,7,96,FedEx Pak,979.27,17-18,55,"96 1,010.27 979.27 948.51 876.17 687.27 537.81 ‘For FedEx Express Multiveight® per-pound rates, see "
338,2day_am,7,96,FedEx Box,948.51,17-18,55,"96 1,010.27 979.27 948.51 876.17 687.27 537.81 ‘For FedEx Express Multiveight® per-pound rates, see "
339,2day_am,7,96,FedEx Tube,876.17,17-18,55,"96 1,010.27 979.27 948.51 876.17 687.27 537.81 ‘For FedEx Express Multiveight® per-pound rates, see "
340,2day_am,7,96,Your Packaging,687.27,17-18,55,"96 1,010.27 979.27 948.51 876.17 687.27 537.81 ‘For FedEx Express Multiveight® per-pound rates, see "
341,2day_am,7,99,FedEx Envelope,1060.29,17-18,59,"99 1,060.29 1,029.29 1,009.10 905.94 750.47 S127 s5y 12 pm or 130 pm.toresdences 150 1,689.00 1,642."
342,2day_am,7,99,FedEx Pak,1029.29,17-18,59,"99 1,060.29 1,029.29 1,009.10 905.94 750.47 S127 s5y 12 pm or 130 pm.toresdences 150 1,689.00 1,642."
343,2day_am,7,99,FedEx Box,1009.10,17-18,59,"99 1,060.29 1,029.29 1,009.10 905.94 750.47 S127 s5y 12 pm or 130 pm.toresdences 150 1,689.00 1,642."
344,2day_am,7,99,FedEx Tube,905.94,17-18,59,"99 1,060.29 1,029.29 1,009.10 905.94 750.47 S127 s5y 12 pm or 130 pm.toresdences 150 1,689.00 1,642."
345,2day_am,7,99,Your Packaging,750.47,17-18,59,"99 1,060.29 1,029.29 1,009.10 905.94 750.47 S127 s5y 12 pm or 130 pm.toresdences 150 1,689.00 1,642."
346,2day_am,7,100,FedEx Envelope,1126.00,17-18,60,"100 1,126.00 1,095.00 1,052.00 947.00 830.00 63900 | egy 8pm.toresidences."
347,2day_am,7,100,FedEx Pak,1095.00,17-18,60,"100 1,126.00 1,095.00 1,052.00 947.00 830.00 63900 | egy 8pm.toresidences."
348,2day_am,7,100,FedEx Box,1052.00,17-18,60,"100 1,126.00 1,095.00 1,052.00 947.00 830.00 63900 | egy 8pm.toresidences."
349,2day_am,7,100,FedEx Tube,947.00,17-18,60,"100 1,126.00 1,095.00 1,052.00 947.00 830.00 63900 | egy 8pm.toresidences."
350,2day_am,7,100,Your Packaging,830.00,17-18,60,"100 1,126.00 1,095.00 1,052.00 947.00 830.00 63900 | egy 8pm.toresidences."
351,2day_am,8,2,FedEx Envelope,15.00,19-20,25,2 15 280.96 249.96 245.05 184.72 165.23 141.83 B 66 76473 73373 715.83 655.89 52082 482.42
352,2day_am,8,2,FedEx Pak,280.96,19-20,25,2 15 280.96 249.96 245.05 184.72 165.23 141.83 B 66 76473 73373 715.83 655.89 52082 482.42
353,2day_am,8,2,FedEx Box,249.96,19-20,25,2 15 280.96 249.96 245.05 184.72 165.23 141.83 B 66 76473 73373 715.83 655.89 52082 482.42
354,2day_am,8,2,FedEx Tube,245.05,19-20,25,2 15 280.96 249.96 245.05 184.72 165.23 141.83 B 66 76473 73373 715.83 655.89 52082 482.42
355,2day_am,8,2,Your Packaging,184.72,19-20,25,2 15 280.96 249.96 245.05 184.72 165.23 141.83 B 66 76473 73373 715.83 655.89 52082 482.42
356,2day_am,8,21,FedEx Envelope,338.16,19-20,31,21 338.16 307.16 291.55 239.12 209.41 178.60 R 84232 811.32 775.07 695.90 563.79 520.66
357,2day_am,8,21,FedEx Pak,307.16,19-20,31,21 338.16 307.16 291.55 239.12 209.41 178.60 R 84232 811.32 775.07 695.90 563.79 520.66
358,2day_am,8,21,FedEx Box,291.55,19-20,31,21 338.16 307.16 291.55 239.12 209.41 178.60 R 84232 811.32 775.07 695.90 563.79 520.66
359,2day_am,8,21,FedEx Tube,239.12,19-20,31,21 338.16 307.16 291.55 239.12 209.41 178.60 R 84232 811.32 775.07 695.90 563.79 520.66
360,2day_am,8,21,Your Packaging,209.41,19-20,31,21 338.16 307.16 291.55 239.12 209.41 178.60 R 84232 811.32 775.07 695.90 563.79 520.66
361,2day_am,8,23,FedEx Envelope,357.59,19-20,33,23 357.59 326.59 305.14 266.76 224.98 186.96 14 848.38 81738 799.64 706.12 565.15 521.80
362,2day_am,8,23,FedEx Pak,326.59,19-20,33,23 357.59 326.59 305.14 266.76 224.98 186.96 14 848.38 81738 799.64 706.12 565.15 521.80
363,2day_am,8,23,FedEx Box,305.14,19-20,33,23 357.59 326.59 305.14 266.76 224.98 186.96 14 848.38 81738 799.64 706.12 565.15 521.80
364,2day_am,8,23,FedEx Tube,266.76,19-20,33,23 357.59 326.59 305.14 266.76 224.98 186.96 14 848.38 81738 799.64 706.12 565.15 521.80
365,2day_am,8,23,Your Packaging,224.98,19-20,33,23 357.59 326.59 305.14 266.76 224.98 186.96 14 848.38 81738 799.64 706.12 565.15 521.80
366,2day_am,8,24,FedEx Envelope,364.17,19-20,34,24 364.17 333.17 311.89 271.24 227.36 187.82 15 849.41 818.41 800.69 71538 58081 523.22
367,2day_am,8,24,FedEx Pak,333.17,19-20,34,24 364.17 333.17 311.89 271.24 227.36 187.82 15 849.41 818.41 800.69 71538 58081 523.22
368,2day_am,8,24,FedEx Box,311.89,19-20,34,24 364.17 333.17 311.89 271.24 227.36 187.82 15 849.41 818.41 800.69 71538 58081 523.22
369,2day_am,8,24,FedEx Tube,271.24,19-20,34,24 364.17 333.17 311.89 271.24 227.36 187.82 15 849.41 818.41 800.69 71538 58081 523.22
370,2day_am,8,24,Your Packaging,227.36,19-20,34,24 364.17 333.17 311.89 271.24 227.36 187.82 15 849.41 818.41 800.69 71538 58081 523.22
371,2day_am,8,25,FedEx Envelope,365.02,19-20,35,25 365.02 334.02 316.07 275.52 246.46 204.47 16 85021 819.21 801.49 72651 589.87 551.25
372,2day_am,8,25,FedEx Pak,334.02,19-20,35,25 365.02 334.02 316.07 275.52 246.46 204.47 16 85021 819.21 801.49 72651 589.87 551.25
373,2day_am,8,25,FedEx Box,316.07,19-20,35,25 365.02 334.02 316.07 275.52 246.46 204.47 16 85021 819.21 801.49 72651 589.87 551.25
374,2day_am,8,25,FedEx Tube,275.52,19-20,35,25 365.02 334.02 316.07 275.52 246.46 204.47 16 85021 819.21 801.49 72651 589.87 551.25
375,2day_am,8,25,Your Packaging,246.46,19-20,35,25 365.02 334.02 316.07 275.52 246.46 204.47 16 85021 819.21 801.49 72651 589.87 551.25
376,2day_am,8,27,FedEx Envelope,391.24,19-20,37,27 391.24 360.24 345.24 295.34 261.21 21724 78 85181 82081 803.79 730.26 651.33 556.64
377,2day_am,8,27,FedEx Pak,360.24,19-20,37,27 391.24 360.24 345.24 295.34 261.21 21724 78 85181 82081 803.79 730.26 651.33 556.64
378,2day_am,8,27,FedEx Box,345.24,19-20,37,27 391.24 360.24 345.24 295.34 261.21 21724 78 85181 82081 803.79 730.26 651.33 556.64
379,2day_am,8,27,FedEx Tube,295.34,19-20,37,27 391.24 360.24 345.24 295.34 261.21 21724 78 85181 82081 803.79 730.26 651.33 556.64
380,2day_am,8,27,Your Packaging,261.21,19-20,37,27 391.24 360.24 345.24 295.34 261.21 21724 78 85181 82081 803.79 730.26 651.33 556.64
381,2day_am,8,30,FedEx Envelope,409.13,19-20,40,30 409.13 378.13 360.34 308.60 282.47 237.83 81 887.11 856.11 838.60 788.65 661.34 564.38
382,2day_am,8,30,FedEx Pak,378.13,19-20,40,30 409.13 378.13 360.34 308.60 282.47 237.83 81 887.11 856.11 838.60 788.65 661.34 564.38
383,2day_am,8,30,FedEx Box,360.34,19-20,40,30 409.13 378.13 360.34 308.60 282.47 237.83 81 887.11 856.11 838.60 788.65 661.34 564.38
384,2day_am,8,30,FedEx Tube,308.60,19-20,40,30 409.13 378.13 360.34 308.60 282.47 237.83 81 887.11 856.11 838.60 788.65 661.34 564.38
385,2day_am,8,30,Your Packaging,282.47,19-20,40,30 409.13 378.13 360.34 308.60 282.47 237.83 81 887.11 856.11 838.60 788.65 661.34 564.38
386,2day_am,8,31,FedEx Envelope,416.93,19-20,41,31 416.93 385.93 370.93 324.61 290.03 244.29 82 890.40 859.40 841.76 790.52 662.48 567.12
387,2day_am,8,31,FedEx Pak,385.93,19-20,41,31 416.93 385.93 370.93 324.61 290.03 244.29 82 890.40 859.40 841.76 790.52 662.48 567.12
388,2day_am,8,31,FedEx Box,370.93,19-20,41,31 416.93 385.93 370.93 324.61 290.03 244.29 82 890.40 859.40 841.76 790.52 662.48 567.12
389,2day_am,8,31,FedEx Tube,324.61,19-20,41,31 416.93 385.93 370.93 324.61 290.03 244.29 82 890.40 859.40 841.76 790.52 662.48 567.12
390,2day_am,8,31,Your Packaging,290.03,19-20,41,31 416.93 385.93 370.93 324.61 290.03 244.29 82 890.40 859.40 841.76 790.52 662.48 567.12
391,2day_am,8,34,FedEx Envelope,447.25,19-20,44,34 447.25 416.25 398.61 362.55 312.08 264.77 85 910.88 879.88 862.29 817.95 675.97 604.88
392,2day_am,8,34,FedEx Pak,416.25,19-20,44,34 447.25 416.25 398.61 362.55 312.08 264.77 85 910.88 879.88 862.29 817.95 675.97 604.88
393,2day_am,8,34,FedEx Box,398.61,19-20,44,34 447.25 416.25 398.61 362.55 312.08 264.77 85 910.88 879.88 862.29 817.95 675.97 604.88
394,2day_am,8,34,FedEx Tube,362.55,19-20,44,34 447.25 416.25 398.61 362.55 312.08 264.77 85 910.88 879.88 862.29 817.95 675.97 604.88
395,2day_am,8,34,Your Packaging,312.08,19-20,44,34 447.25 416.25 398.61 362.55 312.08 264.77 85 910.88 879.88 862.29 817.95 675.97 604.88
396,2day_am,8,35,FedEx Envelope,451.12,19-20,45,35 451.12 420.12 402.50 365.32 313.45 266.65 86 911.92 880.92 863.32 818.98 67.04 607.06
397,2day_am,8,35,FedEx Pak,420.12,19-20,45,35 451.12 420.12 402.50 365.32 313.45 266.65 86 911.92 880.92 863.32 818.98 67.04 607.06
398,2day_am,8,35,FedEx Box,402.50,19-20,45,35 451.12 420.12 402.50 365.32 313.45 266.65 86 911.92 880.92 863.32 818.98 67.04 607.06
399,2day_am,8,35,FedEx Tube,365.32,19-20,45,35 451.12 420.12 402.50 365.32 313.45 266.65 86 911.92 880.92 863.32 818.98 67.04 607.06
400,2day_am,8,35,Your Packaging,313.45,19-20,45,35 451.12 420.12 402.50 365.32 313.45 266.65 86 911.92 880.92 863.32 818.98 67.04 607.06
401,2day_am,8,41,FedEx Envelope,497.98,19-20,51,"41 497.98 466.8 451.98 433.45 372.42 307.50 92 1,025.40 994.40 974.90 884.09 691.45 614.67"
402,2day_am,8,41,FedEx Pak,466.80,19-20,51,"41 497.98 466.8 451.98 433.45 372.42 307.50 92 1,025.40 994.40 974.90 884.09 691.45 614.67"
403,2day_am,8,41,FedEx Box,451.98,19-20,51,"41 497.98 466.8 451.98 433.45 372.42 307.50 92 1,025.40 994.40 974.90 884.09 691.45 614.67"
404,2day_am,8,41,FedEx Tube,433.45,19-20,51,"41 497.98 466.8 451.98 433.45 372.42 307.50 92 1,025.40 994.40 974.90 884.09 691.45 614.67"
405,2day_am,8,41,Your Packaging,372.42,19-20,51,"41 497.98 466.8 451.98 433.45 372.42 307.50 92 1,025.40 994.40 974.90 884.09 691.45 614.67"
406,2day_am,8,42,FedEx Envelope,515.16,19-20,52,42 515.16 484.16 462.38 443.73 381.77 314.15 sor Fedéx Express Multweight® per-pound ates see pp.31-
407,2day_am,8,42,FedEx Pak,484.16,19-20,52,42 515.16 484.16 462.38 443.73 381.77 314.15 sor Fedéx Express Multweight® per-pound ates see pp.31-
408,2day_am,8,42,FedEx Box,462.38,19-20,52,42 515.16 484.16 462.38 443.73 381.77 314.15 sor Fedéx Express Multweight® per-pound ates see pp.31-
409,2day_am,8,42,FedEx Tube,443.73,19-20,52,42 515.16 484.16 462.38 443.73 381.77 314.15 sor Fedéx Express Multweight® per-pound ates see pp.31-
410,2day_am,8,42,Your Packaging,381.77,19-20,52,42 515.16 484.16 462.38 443.73 381.77 314.15 sor Fedéx Express Multweight® per-pound ates see pp.31-
411,2day_am,8,43,FedEx Envelope,529.22,19-20,53,43 529.22 498.22 482.92 444.76 389.74 321.45 271P code and zone alignments are subject to change wit
412,2day_am,8,43,FedEx Pak,498.22,19-20,53,43 529.22 498.22 482.92 444.76 389.74 321.45 271P code and zone alignments are subject to change wit
413,2day_am,8,43,FedEx Box,482.92,19-20,53,43 529.22 498.22 482.92 444.76 389.74 321.45 271P code and zone alignments are subject to change wit
414,2day_am,8,43,FedEx Tube,444.76,19-20,53,43 529.22 498.22 482.92 444.76 389.74 321.45 271P code and zone alignments are subject to change wit
415,2day_am,8,43,Your Packaging,389.74,19-20,53,43 529.22 498.22 482.92 444.76 389.74 321.45 271P code and zone alignments are subject to change wit
416,2day_am,8,44,FedEx Envelope,544.02,19-20,54,44 544.02 513.02 495.94 445.84 397.41 322.19 *Some exceptions apply. See fedex.com/en-us/shipping/se
417,2day_am,8,44,FedEx Pak,513.02,19-20,54,44 544.02 513.02 495.94 445.84 397.41 322.19 *Some exceptions apply. See fedex.com/en-us/shipping/se
418,2day_am,8,44,FedEx Box,495.94,19-20,54,44 544.02 513.02 495.94 445.84 397.41 322.19 *Some exceptions apply. See fedex.com/en-us/shipping/se
419,2day_am,8,44,FedEx Tube,445.84,19-20,54,44 544.02 513.02 495.94 445.84 397.41 322.19 *Some exceptions apply. See fedex.com/en-us/shipping/se
420,2day_am,8,44,Your Packaging,397.41,19-20,54,44 544.02 513.02 495.94 445.84 397.41 322.19 *Some exceptions apply. See fedex.com/en-us/shipping/se
421,2day_am,8,45,FedEx Envelope,545.51,19-20,55,"45 545.51 514.51 497.25 459.03 403.34 323.19 4Same time for businesses and residences. 96 1,030.00 9"
422,2day_am,8,45,FedEx Pak,514.51,19-20,55,"45 545.51 514.51 497.25 459.03 403.34 323.19 4Same time for businesses and residences. 96 1,030.00 9"
423,2day_am,8,45,FedEx Box,497.25,19-20,55,"45 545.51 514.51 497.25 459.03 403.34 323.19 4Same time for businesses and residences. 96 1,030.00 9"
424,2day_am,8,45,FedEx Tube,459.03,19-20,55,"45 545.51 514.51 497.25 459.03 403.34 323.19 4Same time for businesses and residences. 96 1,030.00 9"
425,2day_am,8,45,Your Packaging,403.34,19-20,55,"45 545.51 514.51 497.25 459.03 403.34 323.19 4Same time for businesses and residences. 96 1,030.00 9"
426,2day_am,8,47,FedEx Envelope,567.42,19-20,57,"47 567.42 536.42 514.47 469.42 412.92 34501 “By8pm.toresidences. 98 103367 1,002.67 983.00 92099 732"
427,2day_am,8,47,FedEx Pak,536.42,19-20,57,"47 567.42 536.42 514.47 469.42 412.92 34501 “By8pm.toresidences. 98 103367 1,002.67 983.00 92099 732"
428,2day_am,8,47,FedEx Box,514.47,19-20,57,"47 567.42 536.42 514.47 469.42 412.92 34501 “By8pm.toresidences. 98 103367 1,002.67 983.00 92099 732"
429,2day_am,8,47,FedEx Tube,469.42,19-20,57,"47 567.42 536.42 514.47 469.42 412.92 34501 “By8pm.toresidences. 98 103367 1,002.67 983.00 92099 732"
430,2day_am,8,47,Your Packaging,412.92,19-20,57,"47 567.42 536.42 514.47 469.42 412.92 34501 “By8pm.toresidences. 98 103367 1,002.67 983.00 92099 732"
431,2day_am,8,48,FedEx Envelope,567.74,19-20,58,"48 567.74 536.74 514.68 470.0 416.20 38477 99 1,080.89 1,049.89 1,029.30 924.06 774.04 696.34 seins "
432,2day_am,8,48,FedEx Pak,536.74,19-20,58,"48 567.74 536.74 514.68 470.0 416.20 38477 99 1,080.89 1,049.89 1,029.30 924.06 774.04 696.34 seins "
433,2day_am,8,48,FedEx Box,514.68,19-20,58,"48 567.74 536.74 514.68 470.0 416.20 38477 99 1,080.89 1,049.89 1,029.30 924.06 774.04 696.34 seins "
434,2day_am,8,48,FedEx Tube,470.00,19-20,58,"48 567.74 536.74 514.68 470.0 416.20 38477 99 1,080.89 1,049.89 1,029.30 924.06 774.04 696.34 seins "
435,2day_am,8,48,Your Packaging,416.20,19-20,58,"48 567.74 536.74 514.68 470.0 416.20 38477 99 1,080.89 1,049.89 1,029.30 924.06 774.04 696.34 seins "
436,2day_am,8,3,FedEx Envelope,104.00,21-22,12,"3 104 1,244.88 1,212.64 1,140.88 1,014.00 889.20 755.04 3 2 Ibs. 164.43 133.43, 118.12 79.12 70.41 1"
437,2day_am,8,3,FedEx Pak,1244.88,21-22,12,"3 104 1,244.88 1,212.64 1,140.88 1,014.00 889.20 755.04 3 2 Ibs. 164.43 133.43, 118.12 79.12 70.41 1"
438,2day_am,8,3,FedEx Box,1212.64,21-22,12,"3 104 1,244.88 1,212.64 1,140.88 1,014.00 889.20 755.04 3 2 Ibs. 164.43 133.43, 118.12 79.12 70.41 1"
439,2day_am,8,3,FedEx Tube,1140.88,21-22,12,"3 104 1,244.88 1,212.64 1,140.88 1,014.00 889.20 755.04 3 2 Ibs. 164.43 133.43, 118.12 79.12 70.41 1"
440,2day_am,8,3,Your Packaging,1014.00,21-22,12,"3 104 1,244.88 1,212.64 1,140.88 1,014.00 889.20 755.04 3 2 Ibs. 164.43 133.43, 118.12 79.12 70.41 1"
441,2day_am,8,2,FedEx Envelope,111.00,21-22,19,"2 111 1,328.67 1,294.26 1,217.67 1,082.25 949.05 805.86 : 9 259.54 22854 193.72 147.12 12084 285.78 "
442,2day_am,8,2,FedEx Pak,1328.67,21-22,19,"2 111 1,328.67 1,294.26 1,217.67 1,082.25 949.05 805.86 : 9 259.54 22854 193.72 147.12 12084 285.78 "
443,2day_am,8,2,FedEx Box,1294.26,21-22,19,"2 111 1,328.67 1,294.26 1,217.67 1,082.25 949.05 805.86 : 9 259.54 22854 193.72 147.12 12084 285.78 "
444,2day_am,8,2,FedEx Tube,1217.67,21-22,19,"2 111 1,328.67 1,294.26 1,217.67 1,082.25 949.05 805.86 : 9 259.54 22854 193.72 147.12 12084 285.78 "
445,2day_am,8,2,Your Packaging,1082.25,21-22,19,"2 111 1,328.67 1,294.26 1,217.67 1,082.25 949.05 805.86 : 9 259.54 22854 193.72 147.12 12084 285.78 "
446,2day_am,8,2,FedEx Envelope,13.00,21-22,21,"2 13 1,352.61 1,317.58 1,239.61 1,101.75 966.15 820.38 Fj "" 293.90 26290 223.87 169.19 140.59 321.19"
447,2day_am,8,2,FedEx Pak,1352.61,21-22,21,"2 13 1,352.61 1,317.58 1,239.61 1,101.75 966.15 820.38 Fj "" 293.90 26290 223.87 169.19 140.59 321.19"
448,2day_am,8,2,FedEx Box,1317.58,21-22,21,"2 13 1,352.61 1,317.58 1,239.61 1,101.75 966.15 820.38 Fj "" 293.90 26290 223.87 169.19 140.59 321.19"
449,2day_am,8,2,FedEx Tube,1239.61,21-22,21,"2 13 1,352.61 1,317.58 1,239.61 1,101.75 966.15 820.38 Fj "" 293.90 26290 223.87 169.19 140.59 321.19"
450,2day_am,8,2,Your Packaging,1101.75,21-22,21,"2 13 1,352.61 1,317.58 1,239.61 1,101.75 966.15 820.38 Fj "" 293.90 26290 223.87 169.19 140.59 321.19"
451,2day_am,8,118,FedEx Envelope,1412.46,21-22,26,"118 1,412.46 1,375.88 1,294.46 1,150.50 1,008.90 856.68 2 16 355.12 324.12 272.82 198.24 178.65 364."
452,2day_am,8,118,FedEx Pak,1375.88,21-22,26,"118 1,412.46 1,375.88 1,294.46 1,150.50 1,008.90 856.68 2 16 355.12 324.12 272.82 198.24 178.65 364."
453,2day_am,8,118,FedEx Box,1294.46,21-22,26,"118 1,412.46 1,375.88 1,294.46 1,150.50 1,008.90 856.68 2 16 355.12 324.12 272.82 198.24 178.65 364."
454,2day_am,8,118,FedEx Tube,1150.50,21-22,26,"118 1,412.46 1,375.88 1,294.46 1,150.50 1,008.90 856.68 2 16 355.12 324.12 272.82 198.24 178.65 364."
455,2day_am,8,118,Your Packaging,1008.90,21-22,26,"118 1,412.46 1,375.88 1,294.46 1,150.50 1,008.90 856.68 2 16 355.12 324.12 272.82 198.24 178.65 364."
456,2day_am,8,119,FedEx Envelope,1424.43,21-22,27,"119 1,424.43 1,387.54 1,305.43 1,160.25 1,017.45 863.94 7 362.32 331.32 279.01 215.25 187.17 380.67 "
457,2day_am,8,119,FedEx Pak,1387.54,21-22,27,"119 1,424.43 1,387.54 1,305.43 1,160.25 1,017.45 863.94 7 362.32 331.32 279.01 215.25 187.17 380.67 "
458,2day_am,8,119,FedEx Box,1305.43,21-22,27,"119 1,424.43 1,387.54 1,305.43 1,160.25 1,017.45 863.94 7 362.32 331.32 279.01 215.25 187.17 380.67 "
459,2day_am,8,119,FedEx Tube,1160.25,21-22,27,"119 1,424.43 1,387.54 1,305.43 1,160.25 1,017.45 863.94 7 362.32 331.32 279.01 215.25 187.17 380.67 "
460,2day_am,8,119,Your Packaging,1017.45,21-22,27,"119 1,424.43 1,387.54 1,305.43 1,160.25 1,017.45 863.94 7 362.32 331.32 279.01 215.25 187.17 380.67 "
461,2day_am,8,120,FedEx Envelope,1436.40,21-22,28,"120 1,436.40 1,399.20 1,316.40 1,170.00 1,026.00 871.20 18 370.51 33951 285.72 219.64 190.83 394.16 "
462,2day_am,8,120,FedEx Pak,1399.20,21-22,28,"120 1,436.40 1,399.20 1,316.40 1,170.00 1,026.00 871.20 18 370.51 33951 285.72 219.64 190.83 394.16 "
463,2day_am,8,120,FedEx Box,1316.40,21-22,28,"120 1,436.40 1,399.20 1,316.40 1,170.00 1,026.00 871.20 18 370.51 33951 285.72 219.64 190.83 394.16 "
464,2day_am,8,120,FedEx Tube,1170.00,21-22,28,"120 1,436.40 1,399.20 1,316.40 1,170.00 1,026.00 871.20 18 370.51 33951 285.72 219.64 190.83 394.16 "
465,2day_am,8,120,Your Packaging,1026.00,21-22,28,"120 1,436.40 1,399.20 1,316.40 1,170.00 1,026.00 871.20 18 370.51 33951 285.72 219.64 190.83 394.16 "
466,2day_am,8,121,FedEx Envelope,1448.37,21-22,29,"121 1,448.37 1,410.86 1,327.37 1,179.75 1,034.55 878.46 19 381.79 350.79 296.08 235.49 20480 403.66 "
467,2day_am,8,121,FedEx Pak,1410.86,21-22,29,"121 1,448.37 1,410.86 1,327.37 1,179.75 1,034.55 878.46 19 381.79 350.79 296.08 235.49 20480 403.66 "
468,2day_am,8,121,FedEx Box,1327.37,21-22,29,"121 1,448.37 1,410.86 1,327.37 1,179.75 1,034.55 878.46 19 381.79 350.79 296.08 235.49 20480 403.66 "
469,2day_am,8,121,FedEx Tube,1179.75,21-22,29,"121 1,448.37 1,410.86 1,327.37 1,179.75 1,034.55 878.46 19 381.79 350.79 296.08 235.49 20480 403.66 "
470,2day_am,8,121,Your Packaging,1034.55,21-22,29,"121 1,448.37 1,410.86 1,327.37 1,179.75 1,034.55 878.46 19 381.79 350.79 296.08 235.49 20480 403.66 "
471,2day_am,8,122,FedEx Envelope,1460.34,21-22,30,"122 1,460.34 1,422.52 1,338.34 1,189.50 1,043.10 885.72 20 388.69 357.69 313.82 237.08 212.06 420.00"
472,2day_am,8,122,FedEx Pak,1422.52,21-22,30,"122 1,460.34 1,422.52 1,338.34 1,189.50 1,043.10 885.72 20 388.69 357.69 313.82 237.08 212.06 420.00"
473,2day_am,8,122,FedEx Box,1338.34,21-22,30,"122 1,460.34 1,422.52 1,338.34 1,189.50 1,043.10 885.72 20 388.69 357.69 313.82 237.08 212.06 420.00"
474,2day_am,8,122,FedEx Tube,1189.50,21-22,30,"122 1,460.34 1,422.52 1,338.34 1,189.50 1,043.10 885.72 20 388.69 357.69 313.82 237.08 212.06 420.00"
475,2day_am,8,122,Your Packaging,1043.10,21-22,30,"122 1,460.34 1,422.52 1,338.34 1,189.50 1,043.10 885.72 20 388.69 357.69 313.82 237.08 212.06 420.00"
476,2day_am,8,124,FedEx Envelope,1484.28,21-22,32,"124 1,484.28 1,445.84 1,360.28 1,209.00 1,060.20 900.24 22 405.13, 374.13 316.77 264.86 221.91 439.5"
477,2day_am,8,124,FedEx Pak,1445.84,21-22,32,"124 1,484.28 1,445.84 1,360.28 1,209.00 1,060.20 900.24 22 405.13, 374.13 316.77 264.86 221.91 439.5"
478,2day_am,8,124,FedEx Box,1360.28,21-22,32,"124 1,484.28 1,445.84 1,360.28 1,209.00 1,060.20 900.24 22 405.13, 374.13 316.77 264.86 221.91 439.5"
479,2day_am,8,124,FedEx Tube,1209.00,21-22,32,"124 1,484.28 1,445.84 1,360.28 1,209.00 1,060.20 900.24 22 405.13, 374.13 316.77 264.86 221.91 439.5"
480,2day_am,8,124,Your Packaging,1060.20,21-22,32,"124 1,484.28 1,445.84 1,360.28 1,209.00 1,060.20 900.24 22 405.13, 374.13 316.77 264.86 221.91 439.5"
481,2day_am,8,125,FedEx Envelope,1496.25,21-22,33,"125 1,496.25 1,457.50 1371.25 1,218.75 1,068.75 907.50 23 415.30 384.30 317.19 274.66 229.50 452.15 "
482,2day_am,8,125,FedEx Pak,1457.50,21-22,33,"125 1,496.25 1,457.50 1371.25 1,218.75 1,068.75 907.50 23 415.30 384.30 317.19 274.66 229.50 452.15 "
483,2day_am,8,125,FedEx Box,1371.25,21-22,33,"125 1,496.25 1,457.50 1371.25 1,218.75 1,068.75 907.50 23 415.30 384.30 317.19 274.66 229.50 452.15 "
484,2day_am,8,125,FedEx Tube,1218.75,21-22,33,"125 1,496.25 1,457.50 1371.25 1,218.75 1,068.75 907.50 23 415.30 384.30 317.19 274.66 229.50 452.15 "
485,2day_am,8,125,Your Packaging,1068.75,21-22,33,"125 1,496.25 1,457.50 1371.25 1,218.75 1,068.75 907.50 23 415.30 384.30 317.19 274.66 229.50 452.15 "
486,2day_am,8,126,FedEx Envelope,1508.22,21-22,34,"126 1,508.22 1,469.16 1,382.22 1,228.50 1,077.30 914.76 24 422.55 391.55 32531 279.28 231.92 453.41 "
487,2day_am,8,126,FedEx Pak,1469.16,21-22,34,"126 1,508.22 1,469.16 1,382.22 1,228.50 1,077.30 914.76 24 422.55 391.55 32531 279.28 231.92 453.41 "
488,2day_am,8,126,FedEx Box,1382.22,21-22,34,"126 1,508.22 1,469.16 1,382.22 1,228.50 1,077.30 914.76 24 422.55 391.55 32531 279.28 231.92 453.41 "
489,2day_am,8,126,FedEx Tube,1228.50,21-22,34,"126 1,508.22 1,469.16 1,382.22 1,228.50 1,077.30 914.76 24 422.55 391.55 32531 279.28 231.92 453.41 "
490,2day_am,8,126,Your Packaging,1077.30,21-22,34,"126 1,508.22 1,469.16 1,382.22 1,228.50 1,077.30 914.76 24 422.55 391.55 32531 279.28 231.92 453.41 "
491,2day_am,8,127,FedEx Envelope,1520.19,21-22,35,"127 1,520.19 1,480.82 1,393.19 1,238.25 1,085.85 922.02 25 434.90 40390 353.64 283.69 256.16 455.89 "
492,2day_am,8,127,FedEx Pak,1480.82,21-22,35,"127 1,520.19 1,480.82 1,393.19 1,238.25 1,085.85 922.02 25 434.90 40390 353.64 283.69 256.16 455.89 "
493,2day_am,8,127,FedEx Box,1393.19,21-22,35,"127 1,520.19 1,480.82 1,393.19 1,238.25 1,085.85 922.02 25 434.90 40390 353.64 283.69 256.16 455.89 "
494,2day_am,8,127,FedEx Tube,1238.25,21-22,35,"127 1,520.19 1,480.82 1,393.19 1,238.25 1,085.85 922.02 25 434.90 40390 353.64 283.69 256.16 455.89 "
495,2day_am,8,127,Your Packaging,1085.85,21-22,35,"127 1,520.19 1,480.82 1,393.19 1,238.25 1,085.85 922.02 25 434.90 40390 353.64 283.69 256.16 455.89 "
496,2day_am,8,130,FedEx Envelope,1556.10,21-22,38,"130 1,556.10 1,515.80 1,426.10 1,267.50 1,111.50 943.80 28 45737 42637 379.66 307.92 280.08 485.28 4"
497,2day_am,8,130,FedEx Pak,1515.80,21-22,38,"130 1,556.10 1,515.80 1,426.10 1,267.50 1,111.50 943.80 28 45737 42637 379.66 307.92 280.08 485.28 4"
498,2day_am,8,130,FedEx Box,1426.10,21-22,38,"130 1,556.10 1,515.80 1,426.10 1,267.50 1,111.50 943.80 28 45737 42637 379.66 307.92 280.08 485.28 4"
499,2day_am,8,130,FedEx Tube,1267.50,21-22,38,"130 1,556.10 1,515.80 1,426.10 1,267.50 1,111.50 943.80 28 45737 42637 379.66 307.92 280.08 485.28 4"
500,2day_am,8,130,Your Packaging,1111.50,21-22,38,"130 1,556.10 1,515.80 1,426.10 1,267.50 1,111.50 943.80 28 45737 42637 379.66 307.92 280.08 485.28 4"
501,2day_am,8,25,FedEx Envelope,1120.05,21-22,39,"131 156807 | 152746 | 1,437.07 | 1,277.25 | 1,120.05 951.06 29 464.14 433.14 386.18 313.70 287.13 49"
502,2day_am,8,25,FedEx Pak,951.06,21-22,39,"131 156807 | 152746 | 1,437.07 | 1,277.25 | 1,120.05 951.06 29 464.14 433.14 386.18 313.70 287.13 49"
503,2day_am,8,25,FedEx Box,29.00,21-22,39,"131 156807 | 152746 | 1,437.07 | 1,277.25 | 1,120.05 951.06 29 464.14 433.14 386.18 313.70 287.13 49"
504,2day_am,8,25,FedEx Tube,464.14,21-22,39,"131 156807 | 152746 | 1,437.07 | 1,277.25 | 1,120.05 951.06 29 464.14 433.14 386.18 313.70 287.13 49"
505,2day_am,8,25,Your Packaging,433.14,21-22,39,"131 156807 | 152746 | 1,437.07 | 1,277.25 | 1,120.05 951.06 29 464.14 433.14 386.18 313.70 287.13 49"
506,2day_am,8,132,FedEx Envelope,1580.04,21-22,40,"132 1,580.04 1,539.12 1,448.04 1,287.00 1,128.60 958.32 30 472.00 441.00 392.42 317.74 296.23 497.00"
507,2day_am,8,132,FedEx Pak,1539.12,21-22,40,"132 1,580.04 1,539.12 1,448.04 1,287.00 1,128.60 958.32 30 472.00 441.00 392.42 317.74 296.23 497.00"
508,2day_am,8,132,FedEx Box,1448.04,21-22,40,"132 1,580.04 1,539.12 1,448.04 1,287.00 1,128.60 958.32 30 472.00 441.00 392.42 317.74 296.23 497.00"
509,2day_am,8,132,FedEx Tube,1287.00,21-22,40,"132 1,580.04 1,539.12 1,448.04 1,287.00 1,128.60 958.32 30 472.00 441.00 392.42 317.74 296.23 497.00"
510,2day_am,8,132,Your Packaging,1128.60,21-22,40,"132 1,580.04 1,539.12 1,448.04 1,287.00 1,128.60 958.32 30 472.00 441.00 392.42 317.74 296.23 497.00"
511,2day_am,8,133,FedEx Envelope,1592.01,21-22,41,"133 1,592.01 1,550.78 1,459.01 1,296.75 1,137.15 965.58 31 479.93 448.93 399.38 334.24 303.52 511.79"
512,2day_am,8,133,FedEx Pak,1550.78,21-22,41,"133 1,592.01 1,550.78 1,459.01 1,296.75 1,137.15 965.58 31 479.93 448.93 399.38 334.24 303.52 511.79"
513,2day_am,8,133,FedEx Box,1459.01,21-22,41,"133 1,592.01 1,550.78 1,459.01 1,296.75 1,137.15 965.58 31 479.93 448.93 399.38 334.24 303.52 511.79"
514,2day_am,8,133,FedEx Tube,1296.75,21-22,41,"133 1,592.01 1,550.78 1,459.01 1,296.75 1,137.15 965.58 31 479.93 448.93 399.38 334.24 303.52 511.79"
515,2day_am,8,133,Your Packaging,1137.15,21-22,41,"133 1,592.01 1,550.78 1,459.01 1,296.75 1,137.15 965.58 31 479.93 448.93 399.38 334.24 303.52 511.79"
516,2day_am,8,134,FedEx Envelope,1603.98,21-22,42,"134 1,603.98 1,562.44 1,469.98 1,306.50 1,145.70 972.84 32 488.45 457.45 407.04 335.92 313.06 521.79"
517,2day_am,8,134,FedEx Pak,1562.44,21-22,42,"134 1,603.98 1,562.44 1,469.98 1,306.50 1,145.70 972.84 32 488.45 457.45 407.04 335.92 313.06 521.79"
518,2day_am,8,134,FedEx Box,1469.98,21-22,42,"134 1,603.98 1,562.44 1,469.98 1,306.50 1,145.70 972.84 32 488.45 457.45 407.04 335.92 313.06 521.79"
519,2day_am,8,134,FedEx Tube,1306.50,21-22,42,"134 1,603.98 1,562.44 1,469.98 1,306.50 1,145.70 972.84 32 488.45 457.45 407.04 335.92 313.06 521.79"
520,2day_am,8,134,Your Packaging,1145.70,21-22,42,"134 1,603.98 1,562.44 1,469.98 1,306.50 1,145.70 972.84 32 488.45 457.45 407.04 335.92 313.06 521.79"
521,2day_am,8,135,FedEx Envelope,1615.95,21-22,43,"135 1,615.95 1,574.10 1,480.95 1,316.25 1,154.25 980.10 33 498.77 46777 416.38 34457 31402 532.04 50"
522,2day_am,8,135,FedEx Pak,1574.10,21-22,43,"135 1,615.95 1,574.10 1,480.95 1,316.25 1,154.25 980.10 33 498.77 46777 416.38 34457 31402 532.04 50"
523,2day_am,8,135,FedEx Box,1480.95,21-22,43,"135 1,615.95 1,574.10 1,480.95 1,316.25 1,154.25 980.10 33 498.77 46777 416.38 34457 31402 532.04 50"
524,2day_am,8,135,FedEx Tube,1316.25,21-22,43,"135 1,615.95 1,574.10 1,480.95 1,316.25 1,154.25 980.10 33 498.77 46777 416.38 34457 31402 532.04 50"
525,2day_am,8,135,Your Packaging,1154.25,21-22,43,"135 1,615.95 1,574.10 1,480.95 1,316.25 1,154.25 980.10 33 498.77 46777 416.38 34457 31402 532.04 50"
526,2day_am,8,136,FedEx Envelope,1627.92,21-22,45,"136 1,627.92 1,585.76 1,491.92 1,326.00 1,162.80 987.36 34 505.26 474.26 418.28 373.97 319.21 541.27"
527,2day_am,8,136,FedEx Pak,1585.76,21-22,45,"136 1,627.92 1,585.76 1,491.92 1,326.00 1,162.80 987.36 34 505.26 474.26 418.28 373.97 319.21 541.27"
528,2day_am,8,136,FedEx Box,1491.92,21-22,45,"136 1,627.92 1,585.76 1,491.92 1,326.00 1,162.80 987.36 34 505.26 474.26 418.28 373.97 319.21 541.27"
529,2day_am,8,136,FedEx Tube,1326.00,21-22,45,"136 1,627.92 1,585.76 1,491.92 1,326.00 1,162.80 987.36 34 505.26 474.26 418.28 373.97 319.21 541.27"
530,2day_am,8,136,Your Packaging,1162.80,21-22,45,"136 1,627.92 1,585.76 1,491.92 1,326.00 1,162.80 987.36 34 505.26 474.26 418.28 373.97 319.21 541.27"
531,2day_am,8,137,FedEx Envelope,1639.89,21-22,46,"137 1,639.89 1,597.42 1,502.89 1,335.75 1,171.35 994.62 35 506.33 47533 418.75 376.91 319.73 551.06 "
532,2day_am,8,137,FedEx Pak,1597.42,21-22,46,"137 1,639.89 1,597.42 1,502.89 1,335.75 1,171.35 994.62 35 506.33 47533 418.75 376.91 319.73 551.06 "
533,2day_am,8,137,FedEx Box,1502.89,21-22,46,"137 1,639.89 1,597.42 1,502.89 1,335.75 1,171.35 994.62 35 506.33 47533 418.75 376.91 319.73 551.06 "
534,2day_am,8,137,FedEx Tube,1335.75,21-22,46,"137 1,639.89 1,597.42 1,502.89 1,335.75 1,171.35 994.62 35 506.33 47533 418.75 376.91 319.73 551.06 "
535,2day_am,8,137,Your Packaging,1171.35,21-22,46,"137 1,639.89 1,597.42 1,502.89 1,335.75 1,171.35 994.62 35 506.33 47533 418.75 376.91 319.73 551.06 "
536,2day_am,8,138,FedEx Envelope,1651.86,21-22,47,"138 1,651.86 1,609.08 1,513.86 1,345.50 1,179.90 1,001.88, 36 527.44 496.44 42786 381.26 32798 56231"
537,2day_am,8,138,FedEx Pak,1609.08,21-22,47,"138 1,651.86 1,609.08 1,513.86 1,345.50 1,179.90 1,001.88, 36 527.44 496.44 42786 381.26 32798 56231"
538,2day_am,8,138,FedEx Box,1513.86,21-22,47,"138 1,651.86 1,609.08 1,513.86 1,345.50 1,179.90 1,001.88, 36 527.44 496.44 42786 381.26 32798 56231"
539,2day_am,8,138,FedEx Tube,1345.50,21-22,47,"138 1,651.86 1,609.08 1,513.86 1,345.50 1,179.90 1,001.88, 36 527.44 496.44 42786 381.26 32798 56231"
540,2day_am,8,138,Your Packaging,1179.90,21-22,47,"138 1,651.86 1,609.08 1,513.86 1,345.50 1,179.90 1,001.88, 36 527.44 496.44 42786 381.26 32798 56231"
541,2day_am,8,140,FedEx Envelope,1675.80,21-22,49,"140 1,675.80 1,632.40 1,535.80 1,365.00 1,197.00 1,016.40 38 547.47 516.47 448.30 383.26 356.83 578."
542,2day_am,8,140,FedEx Pak,1632.40,21-22,49,"140 1,675.80 1,632.40 1,535.80 1,365.00 1,197.00 1,016.40 38 547.47 516.47 448.30 383.26 356.83 578."
543,2day_am,8,140,FedEx Box,1535.80,21-22,49,"140 1,675.80 1,632.40 1,535.80 1,365.00 1,197.00 1,016.40 38 547.47 516.47 448.30 383.26 356.83 578."
544,2day_am,8,140,FedEx Tube,1365.00,21-22,49,"140 1,675.80 1,632.40 1,535.80 1,365.00 1,197.00 1,016.40 38 547.47 516.47 448.30 383.26 356.83 578."
545,2day_am,8,140,Your Packaging,1197.00,21-22,49,"140 1,675.80 1,632.40 1,535.80 1,365.00 1,197.00 1,016.40 38 547.47 516.47 448.30 383.26 356.83 578."
546,2day_am,8,141,FedEx Envelope,1687.77,21-22,50,"141 1,687.77 1,644.06 1,546.77 1,374.75, 1,205.55 1,023.66 39 557.59 52659 470.00 41428 372.71 579.8"
547,2day_am,8,141,FedEx Pak,1644.06,21-22,50,"141 1,687.77 1,644.06 1,546.77 1,374.75, 1,205.55 1,023.66 39 557.59 52659 470.00 41428 372.71 579.8"
548,2day_am,8,141,FedEx Box,1546.77,21-22,50,"141 1,687.77 1,644.06 1,546.77 1,374.75, 1,205.55 1,023.66 39 557.59 52659 470.00 41428 372.71 579.8"
549,2day_am,8,141,FedEx Tube,1374.75,21-22,50,"141 1,687.77 1,644.06 1,546.77 1,374.75, 1,205.55 1,023.66 39 557.59 52659 470.00 41428 372.71 579.8"
550,2day_am,8,141,Your Packaging,1205.55,21-22,50,"141 1,687.77 1,644.06 1,546.77 1,374.75, 1,205.55 1,023.66 39 557.59 52659 470.00 41428 372.71 579.8"
551,2day_am,8,144,FedEx Envelope,1723.68,21-22,53,"144 1,723.68 1,679.04 1,579.68 1,404.00 1,231.20 1,045.44 42 589.84 558.84 485.78 456.91 395.47 613."
552,2day_am,8,144,FedEx Pak,1679.04,21-22,53,"144 1,723.68 1,679.04 1,579.68 1,404.00 1,231.20 1,045.44 42 589.84 558.84 485.78 456.91 395.47 613."
553,2day_am,8,144,FedEx Box,1579.68,21-22,53,"144 1,723.68 1,679.04 1,579.68 1,404.00 1,231.20 1,045.44 42 589.84 558.84 485.78 456.91 395.47 613."
554,2day_am,8,144,FedEx Tube,1404.00,21-22,53,"144 1,723.68 1,679.04 1,579.68 1,404.00 1,231.20 1,045.44 42 589.84 558.84 485.78 456.91 395.47 613."
555,2day_am,8,144,Your Packaging,1231.20,21-22,53,"144 1,723.68 1,679.04 1,579.68 1,404.00 1,231.20 1,045.44 42 589.84 558.84 485.78 456.91 395.47 613."
556,2day_am,8,146,FedEx Envelope,1747.62,21-22,56,"146 1,747.62 1,702.36 1,601.62 1,423.50 1,248.30 1,059.96 For FedEx Express Multiweight® per-pound r"
557,2day_am,8,146,FedEx Pak,1702.36,21-22,56,"146 1,747.62 1,702.36 1,601.62 1,423.50 1,248.30 1,059.96 For FedEx Express Multiweight® per-pound r"
558,2day_am,8,146,FedEx Box,1601.62,21-22,56,"146 1,747.62 1,702.36 1,601.62 1,423.50 1,248.30 1,059.96 For FedEx Express Multiweight® per-pound r"
559,2day_am,8,146,FedEx Tube,1423.50,21-22,56,"146 1,747.62 1,702.36 1,601.62 1,423.50 1,248.30 1,059.96 For FedEx Express Multiweight® per-pound r"
560,2day_am,8,146,Your Packaging,1248.30,21-22,56,"146 1,747.62 1,702.36 1,601.62 1,423.50 1,248.30 1,059.96 For FedEx Express Multiweight® per-pound r"
561,2day_am,8,147,FedEx Envelope,1759.59,21-22,57,"147 1,759.59 1,714.02 1,612.59 1,433.25 1,256.85 1,067.22 *ZIP code and zone alignments are subject "
562,2day_am,8,147,FedEx Pak,1714.02,21-22,57,"147 1,759.59 1,714.02 1,612.59 1,433.25 1,256.85 1,067.22 *ZIP code and zone alignments are subject "
563,2day_am,8,147,FedEx Box,1612.59,21-22,57,"147 1,759.59 1,714.02 1,612.59 1,433.25 1,256.85 1,067.22 *ZIP code and zone alignments are subject "
564,2day_am,8,147,FedEx Tube,1433.25,21-22,57,"147 1,759.59 1,714.02 1,612.59 1,433.25 1,256.85 1,067.22 *ZIP code and zone alignments are subject "
565,2day_am,8,147,Your Packaging,1256.85,21-22,57,"147 1,759.59 1,714.02 1,612.59 1,433.25 1,256.85 1,067.22 *ZIP code and zone alignments are subject "
566,2day_am,8,149,FedEx Envelope,1783.53,21-22,59,"149 1,783.53 1,737.34 1,634.53 1,452.75 1,273.95 1,081.74 By 12pm or 130 pm. to esidences 47 653.50 "
567,2day_am,8,149,FedEx Pak,1737.34,21-22,59,"149 1,783.53 1,737.34 1,634.53 1,452.75 1,273.95 1,081.74 By 12pm or 130 pm. to esidences 47 653.50 "
568,2day_am,8,149,FedEx Box,1634.53,21-22,59,"149 1,783.53 1,737.34 1,634.53 1,452.75 1,273.95 1,081.74 By 12pm or 130 pm. to esidences 47 653.50 "
569,2day_am,8,149,FedEx Tube,1452.75,21-22,59,"149 1,783.53 1,737.34 1,634.53 1,452.75 1,273.95 1,081.74 By 12pm or 130 pm. to esidences 47 653.50 "
570,2day_am,8,149,Your Packaging,1273.95,21-22,59,"149 1,783.53 1,737.34 1,634.53 1,452.75 1,273.95 1,081.74 By 12pm or 130 pm. to esidences 47 653.50 "
571,2day_am,8,150,FedEx Envelope,1795.50,21-22,60,"150 1,795.50 1,749.00 1,645.50 1,462.50 1,282.50 1,089.00 46 gm toresidences 48 654.49 623.49 551.22"
572,2day_am,8,150,FedEx Pak,1749.00,21-22,60,"150 1,795.50 1,749.00 1,645.50 1,462.50 1,282.50 1,089.00 46 gm toresidences 48 654.49 623.49 551.22"
573,2day_am,8,150,FedEx Box,1645.50,21-22,60,"150 1,795.50 1,749.00 1,645.50 1,462.50 1,282.50 1,089.00 46 gm toresidences 48 654.49 623.49 551.22"
574,2day_am,8,150,FedEx Tube,1462.50,21-22,60,"150 1,795.50 1,749.00 1,645.50 1,462.50 1,282.50 1,089.00 46 gm toresidences 48 654.49 623.49 551.22"
575,2day_am,8,150,Your Packaging,1282.50,21-22,60,"150 1,795.50 1,749.00 1,645.50 1,462.50 1,282.50 1,089.00 46 gm toresidences 48 654.49 623.49 551.22"
576,2day_am,2,2,FedEx Envelope,12.00,3-4,21,2 12 358.40 323.68 316.96 268.80 21392 199.36 = 10 vin 8671 85.00 49.56 42.09 35.64
577,2day_am,2,2,FedEx Pak,358.40,3-4,21,2 12 358.40 323.68 316.96 268.80 21392 199.36 = 10 vin 8671 85.00 49.56 42.09 35.64
578,2day_am,2,2,FedEx Box,323.68,3-4,21,2 12 358.40 323.68 316.96 268.80 21392 199.36 = 10 vin 8671 85.00 49.56 42.09 35.64
579,2day_am,2,2,FedEx Tube,316.96,3-4,21,2 12 358.40 323.68 316.96 268.80 21392 199.36 = 10 vin 8671 85.00 49.56 42.09 35.64
580,2day_am,2,2,Your Packaging,268.80,3-4,21,2 12 358.40 323.68 316.96 268.80 21392 199.36 = 10 vin 8671 85.00 49.56 42.09 35.64
581,2day_am,2,118,FedEx Envelope,377.60,3-4,27,118 377.60 341.02 333.94 283.20 225.38 210.04 = 16 152.44 121.44 107.40 66.72 54.96 5258
582,2day_am,2,118,FedEx Pak,341.02,3-4,27,118 377.60 341.02 333.94 283.20 225.38 210.04 = 16 152.44 121.44 107.40 66.72 54.96 5258
583,2day_am,2,118,FedEx Box,333.94,3-4,27,118 377.60 341.02 333.94 283.20 225.38 210.04 = 16 152.44 121.44 107.40 66.72 54.96 5258
584,2day_am,2,118,FedEx Tube,283.20,3-4,27,118 377.60 341.02 333.94 283.20 225.38 210.04 = 16 152.44 121.44 107.40 66.72 54.96 5258
585,2day_am,2,118,Your Packaging,225.38,3-4,27,118 377.60 341.02 333.94 283.20 225.38 210.04 = 16 152.44 121.44 107.40 66.72 54.96 5258
586,2day_am,2,119,FedEx Envelope,380.80,3-4,28,119 380.80 343.91 336.77 285.60 227.29 211.82 7 153.74 122.74 110.95 68.67 56.60 54.23
587,2day_am,2,119,FedEx Pak,343.91,3-4,28,119 380.80 343.91 336.77 285.60 227.29 211.82 7 153.74 122.74 110.95 68.67 56.60 54.23
588,2day_am,2,119,FedEx Box,336.77,3-4,28,119 380.80 343.91 336.77 285.60 227.29 211.82 7 153.74 122.74 110.95 68.67 56.60 54.23
589,2day_am,2,119,FedEx Tube,285.60,3-4,28,119 380.80 343.91 336.77 285.60 227.29 211.82 7 153.74 122.74 110.95 68.67 56.60 54.23
590,2day_am,2,119,Your Packaging,227.29,3-4,28,119 380.80 343.91 336.77 285.60 227.29 211.82 7 153.74 122.74 110.95 68.67 56.60 54.23
591,2day_am,2,122,FedEx Envelope,390.40,3-4,31,122 390.40 352.58 345.26 292.80 233.02 217.16 20 155.22 124.22 120.42 76.02 62.66 58.29
592,2day_am,2,122,FedEx Pak,352.58,3-4,31,122 390.40 352.58 345.26 292.80 233.02 217.16 20 155.22 124.22 120.42 76.02 62.66 58.29
593,2day_am,2,122,FedEx Box,345.26,3-4,31,122 390.40 352.58 345.26 292.80 233.02 217.16 20 155.22 124.22 120.42 76.02 62.66 58.29
594,2day_am,2,122,FedEx Tube,292.80,3-4,31,122 390.40 352.58 345.26 292.80 233.02 217.16 20 155.22 124.22 120.42 76.02 62.66 58.29
595,2day_am,2,122,Your Packaging,233.02,3-4,31,122 390.40 352.58 345.26 292.80 233.02 217.16 20 155.22 124.22 120.42 76.02 62.66 58.29
596,2day_am,2,124,FedEx Envelope,396.80,3-4,33,124 396.80 358.36 350.92 297.60 236.84 20.72 22 168.09 137.09 125.35 80.26 68.24 6393
597,2day_am,2,124,FedEx Pak,358.36,3-4,33,124 396.80 358.36 350.92 297.60 236.84 20.72 22 168.09 137.09 125.35 80.26 68.24 6393
598,2day_am,2,124,FedEx Box,350.92,3-4,33,124 396.80 358.36 350.92 297.60 236.84 20.72 22 168.09 137.09 125.35 80.26 68.24 6393
599,2day_am,2,124,FedEx Tube,297.60,3-4,33,124 396.80 358.36 350.92 297.60 236.84 20.72 22 168.09 137.09 125.35 80.26 68.24 6393
600,2day_am,2,124,Your Packaging,236.84,3-4,33,124 396.80 358.36 350.92 297.60 236.84 20.72 22 168.09 137.09 125.35 80.26 68.24 6393
601,2day_am,2,126,FedEx Envelope,403.20,3-4,35,126 403.20 364.14 356.58 302.40 240.66 224.28 24 169.40 138.40 127.99 88.65 7252 69.48
602,2day_am,2,126,FedEx Pak,364.14,3-4,35,126 403.20 364.14 356.58 302.40 240.66 224.28 24 169.40 138.40 127.99 88.65 7252 69.48
603,2day_am,2,126,FedEx Box,356.58,3-4,35,126 403.20 364.14 356.58 302.40 240.66 224.28 24 169.40 138.40 127.99 88.65 7252 69.48
604,2day_am,2,126,FedEx Tube,302.40,3-4,35,126 403.20 364.14 356.58 302.40 240.66 224.28 24 169.40 138.40 127.99 88.65 7252 69.48
605,2day_am,2,126,Your Packaging,240.66,3-4,35,126 403.20 364.14 356.58 302.40 240.66 224.28 24 169.40 138.40 127.99 88.65 7252 69.48
606,2day_am,2,128,FedEx Envelope,409.60,3-4,37,128 409.60 369.92 362.24 307.20 244.48 227.84 26 181.00 150.00 136.33 92.96 76.63 73.43
607,2day_am,2,128,FedEx Pak,369.92,3-4,37,128 409.60 369.92 362.24 307.20 244.48 227.84 26 181.00 150.00 136.33 92.96 76.63 73.43
608,2day_am,2,128,FedEx Box,362.24,3-4,37,128 409.60 369.92 362.24 307.20 244.48 227.84 26 181.00 150.00 136.33 92.96 76.63 73.43
609,2day_am,2,128,FedEx Tube,307.20,3-4,37,128 409.60 369.92 362.24 307.20 244.48 227.84 26 181.00 150.00 136.33 92.96 76.63 73.43
610,2day_am,2,128,Your Packaging,244.48,3-4,37,128 409.60 369.92 362.24 307.20 244.48 227.84 26 181.00 150.00 136.33 92.96 76.63 73.43
611,2day_am,2,134,FedEx Envelope,428.80,3-4,43,134 428.80 387.26 379.22 321.60 255.94 238.52 32 191.76 160.76 152.31 112.90 90.05 84.96
612,2day_am,2,134,FedEx Pak,387.26,3-4,43,134 428.80 387.26 379.22 321.60 255.94 238.52 32 191.76 160.76 152.31 112.90 90.05 84.96
613,2day_am,2,134,FedEx Box,379.22,3-4,43,134 428.80 387.26 379.22 321.60 255.94 238.52 32 191.76 160.76 152.31 112.90 90.05 84.96
614,2day_am,2,134,FedEx Tube,321.60,3-4,43,134 428.80 387.26 379.22 321.60 255.94 238.52 32 191.76 160.76 152.31 112.90 90.05 84.96
615,2day_am,2,134,Your Packaging,255.94,3-4,43,134 428.80 387.26 379.22 321.60 255.94 238.52 32 191.76 160.76 152.31 112.90 90.05 84.96
616,2day_am,2,135,FedEx Envelope,432.00,3-4,44,135 432.00 390.15 382.05 324.00 257.85 240.30 33 20081 16981 155.36 113.80 92.39 86.74
617,2day_am,2,135,FedEx Pak,390.15,3-4,44,135 432.00 390.15 382.05 324.00 257.85 240.30 33 20081 16981 155.36 113.80 92.39 86.74
618,2day_am,2,135,FedEx Box,382.05,3-4,44,135 432.00 390.15 382.05 324.00 257.85 240.30 33 20081 16981 155.36 113.80 92.39 86.74
619,2day_am,2,135,FedEx Tube,324.00,3-4,44,135 432.00 390.15 382.05 324.00 257.85 240.30 33 20081 16981 155.36 113.80 92.39 86.74
620,2day_am,2,135,Your Packaging,257.85,3-4,44,135 432.00 390.15 382.05 324.00 257.85 240.30 33 20081 16981 155.36 113.80 92.39 86.74
621,2day_am,2,136,FedEx Envelope,435.20,3-4,45,"136 435.20 393.04 384.88 326.40 259.76 242.08 34 201.73 170.73 158.83 114,12 94.10 86.99"
622,2day_am,2,136,FedEx Pak,393.04,3-4,45,"136 435.20 393.04 384.88 326.40 259.76 242.08 34 201.73 170.73 158.83 114,12 94.10 86.99"
623,2day_am,2,136,FedEx Box,384.88,3-4,45,"136 435.20 393.04 384.88 326.40 259.76 242.08 34 201.73 170.73 158.83 114,12 94.10 86.99"
624,2day_am,2,136,FedEx Tube,326.40,3-4,45,"136 435.20 393.04 384.88 326.40 259.76 242.08 34 201.73 170.73 158.83 114,12 94.10 86.99"
625,2day_am,2,136,Your Packaging,259.76,3-4,45,"136 435.20 393.04 384.88 326.40 259.76 242.08 34 201.73 170.73 158.83 114,12 94.10 86.99"
626,2day_am,2,137,FedEx Envelope,438.40,3-4,46,137 438.40 395.93 387.71 328.80 261.67 243.86 35 202.23 11.23 161.99 11441 96.96 90.85
627,2day_am,2,137,FedEx Pak,395.93,3-4,46,137 438.40 395.93 387.71 328.80 261.67 243.86 35 202.23 11.23 161.99 11441 96.96 90.85
628,2day_am,2,137,FedEx Box,387.71,3-4,46,137 438.40 395.93 387.71 328.80 261.67 243.86 35 202.23 11.23 161.99 11441 96.96 90.85
629,2day_am,2,137,FedEx Tube,328.80,3-4,46,137 438.40 395.93 387.71 328.80 261.67 243.86 35 202.23 11.23 161.99 11441 96.96 90.85
630,2day_am,2,137,Your Packaging,261.67,3-4,46,137 438.40 395.93 387.71 328.80 261.67 243.86 35 202.23 11.23 161.99 11441 96.96 90.85
631,2day_am,2,140,FedEx Envelope,448.00,3-4,49,140 448.00 404.60 396.20 336.00 267.40 249.20 38 218.48 187.48 171.06 123.79 102.04 9397
632,2day_am,2,140,FedEx Pak,404.60,3-4,49,140 448.00 404.60 396.20 336.00 267.40 249.20 38 218.48 187.48 171.06 123.79 102.04 9397
633,2day_am,2,140,FedEx Box,396.20,3-4,49,140 448.00 404.60 396.20 336.00 267.40 249.20 38 218.48 187.48 171.06 123.79 102.04 9397
634,2day_am,2,140,FedEx Tube,336.00,3-4,49,140 448.00 404.60 396.20 336.00 267.40 249.20 38 218.48 187.48 171.06 123.79 102.04 9397
635,2day_am,2,140,Your Packaging,267.40,3-4,49,140 448.00 404.60 396.20 336.00 267.40 249.20 38 218.48 187.48 171.06 123.79 102.04 9397
636,2day_am,2,144,FedEx Envelope,460.80,3-4,53,"144 460.80 416.16 407.52 345.60 275.04 256.32 42 229,34 198.34 184.30 139.25 112.79 105.74 sFoc Fede"
637,2day_am,2,144,FedEx Pak,416.16,3-4,53,"144 460.80 416.16 407.52 345.60 275.04 256.32 42 229,34 198.34 184.30 139.25 112.79 105.74 sFoc Fede"
638,2day_am,2,144,FedEx Box,407.52,3-4,53,"144 460.80 416.16 407.52 345.60 275.04 256.32 42 229,34 198.34 184.30 139.25 112.79 105.74 sFoc Fede"
639,2day_am,2,144,FedEx Tube,345.60,3-4,53,"144 460.80 416.16 407.52 345.60 275.04 256.32 42 229,34 198.34 184.30 139.25 112.79 105.74 sFoc Fede"
640,2day_am,2,144,Your Packaging,275.04,3-4,53,"144 460.80 416.16 407.52 345.60 275.04 256.32 42 229,34 198.34 184.30 139.25 112.79 105.74 sFoc Fede"
641,2day_am,3,2,FedEx Envelope,58.00,5-6,17,2 58 321.56 290.56 250.73 182.90 146.14 133.65 2 109 4TAAS 44036 431.64 328.09 26051 249.61
642,2day_am,3,2,FedEx Pak,321.56,5-6,17,2 58 321.56 290.56 250.73 182.90 146.14 133.65 2 109 4TAAS 44036 431.64 328.09 26051 249.61
643,2day_am,3,2,FedEx Box,290.56,5-6,17,2 58 321.56 290.56 250.73 182.90 146.14 133.65 2 109 4TAAS 44036 431.64 328.09 26051 249.61
644,2day_am,3,2,FedEx Tube,250.73,5-6,17,2 58 321.56 290.56 250.73 182.90 146.14 133.65 2 109 4TAAS 44036 431.64 328.09 26051 249.61
645,2day_am,3,2,Your Packaging,182.90,5-6,17,2 58 321.56 290.56 250.73 182.90 146.14 133.65 2 109 4TAAS 44036 431.64 328.09 26051 249.61
646,2day_am,3,2,FedEx Envelope,64.00,5-6,23,2 64 353.20 322.20 278.17 204.99 152.15 146.34 205 500.25 464.60 455.40 346.15 27485 263.35
647,2day_am,3,2,FedEx Pak,353.20,5-6,23,2 64 353.20 322.20 278.17 204.99 152.15 146.34 205 500.25 464.60 455.40 346.15 27485 263.35
648,2day_am,3,2,FedEx Box,322.20,5-6,23,2 64 353.20 322.20 278.17 204.99 152.15 146.34 205 500.25 464.60 455.40 346.15 27485 263.35
649,2day_am,3,2,FedEx Tube,278.17,5-6,23,2 64 353.20 322.20 278.17 204.99 152.15 146.34 205 500.25 464.60 455.40 346.15 27485 263.35
650,2day_am,3,2,Your Packaging,204.99,5-6,23,2 64 353.20 322.20 278.17 204.99 152.15 146.34 205 500.25 464.60 455.40 346.15 27485 263.35
651,2day_am,3,68,FedEx Envelope,375.96,5-6,27,68 375.96 344.96 304.56 213.44 161.15 155.01 119 517.65 480.76 471.24 358.19 28441 27251
652,2day_am,3,68,FedEx Pak,344.96,5-6,27,68 375.96 344.96 304.56 213.44 161.15 155.01 119 517.65 480.76 471.24 358.19 28441 27251
653,2day_am,3,68,FedEx Box,304.56,5-6,27,68 375.96 344.96 304.56 213.44 161.15 155.01 119 517.65 480.76 471.24 358.19 28441 27251
654,2day_am,3,68,FedEx Tube,213.44,5-6,27,68 375.96 344.96 304.56 213.44 161.15 155.01 119 517.65 480.76 471.24 358.19 28441 27251
655,2day_am,3,68,Your Packaging,161.15,5-6,27,68 375.96 344.96 304.56 213.44 161.15 155.01 119 517.65 480.76 471.24 358.19 28441 27251
656,2day_am,3,81,FedEx Envelope,419.10,5-6,40,81 419.10 388.70 379.27 236.62 191.29 17457 132 57420 533.28 522.72 397.32 315.48 302.28
657,2day_am,3,81,FedEx Pak,388.70,5-6,40,81 419.10 388.70 379.27 236.62 191.29 17457 132 57420 533.28 522.72 397.32 315.48 302.28
658,2day_am,3,81,FedEx Box,379.27,5-6,40,81 419.10 388.70 379.27 236.62 191.29 17457 132 57420 533.28 522.72 397.32 315.48 302.28
659,2day_am,3,81,FedEx Tube,236.62,5-6,40,81 419.10 388.70 379.27 236.62 191.29 17457 132 57420 533.28 522.72 397.32 315.48 302.28
660,2day_am,3,81,Your Packaging,191.29,5-6,40,81 419.10 388.70 379.27 236.62 191.29 17457 132 57420 533.28 522.72 397.32 315.48 302.28
661,2day_am,3,82,FedEx Envelope,420.60,5-6,41,82 420.60 389.60 380.07 256.12 192.29 181.88 133 57855 53732 526.68 400.33 31787 304.57
662,2day_am,3,82,FedEx Pak,389.60,5-6,41,82 420.60 389.60 380.07 256.12 192.29 181.88 133 57855 53732 526.68 400.33 31787 304.57
663,2day_am,3,82,FedEx Box,380.07,5-6,41,82 420.60 389.60 380.07 256.12 192.29 181.88 133 57855 53732 526.68 400.33 31787 304.57
664,2day_am,3,82,FedEx Tube,256.12,5-6,41,82 420.60 389.60 380.07 256.12 192.29 181.88 133 57855 53732 526.68 400.33 31787 304.57
665,2day_am,3,82,Your Packaging,192.29,5-6,41,82 420.60 389.60 380.07 256.12 192.29 181.88 133 57855 53732 526.68 400.33 31787 304.57
666,2day_am,3,83,FedEx Envelope,421.40,5-6,42,83 421.40 390.40 382.40 259.35 195.31 183.02 134 582.90 541.36 530.64 40334 320.26 306.86
667,2day_am,3,83,FedEx Pak,390.40,5-6,42,83 421.40 390.40 382.40 259.35 195.31 183.02 134 582.90 541.36 530.64 40334 320.26 306.86
668,2day_am,3,83,FedEx Box,382.40,5-6,42,83 421.40 390.40 382.40 259.35 195.31 183.02 134 582.90 541.36 530.64 40334 320.26 306.86
669,2day_am,3,83,FedEx Tube,259.35,5-6,42,83 421.40 390.40 382.40 259.35 195.31 183.02 134 582.90 541.36 530.64 40334 320.26 306.86
670,2day_am,3,83,Your Packaging,195.31,5-6,42,83 421.40 390.40 382.40 259.35 195.31 183.02 134 582.90 541.36 530.64 40334 320.26 306.86
671,2day_am,3,84,FedEx Envelope,422.20,5-6,43,84 422.20 391.20 383.20 260.48 196.43 198.94 135 587.25 545.40 534.60 406.35 322.65 309.15
672,2day_am,3,84,FedEx Pak,391.20,5-6,43,84 422.20 391.20 383.20 260.48 196.43 198.94 135 587.25 545.40 534.60 406.35 322.65 309.15
673,2day_am,3,84,FedEx Box,383.20,5-6,43,84 422.20 391.20 383.20 260.48 196.43 198.94 135 587.25 545.40 534.60 406.35 322.65 309.15
674,2day_am,3,84,FedEx Tube,260.48,5-6,43,84 422.20 391.20 383.20 260.48 196.43 198.94 135 587.25 545.40 534.60 406.35 322.65 309.15
675,2day_am,3,84,Your Packaging,196.43,5-6,43,84 422.20 391.20 383.20 260.48 196.43 198.94 135 587.25 545.40 534.60 406.35 322.65 309.15
676,2day_am,3,85,FedEx Envelope,423.00,5-6,44,85 423.00 392.00 384.00 261.59 200.0 193.24 136 591.60 549.44 538.56 40936 325.04 311.44
677,2day_am,3,85,FedEx Pak,392.00,5-6,44,85 423.00 392.00 384.00 261.59 200.0 193.24 136 591.60 549.44 538.56 40936 325.04 311.44
678,2day_am,3,85,FedEx Box,384.00,5-6,44,85 423.00 392.00 384.00 261.59 200.0 193.24 136 591.60 549.44 538.56 40936 325.04 311.44
679,2day_am,3,85,FedEx Tube,261.59,5-6,44,85 423.00 392.00 384.00 261.59 200.0 193.24 136 591.60 549.44 538.56 40936 325.04 311.44
680,2day_am,3,85,Your Packaging,200.00,5-6,44,85 423.00 392.00 384.00 261.59 200.0 193.24 136 591.60 549.44 538.56 40936 325.04 311.44
681,2day_am,3,87,FedEx Envelope,424.60,5-6,46,87 424.60 393.60 385.60 263.91 208.18 200.26 138 60030 55752 546.48 41538 329.82 316.02
682,2day_am,3,87,FedEx Pak,393.60,5-6,46,87 424.60 393.60 385.60 263.91 208.18 200.26 138 60030 55752 546.48 41538 329.82 316.02
683,2day_am,3,87,FedEx Box,385.60,5-6,46,87 424.60 393.60 385.60 263.91 208.18 200.26 138 60030 55752 546.48 41538 329.82 316.02
684,2day_am,3,87,FedEx Tube,263.91,5-6,46,87 424.60 393.60 385.60 263.91 208.18 200.26 138 60030 55752 546.48 41538 329.82 316.02
685,2day_am,3,87,Your Packaging,208.18,5-6,46,87 424.60 393.60 385.60 263.91 208.18 200.26 138 60030 55752 546.48 41538 329.82 316.02
686,2day_am,3,88,FedEx Envelope,425.40,5-6,47,88 425.40 394.40 386.40 265.25 209.32 201.06 139 60465 561.56 550.44 41839 33221 31831
687,2day_am,3,88,FedEx Pak,394.40,5-6,47,88 425.40 394.40 386.40 265.25 209.32 201.06 139 60465 561.56 550.44 41839 33221 31831
688,2day_am,3,88,FedEx Box,386.40,5-6,47,88 425.40 394.40 386.40 265.25 209.32 201.06 139 60465 561.56 550.44 41839 33221 31831
689,2day_am,3,88,FedEx Tube,265.25,5-6,47,88 425.40 394.40 386.40 265.25 209.32 201.06 139 60465 561.56 550.44 41839 33221 31831
690,2day_am,3,88,Your Packaging,209.32,5-6,47,88 425.40 394.40 386.40 265.25 209.32 201.06 139 60465 561.56 550.44 41839 33221 31831
691,2day_am,3,89,FedEx Envelope,426.20,5-6,48,89 426.20 395.20 387.20 266.36 210.42 201.86 140 609.00 565.60 554.40 421.40 33460 320.60
692,2day_am,3,89,FedEx Pak,395.20,5-6,48,89 426.20 395.20 387.20 266.36 210.42 201.86 140 609.00 565.60 554.40 421.40 33460 320.60
693,2day_am,3,89,FedEx Box,387.20,5-6,48,89 426.20 395.20 387.20 266.36 210.42 201.86 140 609.00 565.60 554.40 421.40 33460 320.60
694,2day_am,3,89,FedEx Tube,266.36,5-6,48,89 426.20 395.20 387.20 266.36 210.42 201.86 140 609.00 565.60 554.40 421.40 33460 320.60
695,2day_am,3,89,Your Packaging,210.42,5-6,48,89 426.20 395.20 387.20 266.36 210.42 201.86 140 609.00 565.60 554.40 421.40 33460 320.60
696,2day_am,3,92,FedEx Envelope,428.60,5-6,51,92 428.60 397.60 389.60 274.88 213.74 205.60 143 622.05 577.22 566.28 430.43 341.77 327.47
697,2day_am,3,92,FedEx Pak,397.60,5-6,51,92 428.60 397.60 389.60 274.88 213.74 205.60 143 622.05 577.22 566.28 430.43 341.77 327.47
698,2day_am,3,92,FedEx Box,389.60,5-6,51,92 428.60 397.60 389.60 274.88 213.74 205.60 143 622.05 577.22 566.28 430.43 341.77 327.47
699,2day_am,3,92,FedEx Tube,274.88,5-6,51,92 428.60 397.60 389.60 274.88 213.74 205.60 143 622.05 577.22 566.28 430.43 341.77 327.47
700,2day_am,3,92,Your Packaging,213.74,5-6,51,92 428.60 397.60 389.60 274.88 213.74 205.60 143 622.05 577.22 566.28 430.43 341.77 327.47
701,2day_am,3,100,FedEx Envelope,435.00,5-6,60,100 435.00 404.00 396.00 301.00 239.00 229.00 ay 8pm toresidences.
702,2day_am,3,100,FedEx Pak,404.00,5-6,60,100 435.00 404.00 396.00 301.00 239.00 229.00 ay 8pm toresidences.
703,2day_am,3,100,FedEx Box,396.00,5-6,60,100 435.00 404.00 396.00 301.00 239.00 229.00 ay 8pm toresidences.
704,2day_am,3,100,FedEx Tube,301.00,5-6,60,100 435.00 404.00 396.00 301.00 239.00 229.00 ay 8pm toresidences.
705,2day_am,3,100,Your Packaging,239.00,5-6,60,100 435.00 404.00 396.00 301.00 239.00 229.00 ay 8pm toresidences.
706,2day_am,4,2,FedEx Envelope,15.00,7-8,25,2 15 224.08 193.08 184.11 82.68 66.88 6034 B 66 591.79 560.79 545.79 268.04 197.49 189.96
707,2day_am,4,2,FedEx Pak,224.08,7-8,25,2 15 224.08 193.08 184.11 82.68 66.88 6034 B 66 591.79 560.79 545.79 268.04 197.49 189.96
708,2day_am,4,2,FedEx Box,193.08,7-8,25,2 15 224.08 193.08 184.11 82.68 66.88 6034 B 66 591.79 560.79 545.79 268.04 197.49 189.96
709,2day_am,4,2,FedEx Tube,184.11,7-8,25,2 15 224.08 193.08 184.11 82.68 66.88 6034 B 66 591.79 560.79 545.79 268.04 197.49 189.96
710,2day_am,4,2,Your Packaging,82.68,7-8,25,2 15 224.08 193.08 184.11 82.68 66.88 6034 B 66 591.79 560.79 545.79 268.04 197.49 189.96
711,2day_am,4,19,FedEx Envelope,250.78,7-8,29,19 250.78 219.78 211.06 96.05 77.10 69.88 70 602.19 571.19 552.71 278.93 21.19 200.92
712,2day_am,4,19,FedEx Pak,219.78,7-8,29,19 250.78 219.78 211.06 96.05 77.10 69.88 70 602.19 571.19 552.71 278.93 21.19 200.92
713,2day_am,4,19,FedEx Box,211.06,7-8,29,19 250.78 219.78 211.06 96.05 77.10 69.88 70 602.19 571.19 552.71 278.93 21.19 200.92
714,2day_am,4,19,FedEx Tube,96.05,7-8,29,19 250.78 219.78 211.06 96.05 77.10 69.88 70 602.19 571.19 552.71 278.93 21.19 200.92
715,2day_am,4,19,Your Packaging,77.10,7-8,29,19 250.78 219.78 211.06 96.05 77.10 69.88 70 602.19 571.19 552.71 278.93 21.19 200.92
716,2day_am,4,21,FedEx Envelope,271.88,7-8,31,21 271.88 240.88 229.73 103.48 83.73 7358 R 640.97 609.97 591.58 285.78 212.46 203.11
717,2day_am,4,21,FedEx Pak,240.88,7-8,31,21 271.88 240.88 229.73 103.48 83.73 7358 R 640.97 609.97 591.58 285.78 212.46 203.11
718,2day_am,4,21,FedEx Box,229.73,7-8,31,21 271.88 240.88 229.73 103.48 83.73 7358 R 640.97 609.97 591.58 285.78 212.46 203.11
719,2day_am,4,21,FedEx Tube,103.48,7-8,31,21 271.88 240.88 229.73 103.48 83.73 7358 R 640.97 609.97 591.58 285.78 212.46 203.11
720,2day_am,4,21,Your Packaging,83.73,7-8,31,21 271.88 240.88 229.73 103.48 83.73 7358 R 640.97 609.97 591.58 285.78 212.46 203.11
721,2day_am,4,22,FedEx Envelope,278.09,7-8,32,22 278.09 247.09 235.66 110.42 86.04 76.79 73 644.67 613.67 595.29 292.01 213.50 203.70
722,2day_am,4,22,FedEx Pak,247.09,7-8,32,22 278.09 247.09 235.66 110.42 86.04 76.79 73 644.67 613.67 595.29 292.01 213.50 203.70
723,2day_am,4,22,FedEx Box,235.66,7-8,32,22 278.09 247.09 235.66 110.42 86.04 76.79 73 644.67 613.67 595.29 292.01 213.50 203.70
724,2day_am,4,22,FedEx Tube,110.42,7-8,32,22 278.09 247.09 235.66 110.42 86.04 76.79 73 644.67 613.67 595.29 292.01 213.50 203.70
725,2day_am,4,22,Your Packaging,86.04,7-8,32,22 278.09 247.09 235.66 110.42 86.04 76.79 73 644.67 613.67 595.29 292.01 213.50 203.70
726,2day_am,4,25,FedEx Envelope,297.19,7-8,35,25 297.19 266.19 247.73 118.05 93.73 86.75 76 649.58 618.58 600.21 29490 216.26 206.54
727,2day_am,4,25,FedEx Pak,266.19,7-8,35,25 297.19 266.19 247.73 118.05 93.73 86.75 76 649.58 618.58 600.21 29490 216.26 206.54
728,2day_am,4,25,FedEx Box,247.73,7-8,35,25 297.19 266.19 247.73 118.05 93.73 86.75 76 649.58 618.58 600.21 29490 216.26 206.54
729,2day_am,4,25,FedEx Tube,118.05,7-8,35,25 297.19 266.19 247.73 118.05 93.73 86.75 76 649.58 618.58 600.21 29490 216.26 206.54
730,2day_am,4,25,Your Packaging,93.73,7-8,35,25 297.19 266.19 247.73 118.05 93.73 86.75 76 649.58 618.58 600.21 29490 216.26 206.54
731,2day_am,4,28,FedEx Envelope,327.34,7-8,38,"28 327.34 296.34 275.38 129.46 101.98 95.31 79 665.02 634.02 619.02 298.26 226.03, 209.96"
732,2day_am,4,28,FedEx Pak,296.34,7-8,38,"28 327.34 296.34 275.38 129.46 101.98 95.31 79 665.02 634.02 619.02 298.26 226.03, 209.96"
733,2day_am,4,28,FedEx Box,275.38,7-8,38,"28 327.34 296.34 275.38 129.46 101.98 95.31 79 665.02 634.02 619.02 298.26 226.03, 209.96"
734,2day_am,4,28,FedEx Tube,129.46,7-8,38,"28 327.34 296.34 275.38 129.46 101.98 95.31 79 665.02 634.02 619.02 298.26 226.03, 209.96"
735,2day_am,4,28,Your Packaging,101.98,7-8,38,"28 327.34 296.34 275.38 129.46 101.98 95.31 79 665.02 634.02 619.02 298.26 226.03, 209.96"
736,2day_am,4,29,FedEx Envelope,334.10,7-8,39,29 334.10 303.10 282.08 132.25 104.99 98.06 80 666.57 635.57 620.56 299.40 227.14 m2
737,2day_am,4,29,FedEx Pak,303.10,7-8,39,29 334.10 303.10 282.08 132.25 104.99 98.06 80 666.57 635.57 620.56 299.40 227.14 m2
738,2day_am,4,29,FedEx Box,282.08,7-8,39,29 334.10 303.10 282.08 132.25 104.99 98.06 80 666.57 635.57 620.56 299.40 227.14 m2
739,2day_am,4,29,FedEx Tube,132.25,7-8,39,29 334.10 303.10 282.08 132.25 104.99 98.06 80 666.57 635.57 620.56 299.40 227.14 m2
740,2day_am,4,29,Your Packaging,104.99,7-8,39,29 334.10 303.10 282.08 132.25 104.99 98.06 80 666.57 635.57 620.56 299.40 227.14 m2
741,2day_am,4,31,FedEx Envelope,347.68,7-8,41,31 347.68 316.68 294.94 137.89 111.56 101.20 82 700.92 66992 650.86 319.27 229.36 20.59
742,2day_am,4,31,FedEx Pak,316.68,7-8,41,31 347.68 316.68 294.94 137.89 111.56 101.20 82 700.92 66992 650.86 319.27 229.36 20.59
743,2day_am,4,31,FedEx Box,294.94,7-8,41,31 347.68 316.68 294.94 137.89 111.56 101.20 82 700.92 66992 650.86 319.27 229.36 20.59
744,2day_am,4,31,FedEx Tube,137.89,7-8,41,31 347.68 316.68 294.94 137.89 111.56 101.20 82 700.92 66992 650.86 319.27 229.36 20.59
745,2day_am,4,31,Your Packaging,111.56,7-8,41,31 347.68 316.68 294.94 137.89 111.56 101.20 82 700.92 66992 650.86 319.27 229.36 20.59
746,2day_am,4,34,FedEx Envelope,366.66,7-8,44,34 366.66 335.66 317.48 151.72 120.41 108.76 85 704.15 673.15 654.89 32422 245.87 228.95
747,2day_am,4,34,FedEx Pak,335.66,7-8,44,34 366.66 335.66 317.48 151.72 120.41 108.76 85 704.15 673.15 654.89 32422 245.87 228.95
748,2day_am,4,34,FedEx Box,317.48,7-8,44,34 366.66 335.66 317.48 151.72 120.41 108.76 85 704.15 673.15 654.89 32422 245.87 228.95
749,2day_am,4,34,FedEx Tube,151.72,7-8,44,34 366.66 335.66 317.48 151.72 120.41 108.76 85 704.15 673.15 654.89 32422 245.87 228.95
750,2day_am,4,34,Your Packaging,120.41,7-8,44,34 366.66 335.66 317.48 151.72 120.41 108.76 85 704.15 673.15 654.89 32422 245.87 228.95
751,2day_am,4,35,FedEx Envelope,367.38,7-8,45,35 367.38 336.38 318.19 152.00 123.01 11191 86 706.08 675.08 656.81 325.45 247.09 229.75
752,2day_am,4,35,FedEx Pak,336.38,7-8,45,35 367.38 336.38 318.19 152.00 123.01 11191 86 706.08 675.08 656.81 325.45 247.09 229.75
753,2day_am,4,35,FedEx Box,318.19,7-8,45,35 367.38 336.38 318.19 152.00 123.01 11191 86 706.08 675.08 656.81 325.45 247.09 229.75
754,2day_am,4,35,FedEx Tube,152.00,7-8,45,35 367.38 336.38 318.19 152.00 123.01 11191 86 706.08 675.08 656.81 325.45 247.09 229.75
755,2day_am,4,35,Your Packaging,123.01,7-8,45,35 367.38 336.38 318.19 152.00 123.01 11191 86 706.08 675.08 656.81 325.45 247.09 229.75
756,2day_am,4,36,FedEx Envelope,380.69,7-8,46,36 380.69 349.69 331.55 155.17 125.56 116.10 87 73031 69931 681.10 326.98 248.18 230.55
757,2day_am,4,36,FedEx Pak,349.69,7-8,46,36 380.69 349.69 331.55 155.17 125.56 116.10 87 73031 69931 681.10 326.98 248.18 230.55
758,2day_am,4,36,FedEx Box,331.55,7-8,46,36 380.69 349.69 331.55 155.17 125.56 116.10 87 73031 69931 681.10 326.98 248.18 230.55
759,2day_am,4,36,FedEx Tube,155.17,7-8,46,36 380.69 349.69 331.55 155.17 125.56 116.10 87 73031 69931 681.10 326.98 248.18 230.55
760,2day_am,4,36,Your Packaging,125.56,7-8,46,36 380.69 349.69 331.55 155.17 125.56 116.10 87 73031 69931 681.10 326.98 248.18 230.55
761,2day_am,4,37,FedEx Envelope,388.84,7-8,47,37 388.84 357.84 339.72 155.53 128.60 11653 88 732.74 701.74 683.55 328.10 249.29 231.35
762,2day_am,4,37,FedEx Pak,357.84,7-8,47,37 388.84 357.84 339.72 155.53 128.60 11653 88 732.74 701.74 683.55 328.10 249.29 231.35
763,2day_am,4,37,FedEx Box,339.72,7-8,47,37 388.84 357.84 339.72 155.53 128.60 11653 88 732.74 701.74 683.55 328.10 249.29 231.35
764,2day_am,4,37,FedEx Tube,155.53,7-8,47,37 388.84 357.84 339.72 155.53 128.60 11653 88 732.74 701.74 683.55 328.10 249.29 231.35
765,2day_am,4,37,Your Packaging,128.60,7-8,47,37 388.84 357.84 339.72 155.53 128.60 11653 88 732.74 701.74 683.55 328.10 249.29 231.35
766,2day_am,4,38,FedEx Envelope,394.44,7-8,48,38 394.44 363.44 345.35 161.37 131.85 119.88 89 75479 72379 702.48 32921 250.40 232.15
767,2day_am,4,38,FedEx Pak,363.44,7-8,48,38 394.44 363.44 345.35 161.37 131.85 119.88 89 75479 72379 702.48 32921 250.40 232.15
768,2day_am,4,38,FedEx Box,345.35,7-8,48,38 394.44 363.44 345.35 161.37 131.85 119.88 89 75479 72379 702.48 32921 250.40 232.15
769,2day_am,4,38,FedEx Tube,161.37,7-8,48,38 394.44 363.44 345.35 161.37 131.85 119.88 89 75479 72379 702.48 32921 250.40 232.15
770,2day_am,4,38,Your Packaging,131.85,7-8,48,38 394.44 363.44 345.35 161.37 131.85 119.88 89 75479 72379 702.48 32921 250.40 232.15
771,2day_am,4,39,FedEx Envelope,400.73,7-8,49,39 400.73 369.73 348.36 161.96 134.07 122.08 90 757.00 726.00 710.18 330.34 251.52 232.95
772,2day_am,4,39,FedEx Pak,369.73,7-8,49,39 400.73 369.73 348.36 161.96 134.07 122.08 90 757.00 726.00 710.18 330.34 251.52 232.95
773,2day_am,4,39,FedEx Box,348.36,7-8,49,39 400.73 369.73 348.36 161.96 134.07 122.08 90 757.00 726.00 710.18 330.34 251.52 232.95
774,2day_am,4,39,FedEx Tube,161.96,7-8,49,39 400.73 369.73 348.36 161.96 134.07 122.08 90 757.00 726.00 710.18 330.34 251.52 232.95
775,2day_am,4,39,Your Packaging,134.07,7-8,49,39 400.73 369.73 348.36 161.96 134.07 122.08 90 757.00 726.00 710.18 330.34 251.52 232.95
776,2day_am,4,41,FedEx Envelope,414.26,7-8,51,41 414.26 383.26 361.79 171.60 138.86 126.72 92 758.60 72760 712.60 35037 25372 244.04
777,2day_am,4,41,FedEx Pak,383.26,7-8,51,41 414.26 383.26 361.79 171.60 138.86 126.72 92 758.60 72760 712.60 35037 25372 244.04
778,2day_am,4,41,FedEx Box,361.79,7-8,51,41 414.26 383.26 361.79 171.60 138.86 126.72 92 758.60 72760 712.60 35037 25372 244.04
779,2day_am,4,41,FedEx Tube,171.60,7-8,51,41 414.26 383.26 361.79 171.60 138.86 126.72 92 758.60 72760 712.60 35037 25372 244.04
780,2day_am,4,41,Your Packaging,138.86,7-8,51,41 414.26 383.26 361.79 171.60 138.86 126.72 92 758.60 72760 712.60 35037 25372 244.04
781,2day_am,4,42,FedEx Envelope,419.16,7-8,52,42 419.16 388.16 366.68 177.19 141.69 129.60 sor Fedx Express Multneight® per-pound ates see pp.31-3
782,2day_am,4,42,FedEx Pak,388.16,7-8,52,42 419.16 388.16 366.68 177.19 141.69 129.60 sor Fedx Express Multneight® per-pound ates see pp.31-3
783,2day_am,4,42,FedEx Box,366.68,7-8,52,42 419.16 388.16 366.68 177.19 141.69 129.60 sor Fedx Express Multneight® per-pound ates see pp.31-3
784,2day_am,4,42,FedEx Tube,177.19,7-8,52,42 419.16 388.16 366.68 177.19 141.69 129.60 sor Fedx Express Multneight® per-pound ates see pp.31-3
785,2day_am,4,42,Your Packaging,141.69,7-8,52,42 419.16 388.16 366.68 177.19 141.69 129.60 sor Fedx Express Multneight® per-pound ates see pp.31-3
786,2day_am,4,43,FedEx Envelope,429.10,7-8,53,43 429.10 398.10 376.55 181.14 143.85 132.02 2Z1P code and zone alignments are subject to change wit
787,2day_am,4,43,FedEx Pak,398.10,7-8,53,43 429.10 398.10 376.55 181.14 143.85 132.02 2Z1P code and zone alignments are subject to change wit
788,2day_am,4,43,FedEx Box,376.55,7-8,53,43 429.10 398.10 376.55 181.14 143.85 132.02 2Z1P code and zone alignments are subject to change wit
789,2day_am,4,43,FedEx Tube,181.14,7-8,53,43 429.10 398.10 376.55 181.14 143.85 132.02 2Z1P code and zone alignments are subject to change wit
790,2day_am,4,43,Your Packaging,143.85,7-8,53,43 429.10 398.10 376.55 181.14 143.85 132.02 2Z1P code and zone alignments are subject to change wit
791,2day_am,4,45,FedEx Envelope,440.15,7-8,55,45 440.15 409.15 391.23 195.19 149.25 135.39 4Same time for businesses and residences. 96 761.80 730
792,2day_am,4,45,FedEx Pak,409.15,7-8,55,45 440.15 409.15 391.23 195.19 149.25 135.39 4Same time for businesses and residences. 96 761.80 730
793,2day_am,4,45,FedEx Box,391.23,7-8,55,45 440.15 409.15 391.23 195.19 149.25 135.39 4Same time for businesses and residences. 96 761.80 730
794,2day_am,4,45,FedEx Tube,195.19,7-8,55,45 440.15 409.15 391.23 195.19 149.25 135.39 4Same time for businesses and residences. 96 761.80 730
795,2day_am,4,45,Your Packaging,149.25,7-8,55,45 440.15 409.15 391.23 195.19 149.25 135.39 4Same time for businesses and residences. 96 761.80 730
796,2day_am,4,2,FedEx Envelope,1122.00,9-10,21,2 1122 856.80 822.08 805.28 442.40 344.96 329.28 z 10 187.39 156.39 153.32 93.04 77 5699
797,2day_am,4,2,FedEx Pak,856.80,9-10,21,2 1122 856.80 822.08 805.28 442.40 344.96 329.28 z 10 187.39 156.39 153.32 93.04 77 5699
798,2day_am,4,2,FedEx Box,822.08,9-10,21,2 1122 856.80 822.08 805.28 442.40 344.96 329.28 z 10 187.39 156.39 153.32 93.04 77 5699
799,2day_am,4,2,FedEx Tube,805.28,9-10,21,2 1122 856.80 822.08 805.28 442.40 344.96 329.28 z 10 187.39 156.39 153.32 93.04 77 5699
800,2day_am,4,2,Your Packaging,442.40,9-10,21,2 1122 856.80 822.08 805.28 442.40 344.96 329.28 z 10 187.39 156.39 153.32 93.04 77 5699
801,2day_am,4,2,FedEx Envelope,13.00,9-10,22,"2 13 864.45 829.42 812.47 446.35 348.04 332.22 z "" 23039 199.39 1151 93.66 8252 60.24"
802,2day_am,4,2,FedEx Pak,864.45,9-10,22,"2 13 864.45 829.42 812.47 446.35 348.04 332.22 z "" 23039 199.39 1151 93.66 8252 60.24"
803,2day_am,4,2,FedEx Box,829.42,9-10,22,"2 13 864.45 829.42 812.47 446.35 348.04 332.22 z "" 23039 199.39 1151 93.66 8252 60.24"
804,2day_am,4,2,FedEx Tube,812.47,9-10,22,"2 13 864.45 829.42 812.47 446.35 348.04 332.22 z "" 23039 199.39 1151 93.66 8252 60.24"
805,2day_am,4,2,Your Packaging,446.35,9-10,22,"2 13 864.45 829.42 812.47 446.35 348.04 332.22 z "" 23039 199.39 1151 93.66 8252 60.24"
806,2day_am,4,118,FedEx Envelope,902.70,9-10,27,118 902.70 866.12 848.42 466.10 363.44 346.92 = 16 273.13 242.13 209.01 126.36 10481 84.29
807,2day_am,4,118,FedEx Pak,866.12,9-10,27,118 902.70 866.12 848.42 466.10 363.44 346.92 = 16 273.13 242.13 209.01 126.36 10481 84.29
808,2day_am,4,118,FedEx Box,848.42,9-10,27,118 902.70 866.12 848.42 466.10 363.44 346.92 = 16 273.13 242.13 209.01 126.36 10481 84.29
809,2day_am,4,118,FedEx Tube,466.10,9-10,27,118 902.70 866.12 848.42 466.10 363.44 346.92 = 16 273.13 242.13 209.01 126.36 10481 84.29
810,2day_am,4,118,Your Packaging,363.44,9-10,27,118 902.70 866.12 848.42 466.10 363.44 346.92 = 16 273.13 242.13 209.01 126.36 10481 84.29
811,2day_am,4,123,FedEx Envelope,940.95,9-10,32,123 940.95 902.82 884.37 485.85 378.84 361.62 21 28631 25531 243.51 157.19 12797 95.468
812,2day_am,4,123,FedEx Pak,902.82,9-10,32,123 940.95 902.82 884.37 485.85 378.84 361.62 21 28631 25531 243.51 157.19 12797 95.468
813,2day_am,4,123,FedEx Box,884.37,9-10,32,123 940.95 902.82 884.37 485.85 378.84 361.62 21 28631 25531 243.51 157.19 12797 95.468
814,2day_am,4,123,FedEx Tube,485.85,9-10,32,123 940.95 902.82 884.37 485.85 378.84 361.62 21 28631 25531 243.51 157.19 12797 95.468
815,2day_am,4,123,Your Packaging,378.84,9-10,32,123 940.95 902.82 884.37 485.85 378.84 361.62 21 28631 25531 243.51 157.19 12797 95.468
816,2day_am,4,124,FedEx Envelope,948.60,9-10,33,124 948.60 910.16 891.56 489.80 381.92 364.56 22 29371 26271 256.37 161.59 13158 101.71
817,2day_am,4,124,FedEx Pak,910.16,9-10,33,124 948.60 910.16 891.56 489.80 381.92 364.56 22 29371 26271 256.37 161.59 13158 101.71
818,2day_am,4,124,FedEx Box,891.56,9-10,33,124 948.60 910.16 891.56 489.80 381.92 364.56 22 29371 26271 256.37 161.59 13158 101.71
819,2day_am,4,124,FedEx Tube,489.80,9-10,33,124 948.60 910.16 891.56 489.80 381.92 364.56 22 29371 26271 256.37 161.59 13158 101.71
820,2day_am,4,124,Your Packaging,381.92,9-10,33,124 948.60 910.16 891.56 489.80 381.92 364.56 22 29371 26271 256.37 161.59 13158 101.71
821,2day_am,4,127,FedEx Envelope,971.55,9-10,36,127 971.55 932.18 913.13 501.65 391.16 373.38 25 318.45 287.45 269.32 178.63 145.41 11234
822,2day_am,4,127,FedEx Pak,932.18,9-10,36,127 971.55 932.18 913.13 501.65 391.16 373.38 25 318.45 287.45 269.32 178.63 145.41 11234
823,2day_am,4,127,FedEx Box,913.13,9-10,36,127 971.55 932.18 913.13 501.65 391.16 373.38 25 318.45 287.45 269.32 178.63 145.41 11234
824,2day_am,4,127,FedEx Tube,501.65,9-10,36,127 971.55 932.18 913.13 501.65 391.16 373.38 25 318.45 287.45 269.32 178.63 145.41 11234
825,2day_am,4,127,Your Packaging,391.16,9-10,36,127 971.55 932.18 913.13 501.65 391.16 373.38 25 318.45 287.45 269.32 178.63 145.41 11234
826,2day_am,4,131,FedEx Envelope,1002.15,9-10,40,"131 1,002.15 961.54 941.89 517.45 403.48 385.14 29 35030 31930 298.46 200.16 162.98 126.09"
827,2day_am,4,131,FedEx Pak,961.54,9-10,40,"131 1,002.15 961.54 941.89 517.45 403.48 385.14 29 35030 31930 298.46 200.16 162.98 126.09"
828,2day_am,4,131,FedEx Box,941.89,9-10,40,"131 1,002.15 961.54 941.89 517.45 403.48 385.14 29 35030 31930 298.46 200.16 162.98 126.09"
829,2day_am,4,131,FedEx Tube,517.45,9-10,40,"131 1,002.15 961.54 941.89 517.45 403.48 385.14 29 35030 31930 298.46 200.16 162.98 126.09"
830,2day_am,4,131,Your Packaging,403.48,9-10,40,"131 1,002.15 961.54 941.89 517.45 403.48 385.14 29 35030 31930 298.46 200.16 162.98 126.09"
831,2day_am,4,135,FedEx Envelope,1032.75,9-10,44,"135 1,032.75 990.90 970.65 533.25 415.80 396.90 33 391.53 36053 330.71 221.08 180,00 140.26"
832,2day_am,4,135,FedEx Pak,990.90,9-10,44,"135 1,032.75 990.90 970.65 533.25 415.80 396.90 33 391.53 36053 330.71 221.08 180,00 140.26"
833,2day_am,4,135,FedEx Box,970.65,9-10,44,"135 1,032.75 990.90 970.65 533.25 415.80 396.90 33 391.53 36053 330.71 221.08 180,00 140.26"
834,2day_am,4,135,FedEx Tube,533.25,9-10,44,"135 1,032.75 990.90 970.65 533.25 415.80 396.90 33 391.53 36053 330.71 221.08 180,00 140.26"
835,2day_am,4,135,Your Packaging,415.80,9-10,44,"135 1,032.75 990.90 970.65 533.25 415.80 396.90 33 391.53 36053 330.71 221.08 180,00 140.26"
836,2day_am,4,136,FedEx Envelope,1040.40,9-10,45,"136 1,040.40 998.24 977.84 537.20 418.88 399.84 34 393.80 362.80 339.87 224.60 186.30 143.66"
837,2day_am,4,136,FedEx Pak,998.24,9-10,45,"136 1,040.40 998.24 977.84 537.20 418.88 399.84 34 393.80 362.80 339.87 224.60 186.30 143.66"
838,2day_am,4,136,FedEx Box,977.84,9-10,45,"136 1,040.40 998.24 977.84 537.20 418.88 399.84 34 393.80 362.80 339.87 224.60 186.30 143.66"
839,2day_am,4,136,FedEx Tube,537.20,9-10,45,"136 1,040.40 998.24 977.84 537.20 418.88 399.84 34 393.80 362.80 339.87 224.60 186.30 143.66"
840,2day_am,4,136,Your Packaging,418.88,9-10,45,"136 1,040.40 998.24 977.84 537.20 418.88 399.84 34 393.80 362.80 339.87 224.60 186.30 143.66"
841,2day_am,4,137,FedEx Envelope,1048.05,9-10,46,"137 1,048.05 1,005.58 985.03 541.15 421.96 402.78 35 39421 363.21 345.37 225.41 199.99 14727"
842,2day_am,4,137,FedEx Pak,1005.58,9-10,46,"137 1,048.05 1,005.58 985.03 541.15 421.96 402.78 35 39421 363.21 345.37 225.41 199.99 14727"
843,2day_am,4,137,FedEx Box,985.03,9-10,46,"137 1,048.05 1,005.58 985.03 541.15 421.96 402.78 35 39421 363.21 345.37 225.41 199.99 14727"
844,2day_am,4,137,FedEx Tube,541.15,9-10,46,"137 1,048.05 1,005.58 985.03 541.15 421.96 402.78 35 39421 363.21 345.37 225.41 199.99 14727"
845,2day_am,4,137,Your Packaging,421.96,9-10,46,"137 1,048.05 1,005.58 985.03 541.15 421.96 402.78 35 39421 363.21 345.37 225.41 199.99 14727"
846,2day_am,4,140,FedEx Envelope,1071.00,9-10,49,"140 1071.00 1,027.60 1,006.60 553.00 431.20 411.60 38 421.06 390.06 371.05 23483 202.92 157.72"
847,2day_am,4,140,FedEx Pak,1027.60,9-10,49,"140 1071.00 1,027.60 1,006.60 553.00 431.20 411.60 38 421.06 390.06 371.05 23483 202.92 157.72"
848,2day_am,4,140,FedEx Box,1006.60,9-10,49,"140 1071.00 1,027.60 1,006.60 553.00 431.20 411.60 38 421.06 390.06 371.05 23483 202.92 157.72"
849,2day_am,4,140,FedEx Tube,553.00,9-10,49,"140 1071.00 1,027.60 1,006.60 553.00 431.20 411.60 38 421.06 390.06 371.05 23483 202.92 157.72"
850,2day_am,4,140,Your Packaging,431.20,9-10,49,"140 1071.00 1,027.60 1,006.60 553.00 431.20 411.60 38 421.06 390.06 371.05 23483 202.92 157.72"
851,2day_am,4,146,FedEx Envelope,1116.90,9-10,55,"146 1,116.90 1,071.64 1,049.74 576.70 449.68 429.24 ""For FedEx Express Multiweight® per-pound rates,"
852,2day_am,4,146,FedEx Pak,1071.64,9-10,55,"146 1,116.90 1,071.64 1,049.74 576.70 449.68 429.24 ""For FedEx Express Multiweight® per-pound rates,"
853,2day_am,4,146,FedEx Box,1049.74,9-10,55,"146 1,116.90 1,071.64 1,049.74 576.70 449.68 429.24 ""For FedEx Express Multiweight® per-pound rates,"
854,2day_am,4,146,FedEx Tube,576.70,9-10,55,"146 1,116.90 1,071.64 1,049.74 576.70 449.68 429.24 ""For FedEx Express Multiweight® per-pound rates,"
855,2day_am,4,146,Your Packaging,449.68,9-10,55,"146 1,116.90 1,071.64 1,049.74 576.70 449.68 429.24 ""For FedEx Express Multiweight® per-pound rates,"
